"club_id";"dovecote_id";"feet_no";"tid";"epc";"feather_color";"pigeon_bloodline";"pigeon_eye_sand";"pigeon_team";"created_time"
92;202;"130560";"E2806995200060039D970CA5";"0634E528";"";"";"";"";"2026-01-19 08:37:12.189"
92;202;"130561";"E2806995200070039D96F8A4";"B434C728";"";"";"";"";"2026-01-19 08:37:12.189"
92;202;"130562";"E2806995200060039D9164A4";"C934BE28";"";"";"";"";"2026-01-19 08:37:12.189"
92;202;"130563";"E2806995200060039D9184A6";"5134D028";"";"";"";"";"2026-01-19 08:37:12.189"
92;202;"130564";"E2806995200070039D97A8A3";"3934D128";"";"";"";"";"2026-01-19 08:37:12.188"
92;202;"130565";"E2806995200060039D91BCA4";"CC34DB28";"";"";"";"";"2026-01-19 08:37:12.188"
92;202;"130566";"E2806995200070039D911CA5";"24350028";"";"";"";"";"2026-01-19 08:37:12.188"
92;202;"130567";"E2806995200070039D933C95";"B834C028";"";"";"";"";"2026-01-19 08:37:12.188"
92;202;"130568";"E2806995200070039D9670D3";"B2350D28";"";"";"";"";"2026-01-19 08:37:12.188"
92;202;"130569";"E2806995200060039D9724A3";"5E34DE28";"";"";"";"";"2026-01-19 08:37:12.188"
92;202;"130570";"E2806995200070039D98249E";"0B34DA28";"";"";"";"";"2026-01-19 08:37:12.187"
92;202;"130571";"E2806995200070039D97749D";"A834ED28";"";"";"";"";"2026-01-19 08:37:12.187"
91;102;"520001";"E2806995200070039D9498DD";"8EDF6330";"";"";"";"";"2025-12-27 07:47:58.253"
91;102;"520002";"E2806995200060039D921CDF";"65DF0D30";"";"";"";"";"2025-12-27 07:47:58.253"
91;102;"520003";"E2806995200070039D94DCDE";"5ADF4630";"";"";"";"";"2025-12-27 07:47:58.253"
91;102;"520004";"E2806995200060039D94C0DE";"6D457330";"";"";"";"";"2025-12-27 07:47:58.253"
91;102;"520005";"E2806995200060039D92D8DE";"0ADF2330";"";"";"";"";"2025-12-27 07:47:58.253"
91;102;"520008";"E2806995200070039D9540E0";"78DF6630";"";"";"";"";"2025-12-27 07:47:58.254"
91;102;"520009";"E2806995200070039D90A8DF";"79DF5930";"";"";"";"";"2025-12-27 07:47:58.254"
91;102;"520010";"E2806995200060039D93E0DE";"11DF6E30";"";"";"";"";"2025-12-27 07:47:58.254"
91;102;"520011";"E2806995200060039D911CDF";"9CDF6230";"";"";"";"";"2025-12-27 07:47:58.254"
91;102;"520012";"E2806995200060039D9658DE";"3FDF2230";"";"";"";"";"2025-12-27 07:47:58.254"
91;102;"520017";"E2806995200060039D9964DE";"1BDF3C30";"";"";"";"";"2025-12-27 07:47:58.254"
91;102;"520019";"E2806995200070039D9158DE";"32DF4E30";"";"";"";"";"2025-12-27 07:47:58.254"
91;102;"520021";"E2806995200060039D9860DE";"D0DF1630";"";"";"";"";"2025-12-27 07:47:58.255"
91;102;"520022";"E2806995200070039D9458DE";"F5DF5C30";"";"";"";"";"2025-12-27 07:47:58.255"
91;102;"520023";"E2806995200060039D97ACDD";"F9DF5D30";"";"";"";"";"2025-12-27 07:47:58.255"
91;102;"520025";"E2806995200070039D95D8DE";"C1DF6F30";"";"";"";"";"2025-12-27 07:47:58.255"
91;137;"520026";"E2806995200060039D95A4DD";"39DF2E30";"";"";"";"";"2025-12-27 07:47:58.446"
91;79;"520055";"E2806995200070039D962CDF";"48DF3830";"";"";"";"";"2025-12-27 07:47:58.141"
91;143;"520056";"E2806995200060039D9840DF";"31DF5B30";"";"";"";"";"2025-12-27 07:47:58.470"
91;143;"520057";"E2806995200060039D9948DF";"03DF2530";"";"";"";"";"2025-12-27 07:47:58.470"
91;143;"520058";"E2806995200070039D94A4DD";"33DF4030";"";"";"";"";"2025-12-27 07:47:58.470"
91;143;"520059";"E2806995200070039D9660DE";"DBDF3230";"";"";"";"";"2025-12-27 07:47:58.470"
91;139;"520061";"E2806995200060039D9628DF";"1EDF5130";"";"";"";"";"2025-12-27 07:47:58.454"
91;139;"520062";"E2806995200070039D9194DD";"80DF2430";"";"";"";"";"2025-12-27 07:47:58.454"
91;139;"520063";"E2806995200070039D9750E0";"F2DF2B30";"";"";"";"";"2025-12-27 07:47:58.454"
91;139;"520064";"E2806995200070039D92E0DE";"89DF1B30";"";"";"";"";"2025-12-27 07:47:58.454"
91;139;"520065";"E2806995200070039D93A8DF";"7EDF6730";"";"";"";"";"2025-12-27 07:47:58.454"
91;139;"520066";"E2806995200060039D9558DE";"ADDF2D30";"";"";"";"";"2025-12-27 07:47:58.455"
91;139;"520069";"E2806995200070039D983CDF";"F7DF1230";"";"";"";"";"2025-12-27 07:47:58.455"
91;139;"520070";"E2806995200070039D9844DF";"C6DF3A30";"";"";"";"";"2025-12-27 07:47:58.455"
91;21;"520072";"E2806995200070039D955CDE";"A5DF1330";"";"";"";"";"2025-12-27 07:47:57.830"
91;21;"520073";"E2806995200070039D931CDF";"CEDF6B30";"";"";"";"";"2025-12-27 07:47:57.830"
91;21;"520074";"E2806995200060039D94BCE0";"4ADF1830";"";"";"";"";"2025-12-27 07:47:57.830"
91;21;"520075";"E2806995200060039D96B4DF";"60DF1030";"";"";"";"";"2025-12-27 07:47:57.831"
91;21;"520076";"E2806995200070039D9850E0";"0CDF3E30";"";"";"";"";"2025-12-27 07:47:57.831"
91;21;"520077";"E2806995200070039D94A0DF";"BEDF2830";"";"";"";"";"2025-12-27 07:47:57.831"
91;21;"520078";"E2806995200060039D9328DF";"28DF4830";"";"";"";"";"2025-12-27 07:47:57.831"
91;21;"520079";"E2806995200070039D98D8E0";"94DF2030";"";"";"";"";"2025-12-27 07:47:57.831"
91;21;"520080";"E2806995200070039D996CDE";"19DF4130";"";"";"";"";"2025-12-27 07:47:57.831"
91;2;"520081";"E2806995200060039D92A4DF";"4EDF4B30";"";"";"";"";"2025-12-27 07:47:57.732"
91;2;"520082";"E2806995200060039D949CDD";"13DF6C30";"";"";"";"";"2025-12-27 07:47:57.732"
91;2;"520083";"E2806995200060039D98DCE0";"A3DF4530";"";"";"";"";"2025-12-27 07:47:57.732"
91;2;"520084";"E2806995200070039D9320DF";"4DDF1D30";"";"";"";"";"2025-12-27 07:47:57.732"
91;2;"520085";"E2806995200060039D9734DF";"67DF3030";"";"";"";"";"2025-12-27 07:47:57.732"
91;2;"520086";"E2806995200060039D98CCE2";"CCDF4A30";"";"";"";"";"2025-12-27 07:47:57.732"
91;2;"520087";"E2806995200060039D931CDD";"23DF4F30";"";"";"";"";"2025-12-27 07:47:57.733"
91;2;"520088";"E2806995200070039D984CE2";"54DF3530";"";"";"";"";"2025-12-27 07:47:57.733"
91;2;"520089";"E2806995200060039D9960E0";"7BDF5830";"";"";"";"";"2025-12-27 07:47:57.733"
91;2;"520090";"E2806995200060039D9728DD";"6EDF3630";"";"";"";"";"2025-12-27 07:47:57.733"
91;21;"520091";"E2806995200060039D9140E0";"E1DF2130";"";"";"";"";"2025-12-27 07:47:57.831"
91;21;"520092";"E2806995200060039D90BCE1";"62DF6D30";"";"";"";"";"2025-12-27 07:47:57.831"
91;21;"520093";"E2806995200070039D9138E1";"34DF0E30";"";"";"";"";"2025-12-27 07:47:57.832"
91;21;"520094";"E2806995200070039D95C0E1";"03DF3430";"";"";"";"";"2025-12-27 07:47:57.832"
91;21;"520095";"E2806995200060039D91C4E0";"26DF4930";"";"";"";"";"2025-12-27 07:47:57.832"
91;28;"520096";"E2806995200070039D9440E1";"F1DF2730";"";"";"";"";"2025-12-27 07:47:57.866"
91;28;"520097";"E2806995200060039D9634E2";"A7DF4330";"";"";"";"";"2025-12-27 07:47:57.866"
91;2;"520126";"E2806995200070039D9504DC";"1FDEA530";"";"";"";"";"2025-12-27 07:47:57.728"
91;2;"520127";"E2806995200070039D9130DA";"A3DE8230";"";"";"";"";"2025-12-27 07:47:57.728"
91;2;"520128";"E2806995200060039D9780DC";"83DE5530";"";"";"";"";"2025-12-27 07:47:57.728"
91;2;"520129";"E2806995200070039D9634DF";"5FDEA330";"";"";"";"";"2025-12-27 07:47:57.728"
91;2;"520130";"E2806995200060039D97E8DE";"ECDE7D30";"";"";"";"";"2025-12-27 07:47:57.729"
91;2;"520131";"E2806995200070039D9464DE";"BADE6930";"";"";"";"";"2025-12-27 07:47:57.729"
91;2;"520132";"E2806995200070039D97B8DF";"9FDE6D30";"";"";"";"";"2025-12-27 07:47:57.729"
91;2;"520133";"E2806995200060039D9290DD";"21DE9630";"";"";"";"";"2025-12-27 07:47:57.729"
91;2;"520134";"E2806995200070039D9124DF";"EBDE6830";"";"";"";"";"2025-12-27 07:47:57.729"
91;2;"520135";"E2806995200070039D954CE0";"2BDE5730";"";"";"";"";"2025-12-27 07:47:57.729"
91;180;"520137";"E2806995200070039D9228DF";"1CDE7C30";"";"";"";"";"2025-12-27 07:47:58.624"
91;180;"520138";"E2806995200070039D90BCE0";"41DE4B30";"";"";"";"";"2025-12-27 07:47:58.625"
91;180;"520141";"E2806995200070039D933CE2";"CFDE6330";"";"";"";"";"2025-12-27 07:47:58.625"
91;180;"520142";"E2806995200070039D97D0E1";"E9DE9B30";"";"";"";"";"2025-12-27 07:47:58.625"
91;127;"520151";"E2806995200060039D93C0E3";"D2DE7E30";"";"";"";"";"2025-12-27 07:47:58.392"
91;127;"520152";"E2806995200060039D94C0E1";"9DDE8530";"";"";"";"";"2025-12-27 07:47:58.393"
91;127;"520153";"E2806995200070039D9144E0";"16DE4F30";"";"";"";"";"2025-12-27 07:47:58.393"
91;127;"520155";"E2806995200070039D9960E1";"F8DE9730";"";"";"";"";"2025-12-27 07:47:58.393"
91;127;"520156";"E2806995200070039D9134E2";"C2DE5230";"";"";"";"";"2025-12-27 07:47:58.393"
91;127;"520157";"E2806995200060039D9538E1";"68DE7430";"";"";"";"";"2025-12-27 07:47:58.393"
91;127;"520158";"E2806995200070039D995CE1";"E2DE9830";"";"";"";"";"2025-12-27 07:47:58.393"
91;127;"520159";"E2806995200060039D923CE1";"A1DE6A30";"";"";"";"";"2025-12-27 07:47:58.394"
91;166;"520160";"E2806995200060039D91BCE0";"73DE5430";"";"";"";"";"2025-12-27 07:47:58.570"
91;127;"520161";"E2806995200070039D974CE1";"5CDE5330";"";"";"";"";"2025-12-27 07:47:58.394"
91;127;"520162";"E2806995200060039D943CE1";"31DE4530";"";"";"";"";"2025-12-27 07:47:58.394"
91;127;"520166";"E2806995200070039D93B4E2";"06DE9F30";"";"";"";"";"2025-12-27 07:47:58.394"
91;127;"520167";"E2806995200060039D9640E2";"63DE7830";"";"";"";"";"2025-12-27 07:47:58.394"
91;127;"520168";"E2806995200060039D90B0E2";"69DE9D30";"";"";"";"";"2025-12-27 07:47:58.394"
91;127;"520169";"E2806995200060039D90B8E3";"17DE7F30";"";"";"";"";"2025-12-27 07:47:58.394"
91;127;"520171";"E2806995200070039D94BCE2";"08DE6F30";"";"";"";"";"2025-12-27 07:47:58.395"
91;127;"520172";"E2806995200070039D95C0DD";"56444030";"";"";"";"";"2025-12-27 07:47:58.395"
91;127;"520181";"E2806995200060039D9438E3";"D1DE8630";"";"";"";"";"2025-12-27 07:47:58.395"
91;127;"520185";"E2806995200060039D97CCE1";"A8DE6630";"";"";"";"";"2025-12-27 07:47:58.395"
91;127;"520186";"E2806995200070039D9344E1";"00DE4730";"";"";"";"";"2025-12-27 07:47:58.395"
91;127;"520188";"E2806995200060039D9964E1";"66DE8A30";"";"";"";"";"2025-12-27 07:47:58.395"
91;127;"520189";"E2806995200060039D91BCE3";"78DE6B30";"";"";"";"";"2025-12-27 07:47:58.396"
91;28;"520190";"E2806995200070039D93BCE3";"18DE9030";"";"";"";"";"2025-12-27 07:47:57.863"
91;28;"520191";"E2806995200060039D964CE1";"6CDE5030";"";"";"";"";"2025-12-27 07:47:57.863"
91;28;"520192";"E2806995200060039D9540E1";"6DDE6530";"";"";"";"";"2025-12-27 07:47:57.864"
91;28;"520193";"E2806995200060039D95BCE1";"F6DE8E30";"";"";"";"";"2025-12-27 07:47:57.864"
91;28;"520194";"E2806995200060039D91ACE2";"1BDE9E30";"";"";"";"";"2025-12-27 07:47:57.864"
91;28;"520195";"E2806995200070039D912CE2";"1ADE7730";"";"";"";"";"2025-12-27 07:47:57.866"
91;196;"520201";"E2806995200070039D98E0E1";"F8DD8C30";"";"";"";"";"2025-12-27 07:47:58.700"
91;196;"520202";"E2806995200070039D9334E3";"87DDB530";"";"";"";"";"2025-12-27 07:47:58.701"
91;140;"520203";"E2806995200070039D9338E3";"16DD7C30";"";"";"";"";"2025-12-27 07:47:58.458"
91;196;"520205";"E2806995200060039D9534E2";"C0DD8E30";"";"";"";"";"2025-12-27 07:47:58.701"
91;196;"520206";"E2806995200060039D91B8E2";"A5DDA330";"";"";"";"";"2025-12-27 07:47:58.701"
91;196;"520207";"E2806995200060039D96BCE2";"9DDDB630";"";"";"";"";"2025-12-27 07:47:58.701"
91;196;"520208";"E2806995200070039D9340E3";"B1DD9830";"";"";"";"";"2025-12-27 07:47:58.701"
91;196;"520209";"E2806995200070039D9434E2";"00DD8830";"";"";"";"";"2025-12-27 07:47:58.701"
91;196;"520210";"E2806995200070039D9858E1";"4ADDB330";"";"";"";"";"2025-12-27 07:47:58.702"
91;196;"520211";"E2806995200070039D91B4E3";"EFDDD930";"";"";"";"";"2025-12-27 07:47:58.702"
91;196;"520212";"E2806995200060039D90B4E3";"B3DD7F30";"";"";"";"";"2025-12-27 07:47:58.702"
91;196;"520213";"E2806995200060039D9440E0";"4DDDA230";"";"";"";"";"2025-12-27 07:47:58.702"
91;196;"520214";"E2806995200070039D9444E0";"8ADDC230";"";"";"";"";"2025-12-27 07:47:58.702"
91;196;"520215";"E2806995200070039D9648E1";"5ADDC530";"";"";"";"";"2025-12-27 07:47:58.702"
91;196;"520216";"E2806995200070039D9854E1";"2BDD9030";"";"";"";"";"2025-12-27 07:47:58.703"
91;196;"520217";"E2806995200060039D98E4E1";"F4DD8A30";"";"";"";"";"2025-12-27 07:47:58.703"
91;196;"520219";"E2806995200070039D94B0E2";"9DDD8F30";"";"";"";"";"2025-12-27 07:47:58.703"
91;196;"520220";"E2806995200070039D92BCE1";"6CDDDE30";"";"";"";"";"2025-12-27 07:47:58.703"
91;196;"520221";"E2806995200060039D94A8DF";"48DD9930";"";"";"";"";"2025-12-27 07:47:58.703"
91;196;"520222";"E2806995200070039D9238E1";"5FDD8B30";"";"";"";"";"2025-12-27 07:47:58.703"
91;196;"520223";"E2806995200070039D9330E2";"39DD9330";"";"";"";"";"2025-12-27 07:47:58.704"
91;196;"520224";"E2806995200070039D913CE0";"21DDBD30";"";"";"";"";"2025-12-27 07:47:58.704"
91;196;"520225";"E2806995200060039D93BCE2";"39DDB430";"";"";"";"";"2025-12-27 07:47:58.704"
91;196;"520226";"E2806995200060039D94B8E2";"A9DDD730";"";"";"";"";"2025-12-27 07:47:58.704"
91;196;"520227";"E2806995200070039D98C4E2";"5EDDC130";"";"";"";"";"2025-12-27 07:47:58.704"
91;196;"520228";"E2806995200070039D90B4E1";"67DDCB30";"";"";"";"";"2025-12-27 07:47:58.704"
91;196;"520229";"E2806995200060039D9940E2";"C3DDC430";"";"";"";"";"2025-12-27 07:47:58.705"
91;196;"520230";"E2806995200070039D9138E2";"3EDDCE30";"";"";"";"";"2025-12-27 07:47:58.705"
91;196;"520231";"E2806995200060039D9538E2";"03DDB730";"";"";"";"";"2025-12-27 07:47:58.705"
91;196;"520232";"E2806995200060039D9830DD";"86DDA730";"";"";"";"";"2025-12-27 07:47:58.705"
91;196;"520233";"E2806995200070039D9644E1";"5DDDC030";"";"";"";"";"2025-12-27 07:47:58.705"
91;196;"520234";"E2806995200070039D923CE0";"4ADDC930";"";"";"";"";"2025-12-27 07:47:58.705"
91;196;"520235";"E2806995200060039D98BCDF";"69DDB830";"";"";"";"";"2025-12-27 07:47:58.706"
91;196;"520236";"E2806995200060039D91A4DF";"BBDD9D30";"";"";"";"";"2025-12-27 07:47:58.706"
91;196;"520237";"E2806995200060039D9394DD";"12DDD830";"";"";"";"";"2025-12-27 07:47:58.706"
91;196;"520238";"E2806995200060039D9358DE";"02DDA830";"";"";"";"";"2025-12-27 07:47:58.706"
91;196;"520239";"E2806995200060039D9138E0";"4FDDA530";"";"";"";"";"2025-12-27 07:47:58.707"
91;196;"520240";"E2806995200070039D9954E0";"63DDDB30";"";"";"";"";"2025-12-27 07:47:58.707"
91;70;"520241";"E2806995200070039D91C0E0";"11DDDD30";"";"";"";"";"2025-12-27 07:47:58.099"
91;70;"520242";"E2806995200060039D9430E2";"6FDD9E30";"";"";"";"";"2025-12-27 07:47:58.099"
91;70;"520243";"E2806995200060039D91E4DE";"11DDC730";"";"";"";"";"2025-12-27 07:47:58.099"
91;70;"520245";"E2806995200060039D98D8E1";"13DDC630";"";"";"";"";"2025-12-27 07:47:58.099"
91;70;"520247";"E2806995200060039D98C0E2";"CDDD9A30";"";"";"";"";"2025-12-27 07:47:58.100"
91;70;"520248";"E2806995200060039D90E0DE";"24DDBC30";"";"";"";"";"2025-12-27 07:47:58.100"
91;70;"520249";"E2806995200060039D94A0DD";"6CDDA630";"";"";"";"";"2025-12-27 07:47:58.100"
91;70;"520250";"E2806995200070039D98E0DE";"88DD9C30";"";"";"";"";"2025-12-27 07:47:58.100"
91;70;"520252";"E2806995200070039D919CDF";"6EDD8230";"";"";"";"";"2025-12-27 07:47:58.100"
91;70;"520253";"E2806995200070039D94E0DE";"73DDAB30";"";"";"";"";"2025-12-27 07:47:58.100"
91;70;"520254";"E2806995200070039D941CDD";"14DDBF30";"";"";"";"";"2025-12-27 07:47:58.101"
91;70;"520255";"E2806995200070039D97C0DF";"54DDD230";"";"";"";"";"2025-12-27 07:47:58.101"
91;70;"520256";"E2806995200060039D96DCDE";"50DDCD30";"";"";"";"";"2025-12-27 07:47:58.101"
91;70;"520257";"E2806995200060039D9854E0";"FADDA030";"";"";"";"";"2025-12-27 07:47:58.101"
91;70;"520258";"E2806995200060039D95ACDF";"88DDD130";"";"";"";"";"2025-12-27 07:47:58.101"
91;70;"520259";"E2806995200060039D945CDE";"00DDD030";"";"";"";"";"2025-12-27 07:47:58.101"
91;70;"520260";"E2806995200060039D95E0DE";"4ADDD630";"";"";"";"";"2025-12-27 07:47:58.102"
91;70;"520261";"E2806995200070039D9930DD";"13DD9430";"";"";"";"";"2025-12-27 07:47:58.102"
91;70;"520262";"E2806995200060039D9520DD";"3DDDA130";"";"";"";"";"2025-12-27 07:47:58.102"
91;70;"520263";"E2806995200070039D96E8DE";"DCDD8030";"";"";"";"";"2025-12-27 07:47:58.102"
91;70;"520264";"E2806995200060039D9418DD";"B0DDCF30";"";"";"";"";"2025-12-27 07:47:58.102"
91;70;"520265";"E2806995200060039D9968DE";"43DD9130";"";"";"";"";"2025-12-27 07:47:58.102"
91;70;"520266";"E2806995200070039D90ACE2";"E5DDDC30";"";"";"";"";"2025-12-27 07:47:58.103"
91;15;"520268";"E2806995200070039D9948E2";"A6DD7E30";"";"";"";"";"2025-12-27 07:47:57.792"
91;15;"520269";"E2806995200060039D986CDE";"8BDDA930";"";"";"";"";"2025-12-27 07:47:57.792"
91;15;"520270";"E2806995200060039D97B4DD";"E1DD8D30";"";"";"";"";"2025-12-27 07:47:57.793"
91;15;"520271";"E2806995200070039D92C4E4";"57DD9230";"";"";"";"";"2025-12-27 07:47:57.793"
91;15;"520272";"E2806995200060039D97CCE2";"6BDDD330";"";"";"";"";"2025-12-27 07:47:57.793"
91;15;"520273";"E2806995200060039D95C0E6";"D4DD8430";"";"";"";"";"2025-12-27 07:47:57.793"
91;15;"520274";"E2806995200060039D9330E6";"13DDCC30";"";"";"";"";"2025-12-27 07:47:57.793"
91;15;"520275";"E2806995200070039D9128E5";"CDDD8630";"";"";"";"";"2025-12-27 07:47:57.794"
91;15;"520276";"E2806995200060039D9630DF";"38DDD430";"";"";"";"";"2025-12-27 07:47:57.794"
91;15;"520277";"E2806995200070039D97B0DD";"1FDD7D30";"";"";"";"";"2025-12-27 07:47:57.794"
91;15;"520278";"E2806995200060039D97BCDF";"07DDAA30";"";"";"";"";"2025-12-27 07:47:57.794"
91;15;"520279";"E2806995200070039D9834DD";"8FDD9730";"";"";"";"";"2025-12-27 07:47:57.794"
91;15;"520280";"E2806995200070039D9744DF";"60DDAD30";"";"";"";"";"2025-12-27 07:47:57.794"
91;15;"520281";"E2806995200060039D91D8DE";"F7DD8530";"";"";"";"";"2025-12-27 07:47:57.794"
91;15;"520283";"E2806995200070039D96DCE5";"97DDC330";"";"";"";"";"2025-12-27 07:47:57.794"
91;15;"520284";"E2806995200070039D9638E3";"EEDDDA30";"";"";"";"";"2025-12-27 07:47:57.795"
91;15;"520285";"E2806995200060039D9190DD";"2CDDD530";"";"";"";"";"2025-12-27 07:47:57.795"
91;15;"520286";"E2806995200060039D98E4DE";"42DDBA30";"";"";"";"";"2025-12-27 07:47:57.795"
91;15;"520287";"E2806995200070039D994CE3";"EADDAE30";"";"";"";"";"2025-12-27 07:47:57.795"
91;15;"520289";"E2806995200070039D98B8DF";"C7DDA430";"";"";"";"";"2025-12-27 07:47:57.795"
91;15;"520290";"E2806995200060039D97E4DE";"1FDDBB30";"";"";"";"";"2025-12-27 07:47:57.795"
91;15;"520291";"E2806995200060039D953CE5";"2FDDDF30";"";"";"";"";"2025-12-27 07:47:57.795"
91;15;"520292";"E2806995200060039D96B0DD";"ECDD8730";"";"";"";"";"2025-12-27 07:47:57.796"
91;41;"520298";"E2806995200060039D9414DD";"8BDD8330";"";"";"";"";"2025-12-27 07:47:57.934"
91;41;"520299";"E2806995200070039D95A8DF";"19DD9630";"";"";"";"";"2025-12-27 07:47:57.934"
91;49;"520301";"E2806995200070039D96B8E2";"43B5BD30";"";"";"";"";"2025-12-27 07:47:57.974"
91;49;"520302";"E2806995200070039D90B8E2";"E6B5A530";"";"";"";"";"2025-12-27 07:47:57.975"
91;49;"520303";"E2806995200060039D9240E0";"65B5EE30";"";"";"";"";"2025-12-27 07:47:57.975"
91;49;"520304";"E2806995200070039D91C0E3";"CAB5F330";"";"";"";"";"2025-12-27 07:47:57.975"
91;49;"520305";"E2806995200060039D933CE3";"5EB5BB30";"";"";"";"";"2025-12-27 07:47:57.975"
91;49;"520306";"E2806995200060039D9850E1";"F0B5AD30";"";"";"";"";"2025-12-27 07:47:57.975"
91;49;"520307";"E2806995200070039D9244E0";"CBB5F230";"";"";"";"";"2025-12-27 07:47:57.975"
91;49;"520308";"E2806995200070039D94BCE1";"2CB5E030";"";"";"";"";"2025-12-27 07:47:57.975"
91;49;"520309";"E2806995200070039D93BCE0";"59B5C430";"";"";"";"";"2025-12-27 07:47:57.975"
91;49;"520310";"E2806995200070039D96CCE1";"ECB5B430";"";"";"";"";"2025-12-27 07:47:57.976"
91;49;"520311";"E2806995200060039D9338E2";"4DB5DD30";"";"";"";"";"2025-12-27 07:47:57.976"
91;49;"520312";"E2806995200060039D92BCE3";"03B5F430";"";"";"";"";"2025-12-27 07:47:57.976"
91;49;"520313";"E2806995200060039D94B4E2";"DCB5D930";"";"";"";"";"2025-12-27 07:47:57.976"
91;49;"520314";"E2806995200060039D994CE2";"4FB5B130";"";"";"";"";"2025-12-27 07:47:57.976"
91;49;"520315";"E2806995200060039D9234E3";"09B5F130";"";"";"";"";"2025-12-27 07:47:57.976"
91;49;"520316";"E2806995200070039D96D8E1";"AAB5ED30";"";"";"";"";"2025-12-27 07:47:57.976"
91;49;"520317";"E2806995200060039D9140E3";"64B5A930";"";"";"";"";"2025-12-27 07:47:57.976"
91;49;"520318";"E2806995200070039D90B4E2";"10B5AB30";"";"";"";"";"2025-12-27 07:47:57.977"
91;49;"520319";"E2806995200070039D9650E1";"30B5EF30";"";"";"";"";"2025-12-27 07:47:57.977"
91;49;"520320";"E2806995200070039D92B8E3";"5AB5C730";"";"";"";"";"2025-12-27 07:47:57.977"
91;49;"520321";"E2806995200060039D9230E2";"14B5C330";"";"";"";"";"2025-12-27 07:47:57.977"
91;49;"520322";"E2806995200060039D92ACE2";"96B5CF30";"";"";"";"";"2025-12-27 07:47:57.977"
91;49;"520323";"E2806995200070039D92B4E3";"04B5BF30";"";"";"";"";"2025-12-27 07:47:57.977"
91;49;"520324";"E2806995200070039D9238E2";"47B5B330";"";"";"";"";"2025-12-27 07:47:57.977"
91;49;"520325";"E2806995200060039D9134E3";"ADB5DB30";"";"";"";"";"2025-12-27 07:47:57.978"
91;49;"520326";"E2806995200060039D9444E1";"BDB5C630";"";"";"";"";"2025-12-27 07:47:57.978"
91;49;"520327";"E2806995200060039D90C0E3";"5AB5F630";"";"";"";"";"2025-12-27 07:47:57.978"
91;49;"520328";"E2806995200070039D92C4E1";"BAB5CC30";"";"";"";"";"2025-12-27 07:47:57.978"
91;49;"520329";"E2806995200060039D9844E2";"2FB5D030";"";"";"";"";"2025-12-27 07:47:57.978"
91;49;"520330";"E2806995200060039D9748E2";"BFB5BC30";"";"";"";"";"2025-12-27 07:47:57.978"
91;49;"520331";"E2806995200060039D9750E1";"02B5F030";"";"";"";"";"2025-12-27 07:47:57.978"
91;49;"520332";"E2806995200070039D97C4E2";"13B5D530";"";"";"";"";"2025-12-27 07:47:57.978"
91;49;"520333";"E2806995200060039D93C0E0";"0BB5B230";"";"";"";"";"2025-12-27 07:47:57.979"
91;49;"520334";"E2806995200070039D90C0E1";"1CB5B630";"";"";"";"";"2025-12-27 07:47:57.979"
91;49;"520335";"E2806995200060039D9344E0";"A5B5A630";"";"";"";"";"2025-12-27 07:47:57.979"
91;41;"520336";"E2806995200060039D973CE2";"7FB5B030";"";"";"";"";"2025-12-27 07:47:57.932"
91;41;"520337";"E2806995200060039D92B8E2";"88B5E530";"";"";"";"";"2025-12-27 07:47:57.932"
91;41;"520338";"E2806995200070039D92B8E0";"CDB5B730";"";"";"";"";"2025-12-27 07:47:57.932"
91;41;"520339";"E2806995200070039D91B0E2";"BDB5A730";"";"";"";"";"2025-12-27 07:47:57.932"
91;41;"520340";"E2806995200060039D9130E2";"8DB5AE30";"";"";"";"";"2025-12-27 07:47:57.932"
91;41;"520341";"E2806995200070039D98DCE1";"A9B5F730";"";"";"";"";"2025-12-27 07:47:57.933"
91;41;"520342";"E2806995200070039D98C8E2";"B0B5AA30";"";"";"";"";"2025-12-27 07:47:57.933"
91;41;"520343";"E2806995200060039D9334E2";"41B5BA30";"";"";"";"";"2025-12-27 07:47:57.933"
91;41;"520344";"E2806995200070039D95B4E2";"E8B5E230";"";"";"";"";"2025-12-27 07:47:57.933"
91;41;"520345";"E2806995200070039D9438E2";"7AB5DC30";"";"";"";"";"2025-12-27 07:47:57.933"
91;41;"520346";"E2806995200070039D95B8E1";"11B5EB30";"";"";"";"";"2025-12-27 07:47:57.933"
91;41;"520347";"E2806995200070039D923CE3";"ACB5A030";"";"";"";"";"2025-12-27 07:47:57.933"
91;41;"520348";"E2806995200070039D93C8E0";"6DB5F530";"";"";"";"";"2025-12-27 07:47:57.934"
91;41;"520349";"E2806995200060039D943CE2";"86B5DF30";"";"";"";"";"2025-12-27 07:47:57.934"
91;22;"520351";"E2806995200070039D90BCE3";"3AB59D30";"";"";"";"";"2025-12-27 07:47:57.832"
91;22;"520352";"E2806995200060039D91C0E1";"B3B5E830";"";"";"";"";"2025-12-27 07:47:57.832"
91;22;"520353";"E2806995200070039D97E4E5";"AAB5BE30";"";"";"";"";"2025-12-27 07:47:57.833"
91;22;"520354";"E2806995200070039D9538E5";"93B5CA30";"";"";"";"";"2025-12-27 07:47:57.833"
91;22;"520359";"E2806995200070039D94C0E3";"6AB5C930";"";"";"";"";"2025-12-27 07:47:57.833"
91;22;"520360";"E2806995200070039D9338E5";"06B5D330";"";"";"";"";"2025-12-27 07:47:57.833"
91;22;"520361";"E2806995200070039D9828CE";"2FB5CB30";"";"";"";"";"2025-12-27 07:47:57.833"
91;22;"520362";"E2806995200060039D9248E4";"2CB5C030";"";"";"";"";"2025-12-27 07:47:57.833"
91;22;"520363";"E2806995200070039D9344E4";"1FB5FE30";"";"";"";"";"2025-12-27 07:47:57.833"
91;22;"520364";"E2806995200060039D9864E5";"3CB5D130";"";"";"";"";"2025-12-27 07:47:57.834"
91;22;"520366";"E2806995200060039D98D4E4";"00B5E630";"";"";"";"";"2025-12-27 07:47:57.834"
91;22;"520367";"E2806995200060039D954CE4";"83B5F830";"";"";"";"";"2025-12-27 07:47:57.834"
91;22;"520368";"E2806995200060039D98BCCE";"3DB5A130";"";"";"";"";"2025-12-27 07:47:57.834"
91;22;"520369";"E2806995200060039D9238E5";"35B5C230";"";"";"";"";"2025-12-27 07:47:57.834"
91;22;"520371";"E2806995200070039D98D4E3";"8BB5EC30";"";"";"";"";"2025-12-27 07:47:57.834"
91;22;"520372";"E2806995200070039D90B0E5";"6FB5D230";"";"";"";"";"2025-12-27 07:47:57.834"
91;22;"520373";"E2806995200060039D9924CD";"80B5E730";"";"";"";"";"2025-12-27 07:47:57.834"
91;22;"520374";"E2806995200070039D96E0E5";"68B5EA30";"";"";"";"";"2025-12-27 07:47:57.835"
91;22;"520375";"E2806995200060039D9834CE";"58B5FC30";"";"";"";"";"2025-12-27 07:47:57.835"
91;22;"520376";"E2806995200070039D93CCE4";"EEB59C30";"";"";"";"";"2025-12-27 07:47:57.835"
91;22;"520377";"E2806995200060039D95C0E5";"6AB59E30";"";"";"";"";"2025-12-27 07:47:57.835"
91;22;"520378";"E2806995200060039D98C4E6";"39B5CE30";"";"";"";"";"2025-12-27 07:47:57.835"
91;22;"520379";"E2806995200070039D95C8E5";"3CB5D830";"";"";"";"";"2025-12-27 07:47:57.835"
91;22;"520380";"E2806995200070039D9950E4";"3FB5F930";"";"";"";"";"2025-12-27 07:47:57.835"
91;22;"520381";"E2806995200060039D9810CD";"A4B5DE30";"";"";"";"";"2025-12-27 07:47:57.836"
91;22;"520382";"E2806995200070039D91C8E4";"BAB5FF30";"";"";"";"";"2025-12-27 07:47:57.836"
91;22;"520384";"E2806995200070039D9940CE";"5BB5E430";"";"";"";"";"2025-12-27 07:47:57.836"
91;22;"520385";"E2806995200060039D97D4E4";"C8B5D630";"";"";"";"";"2025-12-27 07:47:57.836"
91;22;"520387";"E2806995200070039D95BCE5";"F6B5B830";"";"";"";"";"2025-12-27 07:47:57.836"
91;22;"520388";"E2806995200060039D96E4E5";"37B5FD30";"";"";"";"";"2025-12-27 07:47:57.836"
91;22;"520389";"E2806995200060039D98C8E3";"0AB5FA30";"";"";"";"";"2025-12-27 07:47:57.836"
91;22;"520390";"E2806995200060039D95C4E4";"85B5B530";"";"";"";"";"2025-12-27 07:47:57.836"
91;22;"520391";"E2806995200070039D9754E4";"01B5A430";"";"";"";"";"2025-12-27 07:47:57.837"
91;22;"520393";"E2806995200060039D95B4E3";"C9B5D730";"";"";"";"";"2025-12-27 07:47:57.837"
91;22;"520394";"E2806995200060039D964CE4";"D4B5C530";"";"";"";"";"2025-12-27 07:47:57.837"
91;49;"520396";"E2806995200060039D9960E5";"35B5E330";"";"";"";"";"2025-12-27 07:47:57.979"
91;51;"520401";"E2806995200070039D94C4DE";"93456C30";"";"";"";"";"2025-12-27 07:47:57.980"
91;51;"520403";"E2806995200070039D96CCE4";"66E05730";"";"";"";"";"2025-12-27 07:47:57.980"
91;51;"520404";"E2806995200070039D9940E6";"70E09830";"";"";"";"";"2025-12-27 07:47:57.980"
91;51;"520405";"E2806995200070039D9748E3";"17E07030";"";"";"";"";"2025-12-27 07:47:57.980"
91;51;"520406";"E2806995200060039D9850E4";"B8E05630";"";"";"";"";"2025-12-27 07:47:57.980"
91;51;"520407";"E2806995200060039D94C0E4";"C4E07430";"";"";"";"";"2025-12-27 07:47:57.980"
91;51;"520408";"E2806995200060039D9144E4";"0CE07A30";"";"";"";"";"2025-12-27 07:47:57.981"
91;83;"520501";"E2806995200070039D90C4E0";"CA038630";"";"";"";"";"2025-12-27 07:47:58.162"
91;83;"520502";"E2806995200060039D95B8E6";"39037E30";"";"";"";"";"2025-12-27 07:47:58.162"
91;83;"520503";"E2806995200070039D9890CD";"C0038830";"";"";"";"";"2025-12-27 07:47:58.165"
91;83;"520505";"E2806995200070039D980CCD";"42036B30";"";"";"";"";"2025-12-27 07:47:58.165"
91;83;"520506";"E2806995200060039D996CE5";"61037C30";"";"";"";"";"2025-12-27 07:47:58.165"
91;83;"520507";"E2806995200060039D97C8E3";"51035430";"";"";"";"";"2025-12-27 07:47:58.166"
91;83;"520508";"E2806995200060039D94BCE3";"07038030";"";"";"";"";"2025-12-27 07:47:58.166"
91;83;"520509";"E2806995200060039D9740E3";"F9034B30";"";"";"";"";"2025-12-27 07:47:58.166"
91;83;"520510";"E2806995200060039D9238E3";"08035B30";"";"";"";"";"2025-12-27 07:47:58.166"
91;83;"520511";"E2806995200070039D94C4E4";"BE035F30";"";"";"";"";"2025-12-27 07:47:58.166"
91;83;"520512";"E2806995200060039D9944E6";"6F038730";"";"";"";"";"2025-12-27 07:47:58.167"
91;83;"520513";"E2806995200070039D974CE4";"E1037B30";"";"";"";"";"2025-12-27 07:47:58.167"
91;83;"520514";"E2806995200060039D984CE3";"A4036530";"";"";"";"";"2025-12-27 07:47:58.167"
91;83;"520516";"E2806995200060039D96B8E3";"08036D30";"";"";"";"";"2025-12-27 07:47:58.167"
91;83;"520517";"E2806995200070039D91BCE4";"8B039C30";"";"";"";"";"2025-12-27 07:47:58.167"
91;83;"520518";"E2806995200070039D9640E3";"3B035130";"";"";"";"";"2025-12-27 07:47:58.167"
91;83;"520519";"E2806995200060039D93C4E4";"2D036030";"";"";"";"";"2025-12-27 07:47:58.168"
91;83;"520520";"E2806995200070039D90B8E4";"27039E30";"";"";"";"";"2025-12-27 07:47:58.168"
91;83;"520521";"E2806995200060039D9840E6";"C6035C30";"";"";"";"";"2025-12-27 07:47:58.168"
91;17;"520543";"E2806995200060039D93B4E6";"3E035330";"";"";"";"";"2025-12-27 07:47:57.798"
91;17;"520545";"E2806995200070039D9430E6";"52037530";"";"";"";"";"2025-12-27 07:47:57.798"
91;17;"520546";"E2806995200070039D92B8E6";"5D038130";"";"";"";"";"2025-12-27 07:47:57.798"
91;17;"520547";"E2806995200060039D9434E6";"5D038E30";"";"";"";"";"2025-12-27 07:47:57.799"
91;17;"520548";"E2806995200060039D9738E6";"98036830";"";"";"";"";"2025-12-27 07:47:57.799"
91;17;"520549";"E2806995200060039D92CCE4";"23035730";"";"";"";"";"2025-12-27 07:47:57.799"
91;17;"520550";"E2806995200070039D9534E3";"CA034630";"";"";"";"";"2025-12-27 07:47:57.799"
91;17;"520551";"E2806995200060039D92B0E6";"02035630";"";"";"";"";"2025-12-27 07:47:57.799"
91;17;"520552";"E2806995200070039D9640E6";"CF038B30";"";"";"";"";"2025-12-27 07:47:57.799"
91;17;"520553";"E2806995200060039D9734E6";"AC039130";"";"";"";"";"2025-12-27 07:47:57.799"
91;17;"520554";"E2806995200070039D97D8E5";"89034530";"";"";"";"";"2025-12-27 07:47:57.800"
91;17;"520555";"E2806995200060039D90C4E4";"8C039330";"";"";"";"";"2025-12-27 07:47:57.800"
91;17;"520557";"E2806995200070039D9968E5";"CC039D30";"";"";"";"";"2025-12-27 07:47:57.800"
91;17;"520558";"E2806995200070039D97C0E3";"5D037D30";"";"";"";"";"2025-12-27 07:47:57.800"
91;17;"520560";"E2806995200070039D9130E5";"9C034430";"";"";"";"";"2025-12-27 07:47:57.801"
91;17;"520561";"E2806995200070039D9518DD";"06037130";"";"";"";"";"2025-12-27 07:47:57.801"
91;17;"520562";"E2806995200070039D992CCD";"7D03A130";"";"";"";"";"2025-12-27 07:47:57.801"
91;17;"520567";"E2806995200060039D91A8E5";"B1035A30";"";"";"";"";"2025-12-27 07:47:57.801"
91;17;"520568";"E2806995200070039D9634E6";"0D039B30";"";"";"";"";"2025-12-27 07:47:57.802"
91;17;"520569";"E2806995200060039D95B8E5";"55036930";"";"";"";"";"2025-12-27 07:47:57.802"
91;17;"520570";"E2806995200060039D9894CD";"CE039230";"";"";"";"";"2025-12-27 07:47:57.802"
91;17;"520572";"E2806995200060039D96B4E6";"CC039930";"";"";"";"";"2025-12-27 07:47:57.802"
91;17;"520573";"E2806995200060039D97DCE5";"10037230";"";"";"";"";"2025-12-27 07:47:57.803"
91;17;"520574";"E2806995200070039D95BCE3";"F5037430";"";"";"";"";"2025-12-27 07:47:57.803"
91;17;"520575";"E2806995200070039D98C0E6";"03038930";"";"";"";"";"2025-12-27 07:47:57.803"
91;17;"520576";"E2806995200060039D9340E4";"41036C30";"";"";"";"";"2025-12-27 07:47:57.803"
91;17;"520578";"E2806995200070039D9538E6";"0D034F30";"";"";"";"";"2025-12-27 07:47:57.803"
91;17;"520579";"E2806995200060039D96B8E6";"5E034230";"";"";"";"";"2025-12-27 07:47:57.804"
91;17;"520581";"E2806995200060039D95D0E4";"03036330";"";"";"";"";"2025-12-27 07:47:57.804"
91;17;"520582";"E2806995200060039D97E0E5";"C8038A30";"";"";"";"";"2025-12-27 07:47:57.804"
91;17;"520583";"E2806995200060039D95C8E4";"EF037F30";"";"";"";"";"2025-12-27 07:47:57.804"
91;17;"520584";"E2806995200060039D985CE4";"3C03A230";"";"";"";"";"2025-12-27 07:47:57.805"
91;17;"520585";"E2806995200070039D9848E3";"A9038230";"";"";"";"";"2025-12-27 07:47:57.805"
91;17;"520586";"E2806995200070039D9348E4";"29039030";"";"";"";"";"2025-12-27 07:47:57.805"
91;17;"520587";"E2806995200060039D9438E6";"9E035830";"";"";"";"";"2025-12-27 07:47:57.805"
91;17;"520588";"E2806995200060039D9750E4";"C0038430";"";"";"";"";"2025-12-27 07:47:57.805"
91;17;"520589";"E2806995200070039D93B8E1";"D6036630";"";"";"";"";"2025-12-27 07:47:57.805"
91;17;"520591";"E2806995200060039D9530E6";"92037330";"";"";"";"";"2025-12-27 07:47:57.806"
91;17;"520592";"E2806995200070039D9744E3";"63036E30";"";"";"";"";"2025-12-27 07:47:57.806"
91;17;"520593";"E2806995200060039D95C0E3";"CC036230";"";"";"";"";"2025-12-27 07:47:57.806"
91;17;"520594";"E2806995200070039D92ACE5";"8C034730";"";"";"";"";"2025-12-27 07:47:57.806"
91;17;"520595";"E2806995200060039D91B0E5";"5B038D30";"";"";"";"";"2025-12-27 07:47:57.806"
91;17;"520596";"E2806995200060039D97CCE4";"70039530";"";"";"";"";"2025-12-27 07:47:57.806"
91;17;"520597";"E2806995200070039D973CE6";"66037730";"";"";"";"";"2025-12-27 07:47:57.806"
91;17;"520598";"E2806995200060039D96C0E6";"6F038530";"";"";"";"";"2025-12-27 07:47:57.807"
91;17;"520599";"E2806995200060039D93B8E6";"5F039F30";"";"";"";"";"2025-12-27 07:47:57.807"
91;17;"520600";"E2806995200070039D943CE3";"64039830";"";"";"";"";"2025-12-27 07:47:57.798"
91;129;"520601";"E2806995200070039D91B8E0";"BCD98630";"";"";"";"";"2025-12-27 07:47:58.400"
91;129;"520602";"E2806995200060039D98A8CE";"C7D97030";"";"";"";"";"2025-12-27 07:47:58.400"
91;129;"520603";"E2806995200060039D93C4E1";"A0D98B30";"";"";"";"";"2025-12-27 07:47:58.401"
91;129;"520604";"E2806995200060039D90BCE4";"A2D94330";"";"";"";"";"2025-12-27 07:47:58.401"
91;129;"520605";"E2806995200060039D9244E1";"F0D96D30";"";"";"";"";"2025-12-27 07:47:58.401"
91;129;"520606";"E2806995200060039D97D8E1";"29D93C30";"";"";"";"";"2025-12-27 07:47:58.401"
91;129;"520607";"E2806995200070039D90C0E4";"F0D93530";"";"";"";"";"2025-12-27 07:47:58.401"
91;129;"520608";"E2806995200060039D90C0E0";"DAD98530";"";"";"";"";"2025-12-27 07:47:58.401"
91;129;"520609";"E2806995200070039D9840E2";"A9D97B30";"";"";"";"";"2025-12-27 07:47:58.401"
91;129;"520610";"E2806995200060039D993CE6";"13D94830";"";"";"";"";"2025-12-27 07:47:58.402"
91;129;"520611";"E2806995200070039D9240E1";"98D95130";"";"";"";"";"2025-12-27 07:47:58.402"
91;129;"520612";"E2806995200070039D92C0E0";"27D93F30";"";"";"";"";"2025-12-27 07:47:58.402"
91;129;"520613";"E2806995200070039D96D4E1";"DFD93030";"";"";"";"";"2025-12-27 07:47:58.402"
91;129;"520614";"E2806995200070039D9954E3";"34D99330";"";"";"";"";"2025-12-27 07:47:58.402"
91;129;"520615";"E2806995200060039D9848E2";"92D97930";"";"";"";"";"2025-12-27 07:47:58.402"
91;129;"520616";"E2806995200070039D9140E1";"39D94D30";"";"";"";"";"2025-12-27 07:47:58.402"
91;129;"520617";"E2806995200070039D98DCE7";"2ED94930";"";"";"";"";"2025-12-27 07:47:58.403"
91;129;"520618";"E2806995200060039D9238E9";"36D95C30";"";"";"";"";"2025-12-27 07:47:58.403"
91;129;"520619";"E2806995200060039D9744E2";"F4D93430";"";"";"";"";"2025-12-27 07:47:58.403"
91;129;"520620";"E2806995200060039D9448E4";"67D94F30";"";"";"";"";"2025-12-27 07:47:58.403"
91;129;"520621";"E2806995200060039D9340E1";"5FD99230";"";"";"";"";"2025-12-27 07:47:58.403"
91;129;"520622";"E2806995200070039D9540E3";"11D98A30";"";"";"";"";"2025-12-27 07:47:58.403"
91;129;"520623";"E2806995200070039D93B0E6";"EAD96C30";"";"";"";"";"2025-12-27 07:47:58.403"
91;129;"520624";"E2806995200060039D9144E1";"02D96030";"";"";"";"";"2025-12-27 07:47:58.404"
91;129;"520625";"E2806995200060039D92C4E0";"45D96F30";"";"";"";"";"2025-12-27 07:47:58.404"
91;129;"520626";"E2806995200070039D95B8E2";"A7D95230";"";"";"";"";"2025-12-27 07:47:58.404"
91;129;"520627";"E2806995200070039D93C4E0";"23D94B30";"";"";"";"";"2025-12-27 07:47:58.404"
91;129;"520628";"E2806995200070039D9758E1";"D2D95330";"";"";"";"";"2025-12-27 07:47:58.404"
91;129;"520629";"E2806995200060039D9928CD";"5ED95E30";"";"";"";"";"2025-12-27 07:47:58.404"
91;129;"520630";"E2806995200060039D90BCE7";"F8D97130";"";"";"";"";"2025-12-27 07:47:58.404"
91;129;"520631";"E2806995200060039D9740E6";"22D96830";"";"";"";"";"2025-12-27 07:47:58.405"
91;129;"520632";"E2806995200060039D95B4E6";"DFD93D30";"";"";"";"";"2025-12-27 07:47:58.405"
91;129;"520633";"E2806995200070039D97C0E6";"8CD93230";"";"";"";"";"2025-12-27 07:47:58.405"
91;129;"520634";"E2806995200060039D94B0E6";"EAD94630";"";"";"";"";"2025-12-27 07:47:58.405"
91;129;"520636";"E2806995200060039D993CE9";"F9D93630";"";"";"";"";"2025-12-27 07:47:58.405"
91;129;"520637";"E2806995200060039D912CE6";"AAD96E30";"";"";"";"";"2025-12-27 07:47:58.405"
91;129;"520638";"E2806995200070039D96BCE9";"04D93930";"";"";"";"";"2025-12-27 07:47:58.405"
91;129;"520639";"E2806995200070039D973CE9";"9BD98130";"";"";"";"";"2025-12-27 07:47:58.406"
91;129;"520640";"E2806995200060039D98ECEA";"CFD97E30";"";"";"";"";"2025-12-27 07:47:58.406"
91;129;"520641";"E2806995200060039D97C8E9";"9ED95830";"";"";"";"";"2025-12-27 07:47:58.406"
91;129;"520642";"E2806995200070039D96983B";"A5D98D30";"";"";"";"";"2025-12-27 07:47:58.406"
91;129;"520643";"E2806995200070039D9180EB";"0CD96730";"";"";"";"";"2025-12-27 07:47:58.406"
91;129;"520644";"E2806995200060039D963CE9";"FCD94430";"";"";"";"";"2025-12-27 07:47:58.407"
91;129;"520645";"E2806995200060039D9340E8";"41D96B30";"";"";"";"";"2025-12-27 07:47:58.407"
91;129;"520646";"E2806995200060039D95E8EA";"9DD97D30";"";"";"";"";"2025-12-27 07:47:58.407"
91;129;"520647";"E2806995200060039D91B0E6";"2CD95A30";"";"";"";"";"2025-12-27 07:47:58.407"
91;129;"520648";"E2806995200070039D94E8EA";"F0D93B30";"";"";"";"";"2025-12-27 07:47:58.407"
91;129;"520649";"E2806995200060039D95C4E7";"0FD94530";"";"";"";"";"2025-12-27 07:47:58.408"
91;129;"520650";"E2806995200070039D90C0E7";"F3D97A30";"";"";"";"";"2025-12-27 07:47:58.408"
91;129;"520651";"E2806995200060039D91B8E8";"B5D98030";"";"";"";"";"2025-12-27 07:47:58.408"
91;129;"520652";"E2806995200070039D94C03B";"67D93730";"";"";"";"";"2025-12-27 07:47:58.408"
91;129;"520653";"E2806995200060039D9640E8";"E0D95F30";"";"";"";"";"2025-12-27 07:47:58.408"
91;13;"520655";"E2806995200070039D91ACE9";"E6D93A30";"";"";"";"";"2025-12-27 07:47:57.781"
91;13;"520656";"E2806995200070039D9150EA";"DED97730";"";"";"";"";"2025-12-27 07:47:57.781"
91;13;"520663";"E2806995200060039D91B4E8";"B4D94E30";"";"";"";"";"2025-12-27 07:47:57.781"
91;13;"520665";"E2806995200070039D9494EB";"21D96230";"";"";"";"";"2025-12-27 07:47:57.782"
91;13;"520668";"E2806995200060039D910CEB";"3AD96530";"";"";"";"";"2025-12-27 07:47:57.782"
91;168;"520670";"E2806995200070039D9638E9";"06D98C30";"";"";"";"";"2025-12-27 07:47:58.578"
91;168;"520671";"E2806995200070039D9848E9";"97D96A30";"";"";"";"";"2025-12-27 07:47:58.578"
91;168;"520672";"E2806995200070039D90A8E9";"10D95730";"";"";"";"";"2025-12-27 07:47:58.578"
91;168;"520673";"E2806995200060039D90ACE6";"94D93130";"";"";"";"";"2025-12-27 07:47:58.578"
91;168;"520676";"E2806995200070039D91BCE8";"2FD94A30";"";"";"";"";"2025-12-27 07:47:58.579"
91;168;"520677";"E2806995200070039D93403B";"3ED98730";"";"";"";"";"2025-12-27 07:47:58.579"
91;168;"520678";"E2806995200060039D96E4EA";"5DD94230";"";"";"";"";"2025-12-27 07:47:58.579"
91;168;"520679";"E2806995200070039D9130E6";"4ED94C30";"";"";"";"";"2025-12-27 07:47:58.579"
91;168;"520680";"E2806995200070039D94883B";"20D97530";"";"";"";"";"2025-12-27 07:47:58.579"
91;168;"520681";"E2806995200070039D96543B";"10D99030";"";"";"";"";"2025-12-27 07:47:58.579"
91;168;"520682";"E2806995200070039D9410EB";"DCD98830";"";"";"";"";"2025-12-27 07:47:58.579"
91;168;"520683";"E2806995200070039D963CE2";"CFD97230";"";"";"";"";"2025-12-27 07:47:58.580"
91;40;"520687";"E2806995200060039D94C43B";"5AD93E30";"";"";"";"";"2025-12-27 07:47:57.930"
91;40;"520688";"E2806995200060039D90D4EA";"74D95930";"";"";"";"";"2025-12-27 07:47:57.930"
91;40;"520689";"E2806995200070039D94BCE7";"5BD95B30";"";"";"";"";"2025-12-27 07:47:57.930"
91;40;"520690";"E2806995200060039D9868EA";"A5D95630";"";"";"";"";"2025-12-27 07:47:57.930"
91;40;"520691";"E2806995200060039D9288EB";"54D96130";"";"";"";"";"2025-12-27 07:47:57.930"
91;40;"520692";"E2806995200060039D94E0EA";"56D97830";"";"";"";"";"2025-12-27 07:47:57.930"
91;40;"520693";"E2806995200060039D9560EA";"F5D96630";"";"";"";"";"2025-12-27 07:47:57.931"
91;40;"520694";"E2806995200060039D96D43B";"17D95D30";"";"";"";"";"2025-12-27 07:47:57.931"
91;40;"520695";"E2806995200060039D948C3B";"DCD97630";"";"";"";"";"2025-12-27 07:47:57.931"
91;40;"520696";"E2806995200060039D923CE8";"4FD95430";"";"";"";"";"2025-12-27 07:47:57.931"
91;40;"520697";"E2806995200060039D94403B";"5ED94030";"";"";"";"";"2025-12-27 07:47:57.931"
91;40;"520698";"E2806995200070039D9230E6";"BBD98430";"";"";"";"";"2025-12-27 07:47:57.931"
91;40;"520699";"E2806995200060039D924CEA";"9AD94730";"";"";"";"";"2025-12-27 07:47:57.932"
91;40;"520700";"E2806995200060039D94DCEA";"8CD97330";"";"";"";"";"2025-12-27 07:47:57.930"
91;42;"520702";"E2806995200060039D9234E6";"ACFE0330";"";"";"";"";"2025-12-27 07:47:57.936"
91;42;"520703";"E2806995200070039D98E0E7";"EFFE2C30";"";"";"";"";"2025-12-27 07:47:57.937"
91;42;"520705";"E2806995200070039D93DCEA";"C5FE2830";"";"";"";"";"2025-12-27 07:47:57.937"
91;42;"520706";"E2806995200060039D994CE8";"65FE0930";"";"";"";"";"2025-12-27 07:47:57.937"
91;42;"520707";"E2806995200070039D9344E8";"F2FE3D30";"";"";"";"";"2025-12-27 07:47:57.937"
91;42;"520709";"E2806995200060039D97C4E9";"17FDFC30";"";"";"";"";"2025-12-27 07:47:57.937"
91;42;"520710";"E2806995200060039D9444E8";"64FE3430";"";"";"";"";"2025-12-27 07:47:57.938"
91;42;"520711";"E2806995200060039D964CE8";"05FE4F30";"";"";"";"";"2025-12-27 07:47:57.938"
91;42;"520712";"E2806995200070039D9140E7";"BEFE3930";"";"";"";"";"2025-12-27 07:47:57.938"
91;42;"520713";"E2806995200070039D96CCE8";"0DFE3730";"";"";"";"";"2025-12-27 07:47:57.938"
91;42;"520714";"E2806995200060039D90CCEA";"44FDFB30";"";"";"";"";"2025-12-27 07:47:57.938"
91;42;"520715";"E2806995200070039D94C4E7";"D0FE1530";"";"";"";"";"2025-12-27 07:47:57.938"
91;42;"520718";"E2806995200070039D98D0E8";"E3FE3F30";"";"";"";"";"2025-12-27 07:47:57.938"
91;42;"520719";"E2806995200060039D91C0E8";"0AFE1830";"";"";"";"";"2025-12-27 07:47:57.938"
91;42;"520720";"E2806995200060039D97CCE7";"EAFE0D30";"";"";"";"";"2025-12-27 07:47:57.939"
91;42;"520721";"E2806995200060039D9134E6";"9FFDFA30";"";"";"";"";"2025-12-27 07:47:57.939"
91;42;"520722";"E2806995200060039D922CE6";"11FE1230";"";"";"";"";"2025-12-27 07:47:57.939"
91;42;"520724";"E2806995200070039D995CE7";"65FE2E30";"";"";"";"";"2025-12-27 07:47:57.939"
91;42;"520726";"E2806995200060039D93BCE7";"47FE3530";"";"";"";"";"2025-12-27 07:47:57.939"
91;42;"520727";"E2806995200060039D96C8E8";"91FE3630";"";"";"";"";"2025-12-27 07:47:57.939"
91;42;"520728";"E2806995200070039D9514EB";"9AFE0030";"";"";"";"";"2025-12-27 07:47:57.939"
91;42;"520729";"E2806995200070039D9384EB";"1AFE1730";"";"";"";"";"2025-12-27 07:47:57.939"
91;42;"520731";"E2806995200060039D98D8E7";"A2FE4430";"";"";"";"";"2025-12-27 07:47:57.940"
91;42;"520733";"E2806995200070039D9950E8";"B7FE0E30";"";"";"";"";"2025-12-27 07:47:57.940"
91;42;"520734";"E2806995200070039D92ACE6";"D2FE0C30";"";"";"";"";"2025-12-27 07:47:57.940"
91;42;"520735";"E2806995200060039D9864EA";"4AFE2A30";"";"";"";"";"2025-12-27 07:47:57.941"
91;42;"520738";"E2806995200070039D91ACE6";"E2FE1930";"";"";"";"";"2025-12-27 07:47:57.942"
91;42;"520739";"E2806995200070039D974CE8";"FFFE2430";"";"";"";"";"2025-12-27 07:47:57.942"
91;42;"520741";"E2806995200070039D90B8E7";"1DFDFE30";"";"";"";"";"2025-12-27 07:47:57.942"
91;42;"520743";"E2806995200070039D95CCE8";"ABFDFF30";"";"";"";"";"2025-12-27 07:47:57.942"
91;42;"520744";"E2806995200070039D95C0E7";"43FE4C30";"";"";"";"";"2025-12-27 07:47:57.942"
91;42;"520745";"E2806995200060039D98C4E9";"4EFE3B30";"";"";"";"";"2025-12-27 07:47:57.942"
91;42;"520746";"E2806995200060039D954CE8";"ACFE2330";"";"";"";"";"2025-12-27 07:47:57.943"
91;42;"520747";"E2806995200070039D91BCE7";"EDFE4930";"";"";"";"";"2025-12-27 07:47:57.943"
91;42;"520748";"E2806995200070039D97C8E8";"0AFE5130";"";"";"";"";"2025-12-27 07:47:57.943"
91;42;"520749";"E2806995200060039D96C4E8";"A0FE1630";"";"";"";"";"2025-12-27 07:47:57.943"
91;42;"520750";"E2806995200060039D92B8E8";"C8FE3330";"";"";"";"";"2025-12-27 07:47:57.943"
91;42;"520751";"E2806995200060039D9848E8";"68FDFD30";"";"";"";"";"2025-12-27 07:47:57.944"
91;42;"520752";"E2806995200070039D9138E7";"BEFE1E30";"";"";"";"";"2025-12-27 07:47:57.944"
91;42;"520753";"E2806995200060039D96D0E7";"0CFE3130";"";"";"";"";"2025-12-27 07:47:57.944"
91;42;"520756";"E2806995200070039D9544E7";"BFFE4730";"";"";"";"";"2025-12-27 07:47:57.944"
91;42;"520757";"E2806995200070039D97DCE7";"99FE2D30";"";"";"";"";"2025-12-27 07:47:57.944"
91;42;"520758";"E2806995200060039D94C0E8";"9CFDF930";"";"";"";"";"2025-12-27 07:47:57.944"
91;42;"520759";"E2806995200070039D9134E8";"59FDF730";"";"";"";"";"2025-12-27 07:47:57.944"
91;42;"520760";"E2806995200070039D9138E8";"C8FE2F30";"";"";"";"";"2025-12-27 07:47:57.944"
91;188;"520761";"E2806995200070039D9644E8";"90FE1F30";"";"";"";"";"2025-12-27 07:47:58.665"
91;188;"520763";"E2806995200070039D93B8E8";"98FE3230";"";"";"";"";"2025-12-27 07:47:58.665"
91;188;"520764";"E2806995200060039D9290EB";"33FE1430";"";"";"";"";"2025-12-27 07:47:58.665"
91;188;"520765";"E2806995200060039D9338E8";"CDFDF130";"";"";"";"";"2025-12-27 07:47:58.665"
91;188;"520766";"E2806995200060039D9860E7";"28FDF430";"";"";"";"";"2025-12-27 07:47:58.665"
91;188;"520767";"E2806995200070039D91B8E9";"8EFE3A30";"";"";"";"";"2025-12-27 07:47:58.665"
91;188;"520768";"E2806995200070039D9854E7";"54FE4230";"";"";"";"";"2025-12-27 07:47:58.666"
91;188;"520770";"E2806995200070039D9868E7";"44FE2130";"";"";"";"";"2025-12-27 07:47:58.666"
91;188;"520771";"E2806995200060039D97D4E8";"BBFE4630";"";"";"";"";"2025-12-27 07:47:58.666"
91;188;"520772";"E2806995200070039D9754E7";"04FE0530";"";"";"";"";"2025-12-27 07:47:58.666"
91;188;"520773";"E2806995200060039D96F0EA";"A9FDF330";"";"";"";"";"2025-12-27 07:47:58.666"
91;188;"520774";"E2806995200060039D9964E7";"16FE1330";"";"";"";"";"2025-12-27 07:47:58.666"
91;188;"520775";"E2806995200070039D932CE6";"DEFE4E30";"";"";"";"";"2025-12-27 07:47:58.666"
91;188;"520776";"E2806995200070039D96103B";"E5FE0430";"";"";"";"";"2025-12-27 07:47:58.667"
91;188;"520777";"E2806995200070039D97E0E7";"76FE1130";"";"";"";"";"2025-12-27 07:47:58.667"
91;188;"520778";"E2806995200070039D94443B";"48FE2630";"";"";"";"";"2025-12-27 07:47:58.667"
91;188;"520779";"E2806995200070039D974CE7";"28FE1D30";"";"";"";"";"2025-12-27 07:47:58.667"
91;188;"520780";"E2806995200070039D9088EB";"8DFE0130";"";"";"";"";"2025-12-27 07:47:58.667"
91;188;"520781";"E2806995200070039D96CCE7";"D7FE4830";"";"";"";"";"2025-12-27 07:47:58.667"
91;188;"520782";"E2806995200070039D92B4E6";"3EFE1030";"";"";"";"";"2025-12-27 07:47:58.668"
91;188;"520783";"E2806995200070039D9440E8";"08FE3030";"";"";"";"";"2025-12-27 07:47:58.668"
91;188;"520784";"E2806995200070039D95B8E7";"4BFE1B30";"";"";"";"";"2025-12-27 07:47:58.668"
91;188;"520785";"E2806995200060039D90B4E6";"C3FE4530";"";"";"";"";"2025-12-27 07:47:58.668"
91;142;"520801";"E2806995200070039D96C8E9";"DBBA1330";"";"";"";"";"2025-12-27 07:47:58.466"
91;142;"520802";"E2806995200070039D9644E7";"1BBA1D30";"";"";"";"";"2025-12-27 07:47:58.466"
91;142;"520803";"E2806995200060039D9748E7";"EDB9EF30";"";"";"";"";"2025-12-27 07:47:58.466"
91;142;"520804";"E2806995200060039D920CEB";"78BA1230";"";"";"";"";"2025-12-27 07:47:58.466"
91;142;"520805";"E2806995200060039D966CEA";"E0B9E930";"";"";"";"";"2025-12-27 07:47:58.467"
91;142;"520806";"E2806995200070039D9960E7";"16BA2D30";"";"";"";"";"2025-12-27 07:47:58.467"
91;142;"520807";"E2806995200070039D90A4E9";"03B9E830";"";"";"";"";"2025-12-27 07:47:58.467"
91;142;"520808";"E2806995200060039D93D8EA";"C6BA0430";"";"";"";"";"2025-12-27 07:47:58.467"
91;142;"520831";"E2806995200070039D98F0EA";"CCB9F130";"";"";"";"";"2025-12-27 07:47:58.467"
91;142;"520833";"E2806995200060039D9234E9";"B4BA1430";"";"";"";"";"2025-12-27 07:47:58.467"
91;142;"520834";"E2806995200070039D983CE9";"43BA2230";"";"";"";"";"2025-12-27 07:47:58.467"
91;142;"520835";"E2806995200070039D92BCE8";"3AB9EA30";"";"";"";"";"2025-12-27 07:47:58.468"
91;142;"520836";"E2806995200060039D950C3B";"3EBA1930";"";"";"";"";"2025-12-27 07:47:58.468"
91;142;"520837";"E2806995200060039D9870EA";"6CB9FF30";"";"";"";"";"2025-12-27 07:47:58.468"
91;142;"520838";"E2806995200070039D983CE6";"95B9EB30";"";"";"";"";"2025-12-27 07:47:58.468"
91;142;"520839";"E2806995200070039D9364EA";"49BA3230";"";"";"";"";"2025-12-27 07:47:58.468"
91;142;"520840";"E2806995200060039D913CE8";"0ABA0930";"";"";"";"";"2025-12-27 07:47:58.468"
91;142;"520841";"E2806995200060039D935CEA";"9AB9F730";"";"";"";"";"2025-12-27 07:47:58.468"
91;142;"520842";"E2806995200060039D9154EA";"93B9FE30";"";"";"";"";"2025-12-27 07:47:58.468"
91;142;"520843";"E2806995200060039D90ACE9";"9BBA0030";"";"";"";"";"2025-12-27 07:47:58.469"
91;142;"520844";"E2806995200060039D9158EA";"F6B9E530";"";"";"";"";"2025-12-27 07:47:58.469"
91;142;"520845";"E2806995200070039D9240E4";"BFBA0E30";"";"";"";"";"2025-12-27 07:47:58.469"
91;142;"520846";"E2806995200060039D922CE9";"5EBA2C30";"";"";"";"";"2025-12-27 07:47:58.469"
91;142;"520847";"E2806995200060039D93C03B";"2BBA2A30";"";"";"";"";"2025-12-27 07:47:58.469"
91;142;"520848";"E2806995200070039D9460EA";"1ABA4730";"";"";"";"";"2025-12-27 07:47:58.469"
91;96;"520872";"E2806995200060039D97543B";"F1BA0A30";"";"";"";"";"2025-12-27 07:47:58.221"
91;96;"520873";"E2806995200060039D933CE0";"65BA3F30";"";"";"";"";"2025-12-27 07:47:58.221"
91;96;"520874";"E2806995200060039D9238E0";"9FBA1A30";"";"";"";"";"2025-12-27 07:47:58.222"
91;96;"520875";"E2806995200070039D9760E5";"30BA2930";"";"";"";"";"2025-12-27 07:47:58.222"
91;96;"520876";"E2806995200070039D9820F0";"ECBA2E30";"";"";"";"";"2025-12-27 07:47:58.222"
91;96;"520877";"E2806995200060039D9824EB";"22BA1830";"";"";"";"";"2025-12-27 07:47:58.222"
91;96;"520879";"E2806995200060039D925CED";"25BA3830";"";"";"";"";"2025-12-27 07:47:58.222"
91;96;"520883";"E2806995200070039D9070EC";"0DBA3630";"";"";"";"";"2025-12-27 07:47:58.222"
91;96;"520884";"E2806995200070039D91BCEE";"06BA1C30";"";"";"";"";"2025-12-27 07:47:58.223"
91;96;"520885";"E2806995200060039D9828EB";"74B9EE30";"";"";"";"";"2025-12-27 07:47:58.223"
91;96;"520886";"E2806995200060039D9570ED";"E5BA4530";"";"";"";"";"2025-12-27 07:47:58.223"
91;96;"520887";"E2806995200070039D93F8EC";"9CBA4230";"";"";"";"";"2025-12-27 07:47:58.223"
91;96;"520888";"E2806995200070039D9214EF";"84BA3C30";"";"";"";"";"2025-12-27 07:47:58.223"
91;96;"520889";"E2806995200070039D9470ED";"2AB9E730";"";"";"";"";"2025-12-27 07:47:58.223"
91;96;"520890";"E2806995200070039D9518EB";"07BA1E30";"";"";"";"";"2025-12-27 07:47:58.224"
91;96;"520891";"E2806995200070039D96CC3A";"66BA4630";"";"";"";"";"2025-12-27 07:47:58.224"
91;96;"520894";"E2806995200060039D9984EC";"AFBA4030";"";"";"";"";"2025-12-27 07:47:58.224"
91;96;"520895";"E2806995200060039D917CEC";"02BA4130";"";"";"";"";"2025-12-27 07:47:58.224"
91;96;"520896";"E2806995200060039D96A4EB";"DCB9F930";"";"";"";"";"2025-12-27 07:47:58.224"
91;96;"520897";"E2806995200070039D9190EF";"88BA2630";"";"";"";"";"2025-12-27 07:47:58.224"
91;96;"520898";"E2806995200070039D9234EE";"38BA3430";"";"";"";"";"2025-12-27 07:47:58.225"
91;96;"520899";"E2806995200060039D9540EE";"9CBA2830";"";"";"";"";"2025-12-27 07:47:58.225"
91;138;"520901";"E2806995200060039D91B4E7";"4A048730";"";"";"";"";"2025-12-27 07:47:58.447"
91;138;"520902";"E2806995200060039D913CE7";"B2049B30";"";"";"";"";"2025-12-27 07:47:58.447"
91;138;"520903";"E2806995200060039D933C3B";"4D049E30";"";"";"";"";"2025-12-27 07:47:58.447"
91;138;"520904";"E2806995200060039D97CCE8";"AA047530";"";"";"";"";"2025-12-27 07:47:58.447"
91;138;"520905";"E2806995200060039D938CEB";"81047F30";"";"";"";"";"2025-12-27 07:47:58.448"
91;138;"520906";"E2806995200060039D92C8EA";"7604C330";"";"";"";"";"2025-12-27 07:47:58.448"
91;138;"520907";"E2806995200060039D95BCE7";"86047B30";"";"";"";"";"2025-12-27 07:47:58.448"
91;138;"520908";"E2806995200060039D97E8E7";"7D049130";"";"";"";"";"2025-12-27 07:47:58.448"
91;138;"520909";"E2806995200070039D9334E6";"3E049930";"";"";"";"";"2025-12-27 07:47:58.448"
91;138;"520911";"E2806995200060039D92C0E8";"0A048F30";"";"";"";"";"2025-12-27 07:47:58.448"
91;138;"520912";"E2806995200070039D95E0EA";"BE048030";"";"";"";"";"2025-12-27 07:47:58.449"
91;138;"520913";"E2806995200060039D9464EA";"80047E30";"";"";"";"";"2025-12-27 07:47:58.449"
91;138;"520914";"E2806995200070039D96D4E7";"96047830";"";"";"";"";"2025-12-27 07:47:58.449"
91;138;"520915";"E2806995200070039D96ECEA";"2604CC30";"";"";"";"";"2025-12-27 07:47:58.449"
91;138;"520916";"E2806995200070039D96C0E8";"F204C430";"";"";"";"";"2025-12-27 07:47:58.449"
91;138;"520917";"E2806995200070039D9648E8";"0004B430";"";"";"";"";"2025-12-27 07:47:58.449"
91;138;"520918";"E2806995200060039D96A03B";"CF04AE30";"";"";"";"";"2025-12-27 07:47:58.450"
91;138;"520919";"E2806995200070039D90B4E7";"2C04A330";"";"";"";"";"2025-12-27 07:47:58.450"
91;138;"520920";"E2806995200070039D92D4EA";"5A049530";"";"";"";"";"2025-12-27 07:47:58.450"
91;138;"520921";"E2806995200060039D914CEA";"D7047630";"";"";"";"";"2025-12-27 07:47:58.450"
91;138;"520922";"E2806995200070039D9238E8";"C004C830";"";"";"";"";"2025-12-27 07:47:58.450"
91;138;"520923";"E2806995200070039D97D0E8";"E8049A30";"";"";"";"";"2025-12-27 07:47:58.450"
91;138;"520924";"E2806995200070039D93C43B";"EA049D30";"";"";"";"";"2025-12-27 07:47:58.451"
91;138;"520925";"E2806995200060039D9840E9";"4204B630";"";"";"";"";"2025-12-27 07:47:58.451"
91;138;"520926";"E2806995200070039D9204EB";"18048230";"";"";"";"";"2025-12-27 07:47:58.451"
91;138;"520927";"E2806995200070039D9230E9";"2E04C230";"";"";"";"";"2025-12-27 07:47:58.451"
91;138;"520928";"E2806995200060039D96C0E9";"CCE8F530";"";"";"";"";"2025-12-27 07:47:58.451"
91;138;"520929";"E2806995200060039D96E8EA";"7304B730";"";"";"";"";"2025-12-27 07:47:58.451"
91;138;"520930";"E2806995200070039D9940E9";"4304BA30";"";"";"";"";"2025-12-27 07:47:58.451"
91;53;"520931";"E2806995200060039D98F8EA";"FD049230";"";"";"";"";"2025-12-27 07:47:57.988"
91;53;"520932";"E2806995200060039D9188EB";"4B04A030";"";"";"";"";"2025-12-27 07:47:57.988"
91;53;"520933";"E2806995200060039D9764EA";"7704AA30";"";"";"";"";"2025-12-27 07:47:57.989"
91;53;"520934";"E2806995200060039D9540E8";"C004C530";"";"";"";"";"2025-12-27 07:47:57.989"
91;53;"520935";"E2806995200070039D9748E9";"7704A430";"";"";"";"";"2025-12-27 07:47:57.989"
91;53;"520936";"E2806995200060039D94C0E7";"7A04B230";"";"";"";"";"2025-12-27 07:47:57.989"
91;53;"520937";"E2806995200070039D91D4EA";"6E04B830";"";"";"";"";"2025-12-27 07:47:57.989"
91;53;"520939";"E2806995200070039D9664EA";"7C04CA30";"";"";"";"";"2025-12-27 07:47:57.989"
91;53;"520940";"E2806995200060039D9540E7";"4D047C30";"";"";"";"";"2025-12-27 07:47:57.989"
91;53;"520941";"E2806995200070039D9250EA";"F204A530";"";"";"";"";"2025-12-27 07:47:57.993"
91;53;"520942";"E2806995200070039D97C0E9";"B704C930";"";"";"";"";"2025-12-27 07:47:57.993"
91;53;"520943";"E2806995200060039D91D0EA";"9A04CB30";"";"";"";"";"2025-12-27 07:47:57.993"
91;53;"520944";"E2806995200070039D9084EB";"B704C030";"";"";"";"";"2025-12-27 07:47:57.994"
91;53;"520945";"E2806995200070039D94C8E8";"A004AC30";"";"";"";"";"2025-12-27 07:47:57.994"
91;186;"521001";"E2806995200060039D9744EE";"49D59530";"";"";"";"";"2025-12-27 07:47:58.658"
91;186;"521002";"E2806995200070039D92FCEC";"B0D59030";"";"";"";"";"2025-12-27 07:47:58.658"
91;186;"521003";"E2806995200060039D98FCED";"FED58530";"";"";"";"";"2025-12-27 07:47:58.658"
91;186;"521004";"E2806995200070039D9700EC";"1ED59F30";"";"";"";"";"2025-12-27 07:47:58.659"
91;186;"521005";"E2806995200070039D97A4EB";"C4D54D30";"";"";"";"";"2025-12-27 07:47:58.659"
91;186;"521006";"E2806995200070039D9618EB";"1CD55030";"";"";"";"";"2025-12-27 07:47:58.659"
91;186;"521007";"E2806995200070039D97A8EB";"91D55730";"";"";"";"";"2025-12-27 07:47:58.659"
91;186;"521009";"E2806995200060039D9594EB";"2DD58330";"";"";"";"";"2025-12-27 07:47:58.659"
91;186;"521010";"E2806995200070039D9928EB";"6BD57030";"";"";"";"";"2025-12-27 07:47:58.659"
91;186;"521011";"E2806995200060039D9640EE";"70D54930";"";"";"";"";"2025-12-27 07:47:58.660"
91;186;"521012";"E2806995200060039D977CEC";"E2D55430";"";"";"";"";"2025-12-27 07:47:58.660"
91;186;"521013";"E2806995200060039D97C0EE";"77D58630";"";"";"";"";"2025-12-27 07:47:58.660"
91;186;"521014";"E2806995200070039D95F4EC";"7AD55C30";"";"";"";"";"2025-12-27 07:47:58.660"
91;186;"521015";"E2806995200060039D9904ED";"A9D58130";"";"";"";"";"2025-12-27 07:47:58.660"
91;186;"521016";"E2806995200060039D9318EF";"A9D56E30";"";"";"";"";"2025-12-27 07:47:58.660"
91;186;"521017";"E2806995200070039D9778EC";"89D57A30";"";"";"";"";"2025-12-27 07:47:58.660"
91;186;"521018";"E2806995200060039D9730EB";"EED55630";"";"";"";"";"2025-12-27 07:47:58.661"
91;186;"521019";"E2806995200070039D9264ED";"49D56730";"";"";"";"";"2025-12-27 07:47:58.661"
91;186;"521020";"E2806995200070039D982CEB";"37D57730";"";"";"";"";"2025-12-27 07:47:58.661"
91;186;"521021";"E2806995200060039D9920F0";"97D59B30";"";"";"";"";"2025-12-27 07:47:58.661"
91;186;"521023";"E2806995200070039D97C8EE";"4DD58A30";"";"";"";"";"2025-12-27 07:47:58.661"
91;186;"521024";"E2806995200070039D96FC3A";"5FD5A230";"";"";"";"";"2025-12-27 07:47:58.661"
91;19;"521038";"E2806995200070039D9598EF";"C9D5A330";"";"";"";"";"2025-12-27 07:47:57.813"
91;19;"521039";"E2806995200060039D94E8ED";"BAD57F30";"";"";"";"";"2025-12-27 07:47:57.813"
91;19;"521040";"E2806995200070039D969CF0";"D7D55830";"";"";"";"";"2025-12-27 07:47:57.813"
91;19;"521041";"E2806995200070039D97BCEE";"BDD56830";"";"";"";"";"2025-12-27 07:47:57.813"
91;19;"521042";"E2806995200070039D999CF0";"4FD56B30";"";"";"";"";"2025-12-27 07:47:57.813"
91;19;"521043";"E2806995200070039D9438EE";"83D58030";"";"";"";"";"2025-12-27 07:47:57.813"
91;19;"521044";"E2806995200070039D929CEF";"34D58430";"";"";"";"";"2025-12-27 07:47:57.814"
91;19;"521045";"E2806995200070039D9218EF";"5AD57B30";"";"";"";"";"2025-12-27 07:47:57.814"
91;19;"521046";"E2806995200060039D9694F0";"48D58B30";"";"";"";"";"2025-12-27 07:47:57.814"
91;19;"521047";"E2806995200060039D973CEE";"2ED57530";"";"";"";"";"2025-12-27 07:47:57.814"
91;19;"521048";"E2806995200060039D9610F0";"25D56630";"";"";"";"";"2025-12-27 07:47:57.814"
91;19;"521049";"E2806995200070039D9164ED";"EBD56930";"";"";"";"";"2025-12-27 07:47:57.814"
91;19;"521050";"E2806995200060039D90FCEC";"43D57E30";"";"";"";"";"2025-12-27 07:47:57.814"
91;19;"521051";"E2806995200070039D92DCED";"CBD55930";"";"";"";"";"2025-12-27 07:47:57.814"
91;19;"521052";"E2806995200060039D93B0EE";"2BD55A30";"";"";"";"";"2025-12-27 07:47:57.815"
91;19;"521053";"E2806995200060039D96A8EB";"F2D5AA30";"";"";"";"";"2025-12-27 07:47:57.815"
91;19;"521054";"E2806995200070039D96C0EE";"12D55F30";"";"";"";"";"2025-12-27 07:47:57.815"
91;19;"521055";"E2806995200060039D9170EC";"D0D5A130";"";"";"";"";"2025-12-27 07:47:57.815"
91;19;"521056";"E2806995200060039D9090EF";"C0D56F30";"";"";"";"";"2025-12-27 07:47:57.815"
91;19;"521057";"E2806995200060039D9820EF";"B6D56330";"";"";"";"";"2025-12-27 07:47:57.815"
91;19;"521058";"E2806995200070039D94ECED";"73D5A430";"";"";"";"";"2025-12-27 07:47:57.815"
91;19;"521059";"E2806995200070039D98BCEE";"46D54B30";"";"";"";"";"2025-12-27 07:47:57.816"
91;19;"521060";"E2806995200070039D967CEC";"D4D59C30";"";"";"";"";"2025-12-27 07:47:57.816"
91;19;"521061";"E2806995200060039D95F4ED";"69D57430";"";"";"";"";"2025-12-27 07:47:57.816"
91;19;"521062";"E2806995200060039D93ECED";"41D57C30";"";"";"";"";"2025-12-27 07:47:57.816"
91;19;"521063";"E2806995200060039D909CEF";"C5D57630";"";"";"";"";"2025-12-27 07:47:57.816"
91;19;"521064";"E2806995200070039D987CED";"6AD55D30";"";"";"";"";"2025-12-27 07:47:57.816"
91;91;"521071";"E2806995200060039D94F8EC";"BAD59A30";"";"";"";"";"2025-12-27 07:47:58.199"
91;91;"521074";"E2806995200070039D9900ED";"F1D55330";"";"";"";"";"2025-12-27 07:47:58.200"
91;91;"521076";"E2806995200060039D97F0ED";"C5D56230";"";"";"";"";"2025-12-27 07:47:58.200"
91;91;"521081";"E2806995200060039D949CF0";"16D5AB30";"";"";"";"";"2025-12-27 07:47:58.200"
91;91;"521087";"E2806995200070039D9880ED";"64D58730";"";"";"";"";"2025-12-27 07:47:58.200"
91;91;"521091";"E2806995200060039D971CEF";"04D55E30";"";"";"";"";"2025-12-27 07:47:58.200"
91;91;"521092";"E2806995200060039D946CED";"D7D59230";"";"";"";"";"2025-12-27 07:47:58.200"
91;91;"521094";"E2806995200060039D9804EC";"BBD54A30";"";"";"";"";"2025-12-27 07:47:58.200"
91;91;"521095";"E2806995200070039D97803A";"A2D56530";"";"";"";"";"2025-12-27 07:47:58.201"
91;91;"521096";"E2806995200070039D98F8ED";"90D59D30";"";"";"";"";"2025-12-27 07:47:58.201"
91;91;"521098";"E2806995200070039D91DCED";"5CD58F30";"";"";"";"";"2025-12-27 07:47:58.201"
91;91;"521099";"E2806995200070039D9620EF";"BED55530";"";"";"";"";"2025-12-27 07:47:58.201"
91;107;"521126";"E2806995200060039D955CEA";"9DB7AF30";"";"";"";"";"2025-12-27 07:47:58.275"
91;107;"521127";"E2806995200060039D95CC3B";"DDB7A830";"";"";"";"";"2025-12-27 07:47:58.275"
91;107;"521129";"E2806995200060039D9878ED";"7AB78F30";"";"";"";"";"2025-12-27 07:47:58.275"
91;107;"521131";"E2806995200070039D9274EC";"57B7A530";"";"";"";"";"2025-12-27 07:47:58.275"
91;107;"521132";"E2806995200060039D9598F0";"0FB7EA30";"";"";"";"";"2025-12-27 07:47:58.275"
91;107;"521133";"E2806995200060039D9728EB";"48B7B930";"";"";"";"";"2025-12-27 07:47:58.276"
91;107;"521134";"E2806995200060039D9130EE";"08B7CB30";"";"";"";"";"2025-12-27 07:47:58.276"
91;107;"521135";"E2806995200060039D959CEF";"47B7CD30";"";"";"";"";"2025-12-27 07:47:58.276"
91;107;"521136";"E2806995200060039D9448E8";"083D9430";"";"";"";"";"2025-12-27 07:47:58.276"
91;107;"521137";"E2806995200060039D94A4EF";"59B7B630";"";"";"";"";"2025-12-27 07:47:58.276"
91;107;"521138";"E2806995200060039D941CEF";"78B79C30";"";"";"";"";"2025-12-27 07:47:58.276"
91;107;"521139";"E2806995200070039D943CE0";"C7B7AB30";"";"";"";"";"2025-12-27 07:47:58.276"
91;107;"521140";"E2806995200070039D9240E8";"6BB7DC30";"";"";"";"";"2025-12-27 07:47:58.277"
91;107;"521141";"E2806995200070039D9898F0";"CFB7BC30";"";"";"";"";"2025-12-27 07:47:58.277"
91;107;"521142";"E2806995200070039D9980EC";"92B7ED30";"";"";"";"";"2025-12-27 07:47:58.277"
91;107;"521143";"E2806995200060039D92B4EE";"C6B7C930";"";"";"";"";"2025-12-27 07:47:58.277"
91;107;"521144";"E2806995200070039D9840EE";"C9B7EB30";"";"";"";"";"2025-12-27 07:47:58.277"
91;107;"521145";"E2806995200060039D96C8EE";"C0B7BA30";"";"";"";"";"2025-12-27 07:47:58.277"
91;107;"521146";"E2806995200060039D9930EF";"4DB7AA30";"";"";"";"";"2025-12-27 07:47:58.277"
91;107;"521147";"E2806995200070039D971CF0";"01B7EE30";"";"";"";"";"2025-12-27 07:47:58.278"
91;169;"521152";"E2806995200070039D933CE1";"8CB7DA30";"";"";"";"";"2025-12-27 07:47:58.580"
91;169;"521153";"E2806995200060039D9748E4";"E73D9530";"";"";"";"";"2025-12-27 07:47:58.580"
91;169;"521154";"E2806995200070039D9434EE";"F2B7D030";"";"";"";"";"2025-12-27 07:47:58.580"
91;169;"521155";"E2806995200070039D91CCEA";"2CB7A130";"";"";"";"";"2025-12-27 07:47:58.580"
91;169;"521157";"E2806995200070039D9140E8";"C4B79430";"";"";"";"";"2025-12-27 07:47:58.580"
91;169;"521160";"E2806995200060039D9120E9";"0DB7A230";"";"";"";"";"2025-12-27 07:47:58.581"
91;169;"521161";"E2806995200060039D9638E7";"B8B7C430";"";"";"";"";"2025-12-27 07:47:58.581"
91;177;"521201";"E2806995200060039D9778ED";"16B66130";"";"";"";"";"2025-12-27 07:47:58.609"
91;177;"521202";"E2806995200060039D9818F0";"5FB65330";"";"";"";"";"2025-12-27 07:47:58.609"
91;177;"521203";"E2806995200070039D98FCEC";"CBB61B30";"";"";"";"";"2025-12-27 07:47:58.609"
91;177;"521204";"E2806995200070039D97A0EF";"5DB63430";"";"";"";"";"2025-12-27 07:47:58.609"
91;177;"521205";"E2806995200060039D9928EF";"0FB60430";"";"";"";"";"2025-12-27 07:47:58.610"
91;177;"521206";"E2806995200060039D9074EC";"37B65130";"";"";"";"";"2025-12-27 07:47:58.610"
91;177;"521207";"E2806995200070039D9984ED";"2EB63730";"";"";"";"";"2025-12-27 07:47:58.610"
91;177;"521208";"E2806995200070039D9578ED";"7EB60530";"";"";"";"";"2025-12-27 07:47:58.610"
91;177;"521209";"E2806995200060039D94F0ED";"20B63930";"";"";"";"";"2025-12-27 07:47:58.610"
91;177;"521210";"E2806995200070039D91B0EE";"5FB60A30";"";"";"";"";"2025-12-27 07:47:58.610"
91;177;"521211";"E2806995200070039D98A8EB";"BAB60C30";"";"";"";"";"2025-12-27 07:47:58.611"
91;177;"521212";"E2806995200060039D9900EC";"09B66030";"";"";"";"";"2025-12-27 07:47:58.611"
91;177;"521213";"E2806995200070039D90E4ED";"FDB63B30";"";"";"";"";"2025-12-27 07:47:58.611"
91;177;"521214";"E2806995200070039D9094EF";"DFB60730";"";"";"";"";"2025-12-27 07:47:58.611"
91;177;"521215";"E2806995200070039D9800EC";"A2B60630";"";"";"";"";"2025-12-27 07:47:58.611"
91;177;"521216";"E2806995200060039D96FCEC";"A2B62130";"";"";"";"";"2025-12-27 07:47:58.611"
91;177;"521217";"E2806995200070039D9904EC";"F5B66330";"";"";"";"";"2025-12-27 07:47:58.611"
91;177;"521218";"E2806995200060039D9720EF";"3CB63030";"";"";"";"";"2025-12-27 07:47:58.612"
91;177;"521219";"E2806995200070039D9948EE";"A2B60830";"";"";"";"";"2025-12-27 07:47:58.612"
91;177;"521220";"E2806995200070039D98B0EB";"CAB65F30";"";"";"";"";"2025-12-27 07:47:58.612"
91;177;"521221";"E2806995200060039D927CEC";"CDB64F30";"";"";"";"";"2025-12-27 07:47:58.612"
91;177;"521222";"E2806995200060039D9670ED";"2BB64530";"";"";"";"";"2025-12-27 07:47:58.612"
91;177;"521223";"E2806995200060039D91E8ED";"3DB61230";"";"";"";"";"2025-12-27 07:47:58.612"
91;177;"521224";"E2806995200070039D94BCEE";"A8B63630";"";"";"";"";"2025-12-27 07:47:58.613"
91;177;"521225";"E2806995200070039D95FC3A";"4FB62530";"";"";"";"";"2025-12-27 07:47:58.613"
91;177;"521226";"E2806995200070039D9720F0";"88B61430";"";"";"";"";"2025-12-27 07:47:58.613"
91;177;"521227";"E2806995200070039D9498EB";"9BB61F30";"";"";"";"";"2025-12-27 07:47:58.613"
91;177;"521228";"E2806995200060039D9724EB";"25B63230";"";"";"";"";"2025-12-27 07:47:58.613"
91;177;"521229";"E2806995200070039D956CED";"C0B62930";"";"";"";"";"2025-12-27 07:47:58.613"
91;177;"521230";"E2806995200070039D9648EE";"32B64B30";"";"";"";"";"2025-12-27 07:47:58.614"
91;177;"521231";"E2806995200060039D93E0ED";"5AB64D30";"";"";"";"";"2025-12-27 07:47:58.614"
91;177;"521232";"E2806995200070039D98ACEF";"FCB65730";"";"";"";"";"2025-12-27 07:47:58.614"
91;126;"521257";"E2806995200060039D995CF1";"A9B60E30";"";"";"";"";"2025-12-27 07:47:58.390"
91;126;"521258";"E2806995200060039D93B8F4";"BAB65C30";"";"";"";"";"2025-12-27 07:47:58.391"
91;126;"521259";"E2806995200060039D963CF4";"83B65930";"";"";"";"";"2025-12-27 07:47:58.391"
91;126;"521260";"E2806995200060039D9904F3";"8BB62F30";"";"";"";"";"2025-12-27 07:47:58.391"
91;126;"521261";"E2806995200060039D92B8E7";"EBB60330";"";"";"";"";"2025-12-27 07:47:58.391"
91;126;"521262";"E2806995200070039D9724EF";"A3B62330";"";"";"";"";"2025-12-27 07:47:58.391"
91;126;"521263";"E2806995200060039D97A8EF";"ADB65030";"";"";"";"";"2025-12-27 07:47:58.391"
91;126;"521264";"E2806995200060039D987CF2";"CCB61930";"";"";"";"";"2025-12-27 07:47:58.392"
91;126;"521265";"E2806995200060039D921CEF";"82B63D30";"";"";"";"";"2025-12-27 07:47:58.392"
91;126;"521266";"E2806995200070039D90B4EE";"9EB64C30";"";"";"";"";"2025-12-27 07:47:58.392"
91;126;"521267";"E2806995200070039D9600F3";"19B63E30";"";"";"";"";"2025-12-27 07:47:58.392"
91;126;"521268";"E2806995200070039D9634F4";"E8B65830";"";"";"";"";"2025-12-27 07:47:58.392"
91;126;"521269";"E2806995200060039D9210EF";"7CB64330";"";"";"";"";"2025-12-27 07:47:58.392"
91;145;"521270";"E2806995200060039D94B0F1";"BDB63530";"";"";"";"";"2025-12-27 07:47:58.474"
91;145;"521271";"E2806995200060039D9334EE";"5FB65A30";"";"";"";"";"2025-12-27 07:47:58.475"
91;145;"521272";"E2806995200060039D9944E9";"EDB61130";"";"";"";"";"2025-12-27 07:47:58.475"
91;145;"521273";"E2806995200070039D933CEE";"5DB62730";"";"";"";"";"2025-12-27 07:47:58.475"
91;145;"521274";"E2806995200060039D93A0EF";"5BB62E30";"";"";"";"";"2025-12-27 07:47:58.475"
91;145;"521275";"E2806995200070039D9330EE";"5BB62C30";"";"";"";"";"2025-12-27 07:47:58.475"
91;145;"521277";"E2806995200070039D987CF3";"24B65630";"";"";"";"";"2025-12-27 07:47:58.475"
91;145;"521278";"E2806995200070039D973CF4";"D1B64430";"";"";"";"";"2025-12-27 07:47:58.475"
91;145;"521279";"E2806995200070039D94B8F4";"1FB64630";"";"";"";"";"2025-12-27 07:47:58.475"
91;145;"521280";"E2806995200070039D94F4F3";"D2B64E30";"";"";"";"";"2025-12-27 07:47:58.476"
91;145;"521281";"E2806995200060039D997CF3";"ECB62030";"";"";"";"";"2025-12-27 07:47:58.476"
91;145;"521282";"E2806995200060039D9080EB";"47B63C30";"";"";"";"";"2025-12-27 07:47:58.476"
91;145;"521283";"E2806995200070039D9498F0";"33B64130";"";"";"";"";"2025-12-27 07:47:58.476"
91;145;"521284";"E2806995200070039D98C0E9";"DFB64830";"";"";"";"";"2025-12-27 07:47:58.476"
91;145;"521285";"E2806995200070039D93FCF3";"22B60030";"";"";"";"";"2025-12-27 07:47:58.476"
91;145;"521286";"E2806995200070039D94E4EA";"B4B61730";"";"";"";"";"2025-12-27 07:47:58.476"
91;145;"521287";"E2806995200060039D9948E9";"18B60D30";"";"";"";"";"2025-12-27 07:47:58.477"
91;145;"521288";"E2806995200070039D9114EF";"E9B62830";"";"";"";"";"2025-12-27 07:47:58.477"
91;145;"521294";"E2806995200070039D96C8F1";"1DB60230";"";"";"";"";"2025-12-27 07:47:58.477"
91;145;"521295";"E2806995200070039D9124E9";"F8B63F30";"";"";"";"";"2025-12-27 07:47:58.477"
91;145;"521297";"E2806995200070039D98CCF4";"DBB62230";"";"";"";"";"2025-12-27 07:47:58.477"
91;145;"521298";"E2806995200070039D9470F3";"4FB64930";"";"";"";"";"2025-12-27 07:47:58.477"
91;145;"521299";"E2806995200070039D947CF3";"E8B64A30";"";"";"";"";"2025-12-27 07:47:58.477"
91;32;"521301";"E2806995200060039D98B0EF";"E3B9A830";"";"";"";"";"2025-12-27 07:47:57.880"
91;32;"521302";"E2806995200060039D961CF0";"F8B9CD30";"";"";"";"";"2025-12-27 07:47:57.880"
91;32;"521303";"E2806995200070039D9544EE";"FFB98830";"";"";"";"";"2025-12-27 07:47:57.881"
91;32;"521304";"E2806995200070039D9398EF";"78B9AA30";"";"";"";"";"2025-12-27 07:47:57.881"
91;32;"521305";"E2806995200070039D93E4ED";"ACB99830";"";"";"";"";"2025-12-27 07:47:57.881"
91;32;"521306";"E2806995200070039D9514F0";"CAB9A530";"";"";"";"";"2025-12-27 07:47:57.881"
91;32;"521307";"E2806995200070039D9674ED";"4EB98530";"";"";"";"";"2025-12-27 07:47:57.881"
91;32;"521308";"E2806995200060039D97A4EF";"54B9BE30";"";"";"";"";"2025-12-27 07:47:57.881"
91;32;"521309";"E2806995200070039D951CEF";"29B9C930";"";"";"";"";"2025-12-27 07:47:57.882"
91;32;"521310";"E2806995200060039D9364ED";"93B9CB30";"";"";"";"";"2025-12-27 07:47:57.882"
91;54;"521311";"E2806995200060039D98C0EE";"0CB98B30";"";"";"";"";"2025-12-27 07:47:57.995"
91;54;"521312";"E2806995200060039D90B0EE";"CEB9BB30";"";"";"";"";"2025-12-27 07:47:57.995"
91;54;"521313";"E2806995200060039D9814F0";"F1B99430";"";"";"";"";"2025-12-27 07:47:57.995"
91;54;"521314";"E2806995200060039D97583B";"91B9D930";"";"";"";"";"2025-12-27 07:47:57.996"
91;54;"521315";"E2806995200070039D9118EF";"BDB98630";"";"";"";"";"2025-12-27 07:47:57.996"
91;54;"521316";"E2806995200060039D99A4F0";"4DB99C30";"";"";"";"";"2025-12-27 07:47:57.996"
91;54;"521317";"E2806995200060039D97FCED";"B3B9AD30";"";"";"";"";"2025-12-27 07:47:57.996"
91;54;"521318";"E2806995200060039D951CF0";"34B99530";"";"";"";"";"2025-12-27 07:47:57.996"
91;54;"521319";"E2806995200070039D9794F0";"5AB9BC30";"";"";"";"";"2025-12-27 07:47:57.996"
91;54;"521320";"E2806995200070039D92E0ED";"6CB9D030";"";"";"";"";"2025-12-27 07:47:57.996"
91;50;"521323";"E2806995200070039D9618F0";"F3B9E130";"";"";"";"";"2025-12-27 07:47:57.979"
91;50;"521324";"E2806995200060039D9160ED";"90B98130";"";"";"";"";"2025-12-27 07:47:57.980"
91;85;"521325";"E2806995200070039D9464ED";"AAB99E30";"";"";"";"";"2025-12-27 07:47:58.173"
91;85;"521326";"E2806995200070039D931CEF";"49B9E330";"";"";"";"";"2025-12-27 07:47:58.173"
91;85;"521327";"E2806995200060039D9718F0";"59B98930";"";"";"";"";"2025-12-27 07:47:58.173"
91;85;"521328";"E2806995200070039D90B8EE";"5FB9D330";"";"";"";"";"2025-12-27 07:47:58.173"
91;85;"521329";"E2806995200070039D92BCEE";"5DB99730";"";"";"";"";"2025-12-27 07:47:58.174"
91;85;"521330";"E2806995200070039D95F8EC";"F8B9AE30";"";"";"";"";"2025-12-27 07:47:58.174"
91;85;"521331";"E2806995200070039D94A0EF";"FAB9B630";"";"";"";"";"2025-12-27 07:47:58.174"
91;85;"521332";"E2806995200070039D90D8ED";"80B9A630";"";"";"";"";"2025-12-27 07:47:58.174"
91;85;"521333";"E2806995200070039D90F8EC";"3EB9B230";"";"";"";"";"2025-12-27 07:47:58.174"
91;85;"521334";"E2806995200070039D981CF0";"A7B9D230";"";"";"";"";"2025-12-27 07:47:58.174"
91;85;"521335";"E2806995200060039D979CF0";"31B9BD30";"";"";"";"";"2025-12-27 07:47:58.175"
91;85;"521336";"E2806995200060039D9618EF";"17B9C630";"";"";"";"";"2025-12-27 07:47:58.175"
91;85;"521337";"E2806995200070039D9828EF";"CAB98E30";"";"";"";"";"2025-12-27 07:47:58.175"
91;85;"521338";"E2806995200070039D961CEF";"14B99A30";"";"";"";"";"2025-12-27 07:47:58.175"
91;85;"521339";"E2806995200070039D9394EF";"2FB9AC30";"";"";"";"";"2025-12-27 07:47:58.175"
91;189;"521342";"E2806995200070039D9744F1";"4FB98230";"";"";"";"";"2025-12-27 07:47:58.670"
91;189;"521345";"E2806995200070039D98D8F1";"9EB9DB30";"";"";"";"";"2025-12-27 07:47:58.670"
91;189;"521346";"E2806995200070039D9294F0";"A7B9C330";"";"";"";"";"2025-12-27 07:47:58.670"
91;189;"521347";"E2806995200070039D9074F3";"1BB9B830";"";"";"";"";"2025-12-27 07:47:58.670"
91;189;"521348";"E2806995200070039D9540F1";"B6B9A130";"";"";"";"";"2025-12-27 07:47:58.671"
91;58;"521350";"E2806995200070039D9460F2";"8BB9C530";"";"";"";"";"2025-12-27 07:47:58.030"
91;58;"521351";"E2806995200070039D9078F3";"89B98C30";"";"";"";"";"2025-12-27 07:47:58.030"
91;58;"521353";"E2806995200060039D90CCF2";"28B9B430";"";"";"";"";"2025-12-27 07:47:58.030"
91;58;"521354";"E2806995200070039D90BCF1";"19B9A030";"";"";"";"";"2025-12-27 07:47:58.030"
91;58;"521355";"E2806995200060039D97C8F1";"DCB9B030";"";"";"";"";"2025-12-27 07:47:58.031"
91;58;"521356";"E2806995200060039D9234F1";"85B99030";"";"";"";"";"2025-12-27 07:47:58.031"
91;58;"521357";"E2806995200070039D9750F1";"C1B9AF30";"";"";"";"";"2025-12-27 07:47:58.031"
91;58;"521358";"E2806995200070039D927CF3";"B3B9B930";"";"";"";"";"2025-12-27 07:47:58.031"
91;58;"521361";"E2806995200070039D921CF0";"60B98430";"";"";"";"";"2025-12-27 07:47:58.031"
91;203;"521362";"E2806995200070039D9640F1";"D1B99D30";"";"";"";"";"2026-01-20 15:21:17.137"
91;203;"521363";"E2806995200060039D910CF0";"29B9DD30";"";"";"";"";"2026-01-20 15:21:17.136"
91;203;"521364";"E2806995200060039D9330F1";"45B9D830";"";"";"";"";"2026-01-20 15:21:17.137"
91;203;"521365";"E2806995200070039D9954F1";"C0B9A930";"";"";"";"";"2026-01-20 15:21:17.137"
91;166;"521366";"E2806995200060039D93B8F1";"1CB9CC30";"";"";"";"";"2025-12-27 07:47:58.570"
91;166;"521367";"E2806995200070039D97CCF1";"DAB9DA30";"";"";"";"";"2025-12-27 07:47:58.570"
91;166;"521368";"E2806995200070039D98CCF1";"8FB9AB30";"";"";"";"";"2025-12-27 07:47:58.570"
91;166;"521369";"E2806995200060039D9370F3";"43B99130";"";"";"";"";"2025-12-27 07:47:58.570"
91;166;"521370";"E2806995200060039D95C0F1";"DFB9D530";"";"";"";"";"2025-12-27 07:47:58.570"
91;166;"521371";"E2806995200060039D9214F0";"0EB9B330";"";"";"";"";"2025-12-27 07:47:58.571"
91;166;"521372";"E2806995200070039D91B4F1";"29B9C230";"";"";"";"";"2025-12-27 07:47:58.571"
91;166;"521373";"E2806995200060039D9950F1";"AEB9B130";"";"";"";"";"2025-12-27 07:47:58.571"
91;166;"521375";"E2806995200070039D94B8F1";"4AB9C130";"";"";"";"";"2025-12-27 07:47:58.571"
91;166;"521376";"E2806995200070039D9430F1";"1CB98F30";"";"";"";"";"2025-12-27 07:47:58.571"
91;90;"521379";"E2806995200070039D92CCF2";"1EB98730";"";"";"";"";"2025-12-27 07:47:58.199"
91;82;"521381";"E2806995200060039D90B4F1";"29B9C030";"";"";"";"";"2025-12-27 07:47:58.160"
91;82;"521382";"E2806995200070039D97FCF2";"C4B99F30";"";"";"";"";"2025-12-27 07:47:58.161"
91;82;"521383";"E2806995200070039D9874F2";"93B99B30";"";"";"";"";"2025-12-27 07:47:58.161"
91;82;"521385";"E2806995200060039D92B0F1";"2AB98A30";"";"";"";"";"2025-12-27 07:47:58.161"
91;82;"521386";"E2806995200070039D96D0F1";"F1B9A430";"";"";"";"";"2025-12-27 07:47:58.161"
91;90;"521388";"E2806995200060039D937CF3";"D2B9B730";"";"";"";"";"2025-12-27 07:47:58.199"
91;114;"521389";"E2806995200060039D93B4F1";"B3B9BF30";"";"";"";"";"2025-12-27 07:47:58.340"
91;114;"521390";"E2806995200060039D97D0F1";"94B99230";"";"";"";"";"2025-12-27 07:47:58.340"
91;114;"521391";"E2806995200070039D95C4F1";"41B9C830";"";"";"";"";"2025-12-27 07:47:58.340"
91;114;"521392";"E2806995200070039D997CF2";"31B9E230";"";"";"";"";"2025-12-27 07:47:58.340"
91;114;"521393";"E2806995200070039D913CF1";"72B9CA30";"";"";"";"";"2025-12-27 07:47:58.340"
91;114;"521394";"E2806995200070039D923CF1";"8EB99330";"";"";"";"";"2025-12-27 07:47:58.341"
91;114;"521395";"E2806995200060039D98F4F2";"5FB9DF30";"";"";"";"";"2025-12-27 07:47:58.341"
91;114;"521396";"E2806995200070039D934CF2";"E9B9A230";"";"";"";"";"2025-12-27 07:47:58.341"
91;90;"521397";"E2806995200070039D98D4F1";"58B9D430";"";"";"";"";"2025-12-27 07:47:58.199"
91;75;"521398";"E2806995200060039D90F4F3";"EBB9B530";"";"";"";"";"2025-12-27 07:47:58.131"
91;42;"521399";"E2806995200070039D95ECF2";"4BB9E430";"";"";"";"";"2025-12-27 07:47:57.946"
91;104;"521401";"E2806995200070039D9518F0";"02B4B530";"";"";"";"";"2025-12-27 07:47:58.260"
91;104;"521402";"E2806995200070039D97C0F4";"B9B4A630";"";"";"";"";"2025-12-27 07:47:58.260"
91;104;"521403";"E2806995200070039D94F8F3";"E3B49F30";"";"";"";"";"2025-12-27 07:47:58.260"
91;104;"521404";"E2806995200060039D9530F4";"23B47A30";"";"";"";"";"2025-12-27 07:47:58.260"
91;104;"521407";"E2806995200070039D9110F0";"A9B48E30";"";"";"";"";"2025-12-27 07:47:58.260"
91;104;"521408";"E2806995200070039D92F8F3";"72B4BE30";"";"";"";"";"2025-12-27 07:47:58.260"
91;104;"521409";"E2806995200070039D92B4F4";"2CB4A330";"";"";"";"";"2025-12-27 07:47:58.260"
91;104;"521410";"E2806995200070039D9748F1";"B6B47230";"";"";"";"";"2025-12-27 07:47:58.260"
91;104;"521411";"E2806995200060039D957CF3";"71B4C030";"";"";"";"";"2025-12-27 07:47:58.261"
91;104;"521412";"E2806995200060039D97FCF3";"7EB48430";"";"";"";"";"2025-12-27 07:47:58.261"
91;104;"521413";"E2806995200070039D93BCF1";"47B4A830";"";"";"";"";"2025-12-27 07:47:58.261"
91;104;"521414";"E2806995200060039D95F8F3";"E2B49330";"";"";"";"";"2025-12-27 07:47:58.261"
91;104;"521415";"E2806995200070039D9338F4";"20B4CE30";"";"";"";"";"2025-12-27 07:47:58.261"
91;104;"521416";"E2806995200060039D98D0F4";"A9B4D230";"";"";"";"";"2025-12-27 07:47:58.261"
91;104;"521421";"E2806995200060039D97BCF4";"46B49030";"";"";"";"";"2025-12-27 07:47:58.261"
91;104;"521422";"E2806995200070039D92F4F3";"DFB4D130";"";"";"";"";"2025-12-27 07:47:58.262"
91;104;"521423";"E2806995200070039D9438E7";"E3B4A230";"";"";"";"";"2025-12-27 07:47:58.262"
91;104;"521424";"E2806995200060039D9394F0";"95B49730";"";"";"";"";"2025-12-27 07:47:58.262"
91;104;"521425";"E2806995200060039D9740F4";"B0B4D030";"";"";"";"";"2025-12-27 07:47:58.262"
91;104;"521427";"E2806995200060039D933CF4";"B0B48730";"";"";"";"";"2025-12-27 07:47:58.262"
91;104;"521428";"E2806995200070039D94C0F1";"29B4BD30";"";"";"";"";"2025-12-27 07:47:58.262"
91;104;"521429";"E2806995200060039D9778F3";"4FB4CD30";"";"";"";"";"2025-12-27 07:47:58.262"
91;104;"521430";"E2806995200070039D93BCF4";"1DB4CF30";"";"";"";"";"2025-12-27 07:47:58.263"
91;104;"521431";"E2806995200070039D95FCF3";"DEB49430";"";"";"";"";"2025-12-27 07:47:58.263"
91;104;"521432";"E2806995200060039D97C8F4";"D4B48330";"";"";"";"";"2025-12-27 07:47:58.263"
91;104;"521433";"E2806995200070039D9354F2";"6CB48930";"";"";"";"";"2025-12-27 07:47:58.263"
91;104;"521434";"E2806995200070039D98F0F2";"CEB4D330";"";"";"";"";"2025-12-27 07:47:58.263"
91;104;"521435";"E2806995200060039D9290F0";"37B4C130";"";"";"";"";"2025-12-27 07:47:58.263"
91;104;"521436";"E2806995200070039D9130F1";"84B48F30";"";"";"";"";"2025-12-27 07:47:58.263"
91;144;"521446";"E2806995200060039D9680F3";"B1B4B130";"";"";"";"";"2025-12-27 07:47:58.472"
91;144;"521447";"E2806995200060039D9510F0";"58B4BB30";"";"";"";"";"2025-12-27 07:47:58.472"
91;144;"521448";"E2806995200060039D9560F2";"89B47F30";"";"";"";"";"2025-12-27 07:47:58.473"
91;144;"521449";"E2806995200070039D9410F0";"A0B4CC30";"";"";"";"";"2025-12-27 07:47:58.473"
91;144;"521450";"E2806995200060039D97F8F2";"C4B49A30";"";"";"";"";"2025-12-27 07:47:58.473"
91;144;"521451";"E2806995200060039D95E4F2";"45B47530";"";"";"";"";"2025-12-27 07:47:58.473"
91;144;"521453";"E2806995200070039D9298F0";"33B47730";"";"";"";"";"2025-12-27 07:47:58.473"
91;144;"521454";"E2806995200060039D967CF3";"BBB4BC30";"";"";"";"";"2025-12-27 07:47:58.473"
91;144;"521455";"E2806995200070039D9748F4";"D5B48530";"";"";"";"";"2025-12-27 07:47:58.473"
91;144;"521456";"E2806995200070039D9958F4";"5CB48A30";"";"";"";"";"2025-12-27 07:47:58.474"
91;144;"521457";"E2806995200070039D9778F2";"F2B4B730";"";"";"";"";"2025-12-27 07:47:58.474"
91;144;"521458";"E2806995200070039D9578F3";"E3B49530";"";"";"";"";"2025-12-27 07:47:58.474"
91;144;"521459";"E2806995200070039D964CF1";"4AB49C30";"";"";"";"";"2025-12-27 07:47:58.474"
91;144;"521460";"E2806995200060039D9438F4";"86B4C630";"";"";"";"";"2025-12-27 07:47:58.474"
91;144;"521461";"E2806995200060039D9094F0";"03B4A030";"";"";"";"";"2025-12-27 07:47:58.474"
91;144;"521462";"E2806995200060039D9774F3";"D3B4AD30";"";"";"";"";"2025-12-27 07:47:58.474"
91;180;"521501";"E2806995200070039D9210F0";"75EC1D30";"";"";"";"";"2025-12-27 07:47:58.622"
91;180;"521502";"E2806995200070039D90F0F3";"36EC3930";"";"";"";"";"2025-12-27 07:47:58.622"
91;180;"521503";"E2806995200060039D977CF2";"21EC2430";"";"";"";"";"2025-12-27 07:47:58.622"
91;180;"521504";"E2806995200060039D9644F1";"F1EC5230";"";"";"";"";"2025-12-27 07:47:58.622"
91;180;"521505";"E2806995200070039D9170F3";"55EC2330";"";"";"";"";"2025-12-27 07:47:58.622"
91;180;"521506";"E2806995200060039D9310F0";"B2EC3130";"";"";"";"";"2025-12-27 07:47:58.622"
91;180;"521507";"E2806995200060039D94DCF2";"40EC4830";"";"";"";"";"2025-12-27 07:47:58.623"
91;180;"521508";"E2806995200060039D93F8F3";"A5EC5930";"";"";"";"";"2025-12-27 07:47:58.623"
91;180;"521509";"E2806995200060039D92BCF1";"C8EC3C30";"";"";"";"";"2025-12-27 07:47:58.623"
91;180;"521510";"E2806995200070039D9878F2";"E4EC1C30";"";"";"";"";"2025-12-27 07:47:58.623"
91;180;"521511";"E2806995200060039D91FCF3";"5EEC6630";"";"";"";"";"2025-12-27 07:47:58.623"
91;180;"521512";"E2806995200060039D924CF2";"34EC6230";"";"";"";"";"2025-12-27 07:47:58.623"
91;180;"521513";"E2806995200060039D9274F3";"6AEC2230";"";"";"";"";"2025-12-27 07:47:58.624"
91;180;"521514";"E2806995200070039D9664F2";"31EC7730";"";"";"";"";"2025-12-27 07:47:58.624"
91;180;"521515";"E2806995200070039D96C4F1";"A6EC7330";"";"";"";"";"2025-12-27 07:47:58.624"
91;180;"521516";"E2806995200060039D9118F0";"79EC2030";"";"";"";"";"2025-12-27 07:47:58.624"
91;180;"521517";"E2806995200060039D91B8E7";"C4EC7630";"";"";"";"";"2025-12-27 07:47:58.624"
91;167;"521518";"E2806995200070039D9338F1";"0FEC5630";"";"";"";"";"2025-12-27 07:47:58.572"
91;167;"521519";"E2806995200060039D91D0F2";"E1EC5330";"";"";"";"";"2025-12-27 07:47:58.572"
91;167;"521520";"E2806995200060039D94BCF4";"30EC6930";"";"";"";"";"2025-12-27 07:47:58.572"
91;167;"521521";"E2806995200060039D9234F4";"A5EC1930";"";"";"";"";"2025-12-27 07:47:58.573"
91;167;"521522";"E2806995200070039D9230F4";"54EC5C30";"";"";"";"";"2025-12-27 07:47:58.573"
91;167;"521523";"E2806995200070039D9314F0";"17EC4F30";"";"";"";"";"2025-12-27 07:47:58.573"
91;167;"521524";"E2806995200060039D92D0F2";"2BEC2F30";"";"";"";"";"2025-12-27 07:47:58.573"
91;167;"521525";"E2806995200060039D931CF0";"DAEC6C30";"";"";"";"";"2025-12-27 07:47:58.573"
91;81;"521552";"E2806995200060039D9340E7";"3AEC1E30";"";"";"";"";"2025-12-27 07:47:58.150"
91;81;"521553";"E2806995200060039D98FCF3";"04EC6530";"";"";"";"";"2025-12-27 07:47:58.150"
91;81;"521554";"E2806995200060039D9434F4";"A4EC3F30";"";"";"";"";"2025-12-27 07:47:58.150"
91;81;"521555";"E2806995200060039D90F8F3";"36EC5830";"";"";"";"";"2025-12-27 07:47:58.150"
91;81;"521556";"E2806995200060039D91F0F3";"6FEC4630";"";"";"";"";"2025-12-27 07:47:58.150"
91;81;"521557";"E2806995200060039D984CF4";"54EC4D30";"";"";"";"";"2025-12-27 07:47:58.151"
91;81;"521558";"E2806995200070039D92D4F2";"2CEC4B30";"";"";"";"";"2025-12-27 07:47:58.151"
91;81;"521559";"E2806995200070039D93B0F1";"65EC5130";"";"";"";"";"2025-12-27 07:47:58.151"
91;81;"521560";"E2806995200060039D9464F2";"02EC7230";"";"";"";"";"2025-12-27 07:47:58.151"
91;81;"521562";"E2806995200070039D9230F1";"66EC4930";"";"";"";"";"2025-12-27 07:47:58.151"
91;81;"521563";"E2806995200060039D97C4F4";"FAEC3230";"";"";"";"";"2025-12-27 07:47:58.152"
91;81;"521565";"E2806995200070039D9334F1";"FAEC4A30";"";"";"";"";"2025-12-27 07:47:58.152"
91;81;"521566";"E2806995200060039D9258F2";"D9EC5F30";"";"";"";"";"2025-12-27 07:47:58.152"
91;81;"521567";"E2806995200070039D9850F1";"15EC5730";"";"";"";"";"2025-12-27 07:47:58.152"
91;81;"521568";"E2806995200070039D94B4F4";"CCEC4530";"";"";"";"";"2025-12-27 07:47:58.152"
91;81;"521569";"E2806995200060039D974CF1";"3FEC6130";"";"";"";"";"2025-12-27 07:47:58.152"
91;81;"521570";"E2806995200060039D90D4F2";"E4EC2930";"";"";"";"";"2025-12-27 07:47:58.153"
91;81;"521571";"E2806995200060039D9350F2";"8AEC2D30";"";"";"";"";"2025-12-27 07:47:58.153"
91;81;"521572";"E2806995200060039D9154F2";"4AEC7130";"";"";"";"";"2025-12-27 07:47:58.153"
91;81;"521573";"E2806995200070039D9130F4";"63EC6330";"";"";"";"";"2025-12-27 07:47:58.153"
91;81;"521574";"E2806995200060039D95E8F2";"3AEC2630";"";"";"";"";"2025-12-27 07:47:58.153"
91;81;"521575";"E2806995200070039D9984F3";"65EC4C30";"";"";"";"";"2025-12-27 07:47:58.154"
91;81;"521576";"E2806995200070039D95BCF4";"5CEC2130";"";"";"";"";"2025-12-27 07:47:58.154"
91;81;"521577";"E2806995200070039D9744F4";"51EC5E30";"";"";"";"";"2025-12-27 07:47:58.154"
91;42;"521583";"E2806995200060039D919CF0";"E7EC3530";"";"";"";"";"2025-12-27 07:47:57.945"
91;42;"521584";"E2806995200070039D93B8E7";"36EC7930";"";"";"";"";"2025-12-27 07:47:57.945"
91;42;"521585";"E2806995200060039D92F0F3";"5CEC4130";"";"";"";"";"2025-12-27 07:47:57.945"
91;9;"521591";"E2806995200070039D97B0EB";"78EC3B30";"";"";"";"";"2025-12-27 07:47:57.770"
91;9;"521593";"E2806995200070039D9954F4";"B4EC1B30";"";"";"";"";"2025-12-27 07:47:57.770"
91;9;"521594";"E2806995200070039D9568F2";"99EC3A30";"";"";"";"";"2025-12-27 07:47:57.770"
91;9;"521595";"E2806995200060039D914CF2";"37EC6430";"";"";"";"";"2025-12-27 07:47:57.770"
91;9;"521597";"E2806995200060039D943CE7";"CFEC6E30";"";"";"";"";"2025-12-27 07:47:57.771"
91;9;"521598";"E2806995200060039D982CEF";"B9EC5030";"";"";"";"";"2025-12-27 07:47:57.771"
91;9;"521599";"E2806995200070039D9900F3";"06EC1A30";"";"";"";"";"2025-12-27 07:47:57.771"
91;94;"521601";"E2806995200060039D94C0EE";"E1DAE430";"";"";"";"";"2025-12-27 07:47:58.216"
91;94;"521602";"E2806995200070039D97F0F2";"D3DB0630";"";"";"";"";"2025-12-27 07:47:58.216"
91;94;"521603";"E2806995200060039D9098F0";"2FDB1130";"";"";"";"";"2025-12-27 07:47:58.216"
91;94;"521604";"E2806995200060039D9230EE";"BADB0330";"";"";"";"";"2025-12-27 07:47:58.216"
91;94;"521605";"E2806995200060039D9474F3";"CADAF030";"";"";"";"";"2025-12-27 07:47:58.217"
91;94;"521606";"E2806995200070039D95E0F2";"91DADF30";"";"";"";"";"2025-12-27 07:47:58.217"
91;94;"521607";"E2806995200060039D9430EE";"2FDB1A30";"";"";"";"";"2025-12-27 07:47:58.217"
91;94;"521608";"E2806995200070039D933CE7";"92DAFD30";"";"";"";"";"2025-12-27 07:47:58.217"
91;94;"521609";"E2806995200060039D9238F4";"F6DADB30";"";"";"";"";"2025-12-27 07:47:58.217"
91;94;"521610";"E2806995200070039D943CF4";"0FDAC630";"";"";"";"";"2025-12-27 07:47:58.217"
91;94;"521611";"E2806995200060039D92C0E7";"39DAFA30";"";"";"";"";"2025-12-27 07:47:58.218"
91;94;"521612";"E2806995200070039D95C8F1";"38DB0730";"";"";"";"";"2025-12-27 07:47:58.218"
91;94;"521613";"E2806995200070039D9988F3";"AFDAF730";"";"";"";"";"2025-12-27 07:47:58.218"
91;94;"521615";"E2806995200060039D9698F0";"2DDAC530";"";"";"";"";"2025-12-27 07:47:58.218"
91;94;"521617";"E280699520005002840655F7";"28DAEE30";"";"";"";"";"2025-12-27 07:47:58.218"
91;94;"521618";"E2806995200040028407DDF8";"30DAE230";"";"";"";"";"2025-12-27 07:47:58.218"
91;94;"521619";"E280699520004002840731F6";"EFDB2030";"";"";"";"";"2025-12-27 07:47:58.219"
91;94;"521620";"E280699520005002840751F7";"13DB2130";"";"";"";"";"2025-12-27 07:47:58.219"
91;94;"521621";"E280699520005002840639F7";"A5DB1630";"";"";"";"";"2025-12-27 07:47:58.219"
91;94;"521622";"E28069952000400284094DF6";"2DDB1730";"";"";"";"";"2025-12-27 07:47:58.219"
91;94;"521623";"E280699520005002840555F7";"BADB0130";"";"";"";"";"2025-12-27 07:47:58.219"
91;94;"521624";"E2806995200040028407BDF7";"FBDB0530";"";"";"";"";"2025-12-27 07:47:58.220"
91;94;"521625";"E28069952000500284075DF8";"03DAF930";"";"";"";"";"2025-12-27 07:47:58.220"
91;94;"521626";"E2806995200040028403D9F8";"5BDAF230";"";"";"";"";"2025-12-27 07:47:58.220"
91;94;"521627";"E2806995200040028403CDF7";"37DAD130";"";"";"";"";"2025-12-27 07:47:58.220"
91;165;"521631";"E2806995200070039D9774F2";"19DAC830";"";"";"";"";"2025-12-27 07:47:58.562"
91;165;"521656";"E2806995200060039D9878F3";"90DAE030";"";"";"";"";"2025-12-27 07:47:58.562"
91;165;"521657";"E280699520005002840631F9";"6BDAEA30";"";"";"";"";"2025-12-27 07:47:58.562"
91;165;"521658";"E2806995200040028403B1F6";"7ADAC730";"";"";"";"";"2025-12-27 07:47:58.563"
91;165;"521659";"E280699520005002840335F7";"54DB0E30";"";"";"";"";"2025-12-27 07:47:58.563"
91;165;"521660";"E280699520004002840459F8";"5EDAE630";"";"";"";"";"2025-12-27 07:47:58.563"
91;165;"521661";"E280699520005002840925F9";"19DACE30";"";"";"";"";"2025-12-27 07:47:58.563"
91;165;"521662";"E280699520004002840935F6";"B8DAE130";"";"";"";"";"2025-12-27 07:47:58.563"
91;165;"521663";"E280699520004002840249F6";"BBDB0030";"";"";"";"";"2025-12-27 07:47:58.563"
91;165;"521664";"E2806995200050028401D9F8";"08DB1530";"";"";"";"";"2025-12-27 07:47:58.564"
91;165;"521665";"E2806995200060039D9138F4";"05DAD830";"";"";"";"";"2025-12-27 07:47:58.564"
91;165;"521666";"E2806995200050028402D9F8";"3ADAFC30";"";"";"";"";"2025-12-27 07:47:58.564"
91;165;"521667";"E2806995200070039D96BCF4";"FEDAD330";"";"";"";"";"2025-12-27 07:47:58.564"
91;165;"521668";"E2806995200040028403B9F7";"F1DB1930";"";"";"";"";"2025-12-27 07:47:58.564"
91;165;"521669";"E280699520005002840649F6";"7BDADA30";"";"";"";"";"2025-12-27 07:47:58.564"
91;165;"521670";"E2806995200060039D9218F0";"7BDAD430";"";"";"";"";"2025-12-27 07:47:58.565"
91;165;"521671";"E2806995200040028408E1F8";"45DAF130";"";"";"";"";"2025-12-27 07:47:58.565"
91;165;"521672";"E2806995200070039D9150F2";"19DAD230";"";"";"";"";"2025-12-27 07:47:58.565"
91;165;"521673";"E2806995200040028405C5F6";"1DDACF30";"";"";"";"";"2025-12-27 07:47:58.565"
91;165;"521674";"E2806995200040028401BDF8";"BADAD730";"";"";"";"";"2025-12-27 07:47:58.565"
91;165;"521675";"E2806995200040028407D1F7";"43DACA30";"";"";"";"";"2025-12-27 07:47:58.565"
91;165;"521676";"E280699520004002840949F8";"84DAEC30";"";"";"";"";"2025-12-27 07:47:58.566"
91;165;"521677";"E280699520005002840251F7";"85DADE30";"";"";"";"";"2025-12-27 07:47:58.566"
91;165;"521678";"E2806995200070039D93C0E7";"AEDAD530";"";"";"";"";"2025-12-27 07:47:58.566"
91;165;"521679";"E28069952000500284083DF7";"51DAC330";"";"";"";"";"2025-12-27 07:47:58.566"
91;165;"521682";"E2806995200060039D9190F0";"25DB1E30";"";"";"";"";"2025-12-27 07:47:58.566"
91;165;"521683";"E28069952000500284069DF9";"97DB1C30";"";"";"";"";"2025-12-27 07:47:58.566"
91;165;"521684";"E2806995200050028407D5F7";"2ADAF830";"";"";"";"";"2025-12-27 07:47:58.567"
91;165;"521685";"E2806995200070039D9848F4";"96DAE730";"";"";"";"";"2025-12-27 07:47:58.567"
91;165;"521686";"E2806995200070039D92B8F4";"30DB1330";"";"";"";"";"2025-12-27 07:47:58.567"
91;165;"521687";"E2806995200070039D96FCF3";"56DAC030";"";"";"";"";"2025-12-27 07:47:58.567"
91;165;"521688";"E2806995200060039D90D8F2";"77DB0F30";"";"";"";"";"2025-12-27 07:47:58.567"
91;165;"521689";"E2806995200070039D943CF1";"ABDB1030";"";"";"";"";"2025-12-27 07:47:58.567"
91;165;"521690";"E2806995200070039D945CF2";"1EDB0B30";"";"";"";"";"2025-12-27 07:47:58.568"
91;165;"521698";"E2806995200040028401CDF3";"12DB2230";"";"";"";"";"2025-12-27 07:47:58.568"
91;165;"521699";"E280699520005002840231F4";"64DAFE30";"";"";"";"";"2025-12-27 07:47:58.568"
91;115;"521707";"E280699520004002840839F7";"26000730";"";"";"";"";"2025-12-27 07:47:58.341"
91;115;"521708";"E280699520005002840845F8";"20EB2E30";"";"";"";"";"2025-12-27 07:47:58.341"
91;115;"521709";"E280699520004002840535F9";"A7EB2D30";"";"";"";"";"2025-12-27 07:47:58.341"
91;189;"521711";"E280699520005002840631F6";"63002F30";"";"";"";"";"2025-12-27 07:47:58.668"
91;189;"521713";"E2806995200040028408C5F8";"5E000330";"";"";"";"";"2025-12-27 07:47:58.668"
91;50;"521715";"E2806995200060039D9114F0";"8AEB3530";"";"";"";"";"2025-12-27 07:47:57.979"
91;50;"521716";"E280699520004002840951F7";"03002530";"";"";"";"";"2025-12-27 07:47:57.979"
91;50;"521719";"E280699520005002840345F6";"33001830";"";"";"";"";"2025-12-27 07:47:57.979"
91;139;"521721";"E280699520005002840949F6";"82EB3430";"";"";"";"";"2025-12-27 07:47:58.452"
91;139;"521722";"E2806995200060039D9178F3";"9BEB3F30";"";"";"";"";"2025-12-27 07:47:58.452"
91;139;"521723";"E2806995200040028403C5F6";"30000230";"";"";"";"";"2025-12-27 07:47:58.452"
91;139;"521724";"E2806995200050028402CDF7";"EB003D30";"";"";"";"";"2025-12-27 07:47:58.452"
91;139;"521725";"E2806995200040028407C9F8";"88EB3B30";"";"";"";"";"2025-12-27 07:47:58.452"
91;139;"521726";"E2806995200060039D98D0F1";"D0EB4030";"";"";"";"";"2025-12-27 07:47:58.452"
91;139;"521727";"E280699520005002840341F8";"0D002E30";"";"";"";"";"2025-12-27 07:47:58.453"
91;6;"521728";"E2806995200060039D9974F2";"0B003030";"";"";"";"";"2025-12-27 07:47:57.751"
91;6;"521729";"E2806995200050028401C9F6";"40EB4A30";"";"";"";"";"2025-12-27 07:47:57.751"
91;6;"521730";"E280699520004002840139F7";"4E001930";"";"";"";"";"2025-12-27 07:47:57.752"
91;82;"521731";"E2806995200070039D9440E7";"B1000F30";"";"";"";"";"2025-12-27 07:47:58.159"
91;82;"521732";"E2806995200070039D90B0F1";"84001030";"";"";"";"";"2025-12-27 07:47:58.159"
91;82;"521733";"E2806995200040028402ADF6";"42000930";"";"";"";"";"2025-12-27 07:47:58.159"
91;82;"521734";"E2806995200050028404B1F6";"90002630";"";"";"";"";"2025-12-27 07:47:58.159"
91;82;"521735";"E2806995200050028401B1F6";"F3000A30";"";"";"";"";"2025-12-27 07:47:58.159"
91;82;"521736";"E280699520005002840835F6";"96001430";"";"";"";"";"2025-12-27 07:47:58.160"
91;136;"521737";"E28069952000500284073DF7";"C8EB2F30";"";"";"";"";"2025-12-27 07:47:58.439"
91;136;"521738";"E2806995200040028405B1F6";"67000B30";"";"";"";"";"2025-12-27 07:47:58.439"
91;90;"521739";"E2806995200060039D92B0F4";"D1003B30";"";"";"";"";"2025-12-27 07:47:58.198"
91;45;"521741";"E2806995200050028405ADF6";"D1003630";"";"";"";"";"2025-12-27 07:47:57.956"
91;45;"521742";"E280699520004002840445F6";"4BEB3330";"";"";"";"";"2025-12-27 07:47:57.956"
91;45;"521743";"E280699520004002840831F6";"B6EB2830";"";"";"";"";"2025-12-27 07:47:57.956"
91;45;"521744";"E2806995200050028408B1F6";"9E002230";"";"";"";"";"2025-12-27 07:47:57.956"
91;45;"521745";"E2806995200050028406ADF6";"F2EB4230";"";"";"";"";"2025-12-27 07:47:57.957"
91;45;"521746";"E2806995200040028400D5F8";"95EB4830";"";"";"";"";"2025-12-27 07:47:57.957"
91;90;"521748";"E2806995200070039D9534F4";"BB003930";"";"";"";"";"2025-12-27 07:47:58.198"
91;29;"521751";"E2806995200050028405C5F8";"EDEB3630";"";"";"";"";"2025-12-27 07:47:57.867"
91;29;"521752";"E2806995200060039D97A0F0";"CCEB3030";"";"";"";"";"2025-12-27 07:47:57.867"
91;29;"521753";"E2806995200060039D9070F3";"33EB2A30";"";"";"";"";"2025-12-27 07:47:57.867"
91;29;"521754";"E2806995200070039D9178EC";"D9EB3A30";"";"";"";"";"2025-12-27 07:47:57.867"
91;29;"521755";"E2806995200060039D9648F1";"70002A30";"";"";"";"";"2025-12-27 07:47:57.868"
91;29;"521756";"E280699520004002840749F6";"91001330";"";"";"";"";"2025-12-27 07:47:57.868"
91;29;"521757";"E2806995200050028404D5F8";"39EB3830";"";"";"";"";"2025-12-27 07:47:57.868"
91;29;"521758";"E28069952000500284081DF9";"E5000E30";"";"";"";"";"2025-12-27 07:47:57.868"
91;29;"521759";"E280699520005002840939F7";"81002930";"";"";"";"";"2025-12-27 07:47:57.868"
91;29;"521760";"E2806995200040028406C9F6";"B6EB4130";"";"";"";"";"2025-12-27 07:47:57.868"
91;29;"521761";"E2806995200060039D93B4F4";"2C003430";"";"";"";"";"2025-12-27 07:47:57.869"
91;29;"521762";"E2806995200040028404BDF7";"11003A30";"";"";"";"";"2025-12-27 07:47:57.869"
91;29;"521763";"E28069952000500284084DF6";"77EB4B30";"";"";"";"";"2025-12-27 07:47:57.869"
91;29;"521764";"E2806995200050028402C9F6";"07000430";"";"";"";"";"2025-12-27 07:47:57.869"
91;29;"521765";"E28069952000500284074DF6";"5C001F30";"";"";"";"";"2025-12-27 07:47:57.869"
91;29;"521766";"E280699520004002840599F9";"38EB2B30";"";"";"";"";"2025-12-27 07:47:57.869"
91;29;"521767";"E280699520004002840149F6";"36001730";"";"";"";"";"2025-12-27 07:47:57.870"
91;29;"521768";"E280699520004002840439F7";"DF002C30";"";"";"";"";"2025-12-27 07:47:57.870"
91;29;"521769";"E280699520004002840939F9";"45003830";"";"";"";"";"2025-12-27 07:47:57.870"
91;29;"521770";"E2806995200040028403C9F6";"52003330";"";"";"";"";"2025-12-27 07:47:57.870"
91;29;"521771";"E280699520005002840545F6";"EAEB3930";"";"";"";"";"2025-12-27 07:47:57.870"
91;29;"521772";"E2806995200050028404C9F6";"24EB4C30";"";"";"";"";"2025-12-27 07:47:57.870"
91;29;"521773";"E280699520004002840449F6";"B4EB4330";"";"";"";"";"2025-12-27 07:47:57.870"
91;29;"521774";"E2806995200050028406B5F9";"D8001A30";"";"";"";"";"2025-12-27 07:47:57.871"
91;29;"521775";"E2806995200040028407B5F6";"3A001630";"";"";"";"";"2025-12-27 07:47:57.871"
91;54;"521781";"E280699520004002840259F8";"ABEB2C30";"";"";"";"";"2025-12-27 07:47:58.014"
91;54;"521782";"E2806995200060039D9238F1";"7F000830";"";"";"";"";"2025-12-27 07:47:58.015"
91;54;"521784";"E280699520005002840735F6";"3A001E30";"";"";"";"";"2025-12-27 07:47:58.015"
91;54;"521787";"E2806995200040028408A1F9";"0F000C30";"";"";"";"";"2025-12-27 07:47:58.015"
91;54;"521789";"E2806995200070039D9374F3";"D3000630";"";"";"";"";"2025-12-27 07:47:58.015"
91;54;"521790";"E2806995200070039D9924F0";"13001D30";"";"";"";"";"2025-12-27 07:47:58.015"
91;94;"521791";"E2806995200060039D9198EF";"E5002330";"";"";"";"";"2025-12-27 07:47:58.220"
91;94;"521792";"E28069952000400284053DF8";"06000D30";"";"";"";"";"2025-12-27 07:47:58.220"
91;58;"521795";"E2806995200070039D992CEF";"24EB3E30";"";"";"";"";"2025-12-27 07:47:58.034"
91;58;"521796";"E2806995200060039D9158F2";"09001130";"";"";"";"";"2025-12-27 07:47:58.034"
91;58;"521797";"E2806995200060039D96A0EF";"35002030";"";"";"";"";"2025-12-27 07:47:58.034"
91;58;"521798";"E2806995200060039D95B4F4";"0BEB4430";"";"";"";"";"2025-12-27 07:47:58.034"
91;58;"521799";"E2806995200060039D92FCF3";"8E002830";"";"";"";"";"2025-12-27 07:47:58.034"
91;58;"521800";"E2806995200070039D97FCEC";"AF000130";"";"";"";"";"2025-12-27 07:47:58.028"
91;161;"521801";"E280699520005002840549F6";"64C00D30";"";"";"";"";"2025-12-27 07:47:58.545"
91;161;"521802";"E280699520004002840135F7";"1FC00030";"";"";"";"";"2025-12-27 07:47:58.545"
91;161;"521803";"E280699520005002840761F8";"F7BFF930";"";"";"";"";"2025-12-27 07:47:58.546"
91;161;"521804";"E2806995200040028408BDF7";"BBBFFC30";"";"";"";"";"2025-12-27 07:47:58.546"
91;161;"521805";"E2806995200050028406D1F7";"ABC02430";"";"";"";"";"2025-12-27 07:47:58.546"
91;161;"521806";"E2806995200050028400BDF8";"C1BFEB30";"";"";"";"";"2025-12-27 07:47:58.546"
91;161;"521807";"E2806995200050028406DDF8";"EBC01F30";"";"";"";"";"2025-12-27 07:47:58.546"
91;161;"521808";"E2806995200040028400CDF7";"7ABFDE30";"";"";"";"";"2025-12-27 07:47:58.546"
91;161;"521809";"E2806995200040028408DDF8";"17C01430";"";"";"";"";"2025-12-27 07:47:58.547"
91;161;"521810";"E28069952000500284059DF9";"E8BFEE30";"";"";"";"";"2025-12-27 07:47:58.547"
91;161;"521811";"E28069952000500284042DF6";"43C01C30";"";"";"";"";"2025-12-27 07:47:58.547"
91;161;"521812";"E280699520004002840635F9";"2DBFDD30";"";"";"";"";"2025-12-27 07:47:58.547"
91;161;"521813";"E2806995200050028400D1F7";"0EBFFB30";"";"";"";"";"2025-12-27 07:47:58.547"
91;161;"521814";"E2806995200060039D93C4DE";"9B443930";"";"";"";"";"2025-12-27 07:47:58.547"
91;161;"521815";"E2806995200050028401B9F7";"1CBFF230";"";"";"";"";"2025-12-27 07:47:58.548"
91;161;"521816";"E2806995200050028405B5F9";"E8BFF330";"";"";"";"";"2025-12-27 07:47:58.548"
91;161;"521817";"E28069952000400284079DF9";"EFBFD230";"";"";"";"";"2025-12-27 07:47:58.548"
91;161;"521818";"E2806995200050028406E1F8";"F6BFFD30";"";"";"";"";"2025-12-27 07:47:58.548"
91;161;"521819";"E2806995200050028404D9F8";"14BFDF30";"";"";"";"";"2025-12-27 07:47:58.548"
91;161;"521820";"E28069952000500284012DF6";"74BFCC30";"";"";"";"";"2025-12-27 07:47:58.548"
91;161;"521822";"E2806995200050028402C1F8";"0DBFD830";"";"";"";"";"2025-12-27 07:47:58.549"
91;161;"521823";"E2806995200040028405C1F8";"3FC02830";"";"";"";"";"2025-12-27 07:47:58.549"
91;161;"521824";"E2806995200040028400D9F8";"84BFE630";"";"";"";"";"2025-12-27 07:47:58.549"
91;161;"521825";"E2806995200040028408D1F7";"F3C01130";"";"";"";"";"2025-12-27 07:47:58.549"
91;161;"521826";"E280699520004002840351F7";"F8C00130";"";"";"";"";"2025-12-27 07:47:58.549"
91;161;"521828";"E2806995200040028408CDF6";"C5BFD630";"";"";"";"";"2025-12-27 07:47:58.549"
91;161;"521829";"E280699520004002840849F6";"5CBFE930";"";"";"";"";"2025-12-27 07:47:58.550"
91;161;"521830";"E28069952000500284071DF9";"4EC01530";"";"";"";"";"2025-12-27 07:47:58.550"
91;161;"521831";"E280699520004002840961F8";"5FC00E30";"";"";"";"";"2025-12-27 07:47:58.550"
91;141;"521836";"E280699520004002840131F6";"A6C00C30";"";"";"";"";"2025-12-27 07:47:58.464"
91;141;"521837";"E280699520004002840455F7";"A2C00A30";"";"";"";"";"2025-12-27 07:47:58.464"
91;141;"521838";"E280699520004002840855F7";"5ABFE830";"";"";"";"";"2025-12-27 07:47:58.464"
91;141;"521839";"E2806995200050028405D1F7";"FDC01730";"";"";"";"";"2025-12-27 07:47:58.464"
91;141;"521840";"E280699520004002840241F8";"FDBFD530";"";"";"";"";"2025-12-27 07:47:58.465"
91;141;"521841";"E2806995200050028406CDF6";"A8C01330";"";"";"";"";"2025-12-27 07:47:58.465"
91;141;"521842";"E2806995200050028405BDF7";"87C02030";"";"";"";"";"2025-12-27 07:47:58.465"
91;141;"521843";"E280699520005002840555F8";"D2C01D30";"";"";"";"";"2025-12-27 07:47:58.465"
91;141;"521844";"E2806995200040028405C9F6";"91BFF130";"";"";"";"";"2025-12-27 07:47:58.465"
91;141;"521845";"E280699520004002840651F7";"CEC01830";"";"";"";"";"2025-12-27 07:47:58.465"
91;141;"521846";"E280699520005002840931F6";"CFBFD930";"";"";"";"";"2025-12-27 07:47:58.465"
91;141;"521847";"E2806995200040028407A1F9";"94C01630";"";"";"";"";"2025-12-27 07:47:58.465"
91;141;"521848";"E2806995200040028405D9F8";"47C00B30";"";"";"";"";"2025-12-27 07:47:58.466"
91;141;"521849";"E28069952000500284041DF9";"EFC00930";"";"";"";"";"2025-12-27 07:47:58.466"
91;141;"521850";"E280699520005002840721F9";"36C00430";"";"";"";"";"2025-12-27 07:47:58.466"
91;113;"521851";"E28069952000400284093DF7";"DEC00530";"";"";"";"";"2025-12-27 07:47:58.337"
91;113;"521852";"E2806995200050028402B1F6";"F3C02530";"";"";"";"";"2025-12-27 07:47:58.337"
91;113;"521853";"E2806995200050028408C9F6";"9BC00830";"";"";"";"";"2025-12-27 07:47:58.338"
91;113;"521854";"E280699520004002840551F7";"5BBFFA30";"";"";"";"";"2025-12-27 07:47:58.338"
91;113;"521855";"E2806995200050028402C5F6";"96C01930";"";"";"";"";"2025-12-27 07:47:58.338"
91;113;"521857";"E2806995200050028401D5F8";"82BFEF30";"";"";"";"";"2025-12-27 07:47:58.338"
91;113;"521858";"E28069952000400284063DF7";"82BFCD30";"";"";"";"";"2025-12-27 07:47:58.338"
91;113;"521859";"E280699520004002840145F6";"65C01230";"";"";"";"";"2025-12-27 07:47:58.338"
91;113;"521861";"E280699520004002840431F6";"97BFF830";"";"";"";"";"2025-12-27 07:47:58.338"
91;113;"521862";"E280699520004002840155F8";"25BFCB30";"";"";"";"";"2025-12-27 07:47:58.338"
91;113;"521863";"E280699520005002840821F9";"3BC00630";"";"";"";"";"2025-12-27 07:47:58.339"
91;113;"521864";"E2806995200050028406BDF7";"77BFF630";"";"";"";"";"2025-12-27 07:47:58.339"
91;113;"521865";"E280699520004002840699F9";"43BFD030";"";"";"";"";"2025-12-27 07:47:58.339"
91;113;"521866";"E280699520004002840845F5";"55BFE530";"";"";"";"";"2025-12-27 07:47:58.339"
91;113;"521867";"E28069952000500284013DF8";"31C02330";"";"";"";"";"2025-12-27 07:47:58.339"
91;101;"521873";"E2806995200040028400ADF4";"9ABFF030";"";"";"";"";"2025-12-27 07:47:58.253"
91;101;"521874";"E280699520005002840535F4";"10BFFE30";"";"";"";"";"2025-12-27 07:47:58.253"
91;31;"521876";"E280699520004002840455F8";"B6BFE230";"";"";"";"";"2025-12-27 07:47:57.875"
91;31;"521877";"E280699520004002840619F4";"BABFD330";"";"";"";"";"2025-12-27 07:47:57.875"
91;31;"521878";"E2806995200050028408D5F7";"FAC02130";"";"";"";"";"2025-12-27 07:47:57.875"
91;31;"521879";"E280699520004002840231F6";"57BFD430";"";"";"";"";"2025-12-27 07:47:57.875"
91;31;"521880";"E2806995200040028406B1F6";"02BFD730";"";"";"";"";"2025-12-27 07:47:57.875"
91;31;"521881";"E280699520005002840965F8";"91C01030";"";"";"";"";"2025-12-27 07:47:57.876"
91;31;"521882";"E2806995200040028402BDF8";"37C01B30";"";"";"";"";"2025-12-27 07:47:57.876"
91;31;"521883";"E2806995200040028401D1F7";"69BFD130";"";"";"";"";"2025-12-27 07:47:57.876"
91;31;"521884";"E2806995200040028405B9F7";"48BFF730";"";"";"";"";"2025-12-27 07:47:57.876"
91;31;"521885";"E280699520004002840159F8";"B5BFE330";"";"";"";"";"2025-12-27 07:47:57.876"
91;31;"521887";"E28069952000400284089DF9";"16BFED30";"";"";"";"";"2025-12-27 07:47:57.876"
91;31;"521888";"E280699520004002840239F7";"1ABFCA30";"";"";"";"";"2025-12-27 07:47:57.877"
91;31;"521889";"E280699520004002840649F8";"06C02A30";"";"";"";"";"2025-12-27 07:47:57.877"
91;31;"521890";"E280699520005002840531F9";"84BFFF30";"";"";"";"";"2025-12-27 07:47:57.879"
91;31;"521891";"E280699520004002840921F9";"3DBFE730";"";"";"";"";"2025-12-27 07:47:57.879"
91;31;"521892";"E28069952000400284014DF7";"4BBFDB30";"";"";"";"";"2025-12-27 07:47:57.879"
91;31;"521893";"E280699520004002840441F8";"AEBFEC30";"";"";"";"";"2025-12-27 07:47:57.879"
91;31;"521894";"E2806995200050028402D5F8";"D7BFCE30";"";"";"";"";"2025-12-27 07:47:57.880"
91;31;"521895";"E280699520005002840749F8";"C7C02230";"";"";"";"";"2025-12-27 07:47:57.880"
91;31;"521896";"E280699520004002840519F4";"88BFDA30";"";"";"";"";"2025-12-27 07:47:57.880"
91;31;"521897";"E28069952000500284085DF8";"73BFE130";"";"";"";"";"2025-12-27 07:47:57.880"
91;31;"521900";"E280699520005002840849F8";"9BBFEA30";"";"";"";"";"2025-12-27 07:47:57.875"
91;16;"521901";"E28069952000400284025DF5";"B8B84D30";"";"";"";"";"2025-12-27 07:47:57.796"
91;16;"521902";"E2806995200040028401ADF6";"45B80930";"";"";"";"";"2025-12-27 07:47:57.796"
91;16;"521904";"E28069952000400284075DF5";"7CB7F730";"";"";"";"";"2025-12-27 07:47:57.796"
91;16;"521905";"E2806995200040028400D1F3";"82B84430";"";"";"";"";"2025-12-27 07:47:57.796"
91;16;"521906";"E280699520004002840761F5";"5EB83330";"";"";"";"";"2025-12-27 07:47:57.796"
91;16;"521907";"E2806995200040028405E1F5";"55B84F30";"";"";"";"";"2025-12-27 07:47:57.796"
91;16;"521908";"E2806995200040028401D5F5";"8FB81B30";"";"";"";"";"2025-12-27 07:47:57.797"
91;16;"521909";"E280699520005002840119F4";"DEB80130";"";"";"";"";"2025-12-27 07:47:57.797"
91;16;"521910";"E2806995200040028403E1F5";"5DB81730";"";"";"";"";"2025-12-27 07:47:57.797"
91;16;"521911";"E280699520005002840599F4";"B6B7FF30";"";"";"";"";"2025-12-27 07:47:57.797"
91;16;"521912";"E280699520004002840835F4";"28B81F30";"";"";"";"";"2025-12-27 07:47:57.797"
91;16;"521913";"E28069952000400284021DF4";"7CB7FB30";"";"";"";"";"2025-12-27 07:47:57.798"
91;52;"521914";"E2806995200050028401B5F4";"15B83C30";"";"";"";"";"2025-12-27 07:47:57.984"
91;52;"521915";"E2806995200050028408B5F4";"DBB80030";"";"";"";"";"2025-12-27 07:47:57.984"
91;99;"521916";"E280699520005002840865F5";"CCB82230";"";"";"";"";"2025-12-27 07:47:58.236"
91;99;"521917";"E280699520005002840549F5";"6CB82530";"";"";"";"";"2025-12-27 07:47:58.236"
91;99;"521918";"E2806995200050028400E9F3";"5BB81330";"";"";"";"";"2025-12-27 07:47:58.237"
91;58;"521921";"E280699520005002840219F4";"11B7F130";"";"";"";"";"2025-12-27 07:47:58.028"
91;58;"521922";"E2806995200050028405B1F4";"4AB81530";"";"";"";"";"2025-12-27 07:47:58.028"
91;58;"521923";"E280699520004002840445F5";"3BB82130";"";"";"";"";"2025-12-27 07:47:58.028"
91;58;"521924";"E2806995200040028400C5F6";"FAB84030";"";"";"";"";"2025-12-27 07:47:58.028"
91;58;"521925";"E280699520004002840821F4";"33B80330";"";"";"";"";"2025-12-27 07:47:58.028"
91;58;"521926";"E2806995200040028406C9F5";"99B80A30";"";"";"";"";"2025-12-27 07:47:58.029"
91;58;"521927";"E28069952000500284051DF4";"4AB7F430";"";"";"";"";"2025-12-27 07:47:58.029"
91;58;"521928";"E2806995200040028405C9F5";"66B84130";"";"";"";"";"2025-12-27 07:47:58.029"
91;58;"521929";"E280699520005002840561F5";"5DB83730";"";"";"";"";"2025-12-27 07:47:58.029"
91;58;"521930";"E2806995200050028404E1F5";"CBB81E30";"";"";"";"";"2025-12-27 07:47:58.029"
91;58;"521931";"E280699520005002840131F4";"E8B83930";"";"";"";"";"2025-12-27 07:47:58.030"
91;73;"521933";"E280699520004002840531F4";"7AB81C30";"";"";"";"";"2025-12-27 07:47:58.109"
91;73;"521934";"E2806995200040028403DDF5";"43B82030";"";"";"";"";"2025-12-27 07:47:58.109"
91;139;"521935";"E28069952000400284045DF5";"2FB84830";"";"";"";"";"2025-12-27 07:47:58.453"
91;139;"521936";"E2806995200050028400D5F5";"BFB81830";"";"";"";"";"2025-12-27 07:47:58.453"
91;139;"521937";"E2806995200050028402B5F4";"45B82B30";"";"";"";"";"2025-12-27 07:47:58.453"
91;139;"521938";"E28069952000500284014DF3";"A1B7F830";"";"";"";"";"2025-12-27 07:47:58.453"
91;139;"521939";"E280699520005002840645F5";"02B7F230";"";"";"";"";"2025-12-27 07:47:58.453"
91;139;"521940";"E28069952000400284059DF4";"12B83530";"";"";"";"";"2025-12-27 07:47:58.454"
91;115;"521953";"E2806995200040028400BDF5";"C8B82730";"";"";"";"";"2025-12-27 07:47:58.343"
91;115;"521954";"E28069952000500284065DF5";"EDB7FC30";"";"";"";"";"2025-12-27 07:47:58.343"
91;115;"521955";"E2806995200050028402DDF5";"D4B80F30";"";"";"";"";"2025-12-27 07:47:58.344"
91;115;"521957";"E280699520004002840965F5";"9CB82330";"";"";"";"";"2025-12-27 07:47:58.344"
91;115;"521958";"E280699520004002840849F5";"F5B80E30";"";"";"";"";"2025-12-27 07:47:58.344"
91;115;"521959";"E280699520004002840199F4";"4BB83830";"";"";"";"";"2025-12-27 07:47:58.344"
91;54;"521961";"E2806995200040028408E5F5";"9AB80D30";"";"";"";"";"2025-12-27 07:47:58.002"
91;54;"521962";"E2806995200050028407E1F5";"F7B84330";"";"";"";"";"2025-12-27 07:47:58.002"
91;54;"521963";"E28069952000400284093DF4";"E5B83E30";"";"";"";"";"2025-12-27 07:47:58.006"
91;54;"521964";"E280699520005002840259F5";"24B7F630";"";"";"";"";"2025-12-27 07:47:58.007"
91;54;"521965";"E280699520004002840749F5";"CAB81130";"";"";"";"";"2025-12-27 07:47:58.007"
91;54;"521966";"E2806995200040028401E9F3";"ADB83030";"";"";"";"";"2025-12-27 07:47:58.007"
91;54;"521967";"E280699520004002840499F4";"1FB83F30";"";"";"";"";"2025-12-27 07:47:58.007"
91;54;"521968";"E2806995200040028406B5F4";"4AB7F530";"";"";"";"";"2025-12-27 07:47:58.007"
91;54;"521969";"E2806995200050028404B5F4";"13B82430";"";"";"";"";"2025-12-27 07:47:58.008"
91;54;"521970";"E2806995200040028400B1F6";"02B83D30";"";"";"";"";"2025-12-27 07:47:58.008"
91;66;"521971";"E280699520004002840745F5";"9EB80530";"";"";"";"";"2025-12-27 07:47:58.069"
91;66;"521972";"E280699520005002840159F5";"1FB83B30";"";"";"";"";"2025-12-27 07:47:58.069"
91;66;"521973";"E28069952000500284079DF4";"E2B82630";"";"";"";"";"2025-12-27 07:47:58.069"
91;66;"521974";"E280699520004002840319F4";"DFB81930";"";"";"";"";"2025-12-27 07:47:58.069"
91;66;"521975";"E280699520004002840449F5";"FAB80430";"";"";"";"";"2025-12-27 07:47:58.070"
91;66;"521976";"E2806995200040028403C5F5";"A7B84C30";"";"";"";"";"2025-12-27 07:47:58.070"
91;66;"521977";"E28069952000400284041DF4";"28B85230";"";"";"";"";"2025-12-27 07:47:58.070"
91;66;"521978";"E2806995200040028407B1F4";"7EB83A30";"";"";"";"";"2025-12-27 07:47:58.070"
91;66;"521979";"E280699520004002840799F4";"2FB82A30";"";"";"";"";"2025-12-27 07:47:58.070"
91;66;"521980";"E28069952000500284061DF4";"24B80C30";"";"";"";"";"2025-12-27 07:47:58.070"
91;66;"521981";"E2806995200050028400D9F5";"14B85330";"";"";"";"";"2025-12-27 07:47:58.071"
91;66;"521982";"E28069952000400284069DF4";"EAB85430";"";"";"";"";"2025-12-27 07:47:58.071"
91;66;"521983";"E28069952000400284039DF4";"25B83630";"";"";"";"";"2025-12-27 07:47:58.071"
91;66;"521984";"E2806995200040028405B5F4";"10B83430";"";"";"";"";"2025-12-27 07:47:58.071"
91;66;"521985";"E2806995200050028402C5F5";"68B81030";"";"";"";"";"2025-12-27 07:47:58.071"
91;66;"521986";"E280699520004002840235F4";"BFB84A30";"";"";"";"";"2025-12-27 07:47:58.071"
91;66;"521987";"E280699520005002840095F4";"4FB82D30";"";"";"";"";"2025-12-27 07:47:58.072"
91;66;"521988";"E2806995200040028402C1F5";"64B81630";"";"";"";"";"2025-12-27 07:47:58.072"
91;66;"521989";"E2806995200050028400E5F3";"92B84630";"";"";"";"";"2025-12-27 07:47:58.072"
91;66;"521990";"E2806995200040028401D9F5";"47B7FA30";"";"";"";"";"2025-12-27 07:47:58.072"
91;66;"521991";"E280699520005002840635F4";"2AB84530";"";"";"";"";"2025-12-27 07:47:58.072"
91;66;"521992";"E2806995200050028408B9F4";"DBB82F30";"";"";"";"";"2025-12-27 07:47:58.072"
91;66;"521993";"E280699520004002840245F5";"3FB83130";"";"";"";"";"2025-12-27 07:47:58.073"
91;66;"521994";"E2806995200040028405DDF5";"41B81430";"";"";"";"";"2025-12-27 07:47:58.073"
91;66;"521995";"E2806995200040028401E5F3";"5DB81A30";"";"";"";"";"2025-12-27 07:47:58.073"
91;66;"521996";"E2806995200050028404DDF5";"2EB84E30";"";"";"";"";"2025-12-27 07:47:58.073"
91;66;"521997";"E2806995200040028406E1F5";"94B85130";"";"";"";"";"2025-12-27 07:47:58.073"
91;66;"521998";"E28069952000400284011DF4";"25B82830";"";"";"";"";"2025-12-27 07:47:58.073"
91;66;"521999";"E280699520004002840461F5";"F5B7F930";"";"";"";"";"2025-12-27 07:47:58.074"
91;66;"522000";"E2806995200050028408C9F5";"09B84B30";"";"";"";"";"2025-12-27 07:47:58.064"
91;21;"522002";"E2806995200040028408C9F8";"1CDD5330";"";"";"";"";"2025-12-27 07:47:57.820"
91;21;"522003";"E2806995200040028407C5F8";"DDDD3230";"";"";"";"";"2025-12-27 07:47:57.820"
91;21;"522004";"E280699520005002840331F6";"1CDD2B30";"";"";"";"";"2025-12-27 07:47:57.820"
91;21;"522005";"E28069952000500284029DF4";"54DD6630";"";"";"";"";"2025-12-27 07:47:57.820"
91;21;"522006";"E2806995200040028408B5F9";"36DD6D30";"";"";"";"";"2025-12-27 07:47:57.820"
91;21;"522007";"E280699520005002840619F9";"66DD7330";"";"";"";"";"2025-12-27 07:47:57.820"
91;21;"522008";"E280699520004002840235F7";"01DD1B30";"";"";"";"";"2025-12-27 07:47:57.820"
91;21;"522009";"E2806995200040028402D1F7";"8EDD7630";"";"";"";"";"2025-12-27 07:47:57.821"
91;21;"522010";"E2806995200050028406C5F8";"86DD5130";"";"";"";"";"2025-12-27 07:47:57.821"
91;21;"522011";"E2806995200050028406B1F4";"02DD2C30";"";"";"";"";"2025-12-27 07:47:57.821"
91;21;"522012";"E2806995200050028404D5F7";"74DD7930";"";"";"";"";"2025-12-27 07:47:57.821"
91;21;"522013";"E2806995200040028403D5F8";"ADDD3E30";"";"";"";"";"2025-12-27 07:47:57.821"
91;21;"522014";"E28069952000500284022DF6";"9DDD3F30";"";"";"";"";"2025-12-27 07:47:57.821"
91;21;"522015";"E2806995200040028403B5F7";"09DD6130";"";"";"";"";"2025-12-27 07:47:57.821"
91;21;"522016";"E28069952000500284093DF9";"F9DD5830";"";"";"";"";"2025-12-27 07:47:57.822"
91;21;"522017";"E28069952000400284062DF6";"F8DD3530";"";"";"";"";"2025-12-27 07:47:57.822"
91;21;"522018";"E2806995200050028406C9F8";"19DD2330";"";"";"";"";"2025-12-27 07:47:57.822"
91;21;"522019";"E280699520005002840541F8";"E0DD2530";"";"";"";"";"2025-12-27 07:47:57.822"
91;21;"522020";"E280699520005002840559F8";"9DDD3030";"";"";"";"";"2025-12-27 07:47:57.822"
91;21;"522021";"E2806995200040028403D5F7";"13DD7B30";"";"";"";"";"2025-12-27 07:47:57.822"
91;21;"522022";"E28069952000500284023DF8";"BCDD2D30";"";"";"";"";"2025-12-27 07:47:57.822"
91;21;"522023";"E280699520005002840519F9";"A8DD3730";"";"";"";"";"2025-12-27 07:47:57.822"
91;21;"522025";"E280699520005002840851F7";"46DD7230";"";"";"";"";"2025-12-27 07:47:57.823"
91;21;"522026";"E280699520005002840359F8";"00DD5930";"";"";"";"";"2025-12-27 07:47:57.823"
91;21;"522027";"E28069952000400284024DF7";"69DD4E30";"";"";"";"";"2025-12-27 07:47:57.823"
91;21;"522028";"E280699520005002840531F6";"84DD7430";"";"";"";"";"2025-12-27 07:47:57.823"
91;21;"522029";"E2806995200050028401B5F7";"3BDD6A30";"";"";"";"";"2025-12-27 07:47:57.823"
91;21;"522030";"E2806995200040028407B5F9";"AEDD5E30";"";"";"";"";"2025-12-27 07:47:57.823"
91;54;"522032";"E280699520004002840739F7";"5CDD4D30";"";"";"";"";"2025-12-27 07:47:57.998"
91;54;"522033";"E280699520005002840539F7";"C8DD6430";"";"";"";"";"2025-12-27 07:47:57.998"
91;54;"522034";"E280699520005002840339F7";"A2DD2230";"";"";"";"";"2025-12-27 07:47:57.998"
91;52;"522051";"E2806995200050028402ADA2";"3FDD1F30";"";"";"";"";"2025-12-27 07:47:57.985"
91;52;"522052";"E28069952000500284091DF2";"C1DD7030";"";"";"";"";"2025-12-27 07:47:57.985"
91;52;"522053";"E2806995200040028405EDF3";"81DD5730";"";"";"";"";"2025-12-27 07:47:57.986"
91;52;"522054";"E280699520005002840035A2";"E3DD1C30";"";"";"";"";"2025-12-27 07:47:57.986"
91;52;"522055";"E280699520005002840755F3";"A5DD5D30";"";"";"";"";"2025-12-27 07:47:57.986"
91;52;"522056";"E280699520005002840951F3";"AFDD3930";"";"";"";"";"2025-12-27 07:47:57.986"
91;52;"522057";"E2806995200050028403C5A2";"E4DD6C30";"";"";"";"";"2025-12-27 07:47:57.986"
91;52;"522058";"E280699520004002840345A2";"E6DD7830";"";"";"";"";"2025-12-27 07:47:57.986"
91;52;"522059";"E2806995200050028407D5A2";"A5DD6F30";"";"";"";"";"2025-12-27 07:47:57.986"
91;52;"522061";"E2806995200050028408B9A2";"80DD4530";"";"";"";"";"2025-12-27 07:47:57.987"
91;52;"522062";"E2806995200040028402E9F3";"81DD3330";"";"";"";"";"2025-12-27 07:47:57.987"
91;52;"522063";"E2806995200040028406EDF3";"B0DD4C30";"";"";"";"";"2025-12-27 07:47:57.987"
91;52;"522064";"E280699520005002840935F2";"0DDD2130";"";"";"";"";"2025-12-27 07:47:57.987"
91;52;"522065";"E2806995200040028409B9A2";"86DD6330";"";"";"";"";"2025-12-27 07:47:57.987"
91;114;"522066";"E28069952000400284022DA2";"C0DD4830";"";"";"";"";"2025-12-27 07:47:58.339"
91;114;"522067";"E280699520004002840569F3";"14DD2030";"";"";"";"";"2025-12-27 07:47:58.339"
91;114;"522068";"E2806995200040028401B1F4";"0DDD5C30";"";"";"";"";"2025-12-27 07:47:58.339"
91;114;"522069";"E2806995200040028401A9A2";"06DD3A30";"";"";"";"";"2025-12-27 07:47:58.340"
91;114;"522070";"E280699520004002840531A2";"43DD6830";"";"";"";"";"2025-12-27 07:47:58.340"
91;143;"522071";"E280699520004002840365F3";"EFDD4030";"";"";"";"";"2025-12-27 07:47:58.470"
91;143;"522072";"E280699520005002840949F5";"D1DD6B30";"";"";"";"";"2025-12-27 07:47:58.471"
91;143;"522073";"E280699520004002840739A2";"89DD7730";"";"";"";"";"2025-12-27 07:47:58.471"
91;194;"522077";"E2806995200040028400C1A2";"16DD2F30";"";"";"";"";"2025-12-27 07:47:58.688"
91;194;"522078";"E28069952000500284083DA2";"28DD7530";"";"";"";"";"2025-12-27 07:47:58.688"
91;194;"522080";"E280699520004002840135F4";"A9DD2430";"";"";"";"";"2025-12-27 07:47:58.688"
91;194;"522081";"E2806995200050028408A1F4";"80DD4130";"";"";"";"";"2025-12-27 07:47:58.688"
91;194;"522082";"E2806995200040028402B1F4";"AFDD5230";"";"";"";"";"2025-12-27 07:47:58.688"
91;194;"522083";"E28069952000500284049DF4";"F3DD6230";"";"";"";"";"2025-12-27 07:47:58.688"
91;194;"522084";"E280699520005002840335F4";"52DD5530";"";"";"";"";"2025-12-27 07:47:58.689"
91;194;"522085";"E280699520005002840811A3";"57DD4430";"";"";"";"";"2025-12-27 07:47:58.689"
91;194;"522086";"E2806995200050028404D1F3";"01DD3130";"";"";"";"";"2025-12-27 07:47:58.689"
91;194;"522087";"E28069952000500284031DF4";"A5DD6730";"";"";"";"";"2025-12-27 07:47:58.689"
91;194;"522088";"E2806995200040028403C1A2";"15DD2930";"";"";"";"";"2025-12-27 07:47:58.689"
91;194;"522089";"E2806995200050028407B5F4";"6CDD3630";"";"";"";"";"2025-12-27 07:47:58.689"
91;42;"522091";"E280699520005002840399F4";"CFDD4F30";"";"";"";"";"2025-12-27 07:47:57.945"
91;42;"522092";"E2806995200040028408E9F3";"D9DD3830";"";"";"";"";"2025-12-27 07:47:57.945"
91;42;"522093";"E2806995200040028406B9A2";"DFDD5A30";"";"";"";"";"2025-12-27 07:47:57.945"
91;42;"522094";"E280699520004002840995A3";"A3DD3D30";"";"";"";"";"2025-12-27 07:47:57.945"
91;42;"522095";"E2806995200040028405CDA2";"10DD1830";"";"";"";"";"2025-12-27 07:47:57.946"
91;55;"522096";"E280699520005002840991A3";"91DD6E30";"";"";"";"";"2025-12-27 07:47:58.018"
91;39;"522097";"E2806995200050028401ADA2";"55DD6530";"";"";"";"";"2025-12-27 07:47:57.929"
91;39;"522098";"E280699520005002840231A1";"2DDD4930";"";"";"";"";"2025-12-27 07:47:57.929"
91;87;"522101";"E2806995200050028409D1A2";"9DDFE730";"";"";"";"";"2025-12-27 07:47:58.182"
91;87;"522102";"E2806995200050028408D1F3";"CDDFDC30";"";"";"";"";"2025-12-27 07:47:58.182"
91;87;"522103";"E280699520005002840551F3";"5FE01630";"";"";"";"";"2025-12-27 07:47:58.183"
91;87;"522104";"E280699520005002840431A2";"77E02930";"";"";"";"";"2025-12-27 07:47:58.183"
91;87;"522105";"E28069952000500284032DA2";"60E03630";"";"";"";"";"2025-12-27 07:47:58.183"
91;87;"522106";"E2806995200040028409D5A2";"3DE02430";"";"";"";"";"2025-12-27 07:47:58.183"
91;87;"522108";"E2806995200040028405D1F3";"0FE01D30";"";"";"";"";"2025-12-27 07:47:58.183"
91;87;"522109";"E2806995200050028401C1A2";"BDE03330";"";"";"";"";"2025-12-27 07:47:58.184"
91;87;"522110";"E2806995200040028407E9F3";"43DFE630";"";"";"";"";"2025-12-27 07:47:58.184"
91;87;"522111";"E280699520004002840969F3";"2FDFE230";"";"";"";"";"2025-12-27 07:47:58.184"
91;87;"522112";"E2806995200050028407B9A2";"28E00D30";"";"";"";"";"2025-12-27 07:47:58.184"
91;87;"522113";"E280699520005002840955A2";"3DE02C30";"";"";"";"";"2025-12-27 07:47:58.184"
91;87;"522114";"E2806995200050028400C5A1";"25DFDE30";"";"";"";"";"2025-12-27 07:47:58.185"
91;87;"522115";"E280699520005002840869F3";"2BDFD830";"";"";"";"";"2025-12-27 07:47:58.185"
91;87;"522116";"E280699520005002840229A2";"C0DFF730";"";"";"";"";"2025-12-27 07:47:58.185"
91;6;"522121";"E280699520004002840241A2";"E3DFF330";"";"";"";"";"2025-12-27 07:47:57.750"
91;6;"522122";"E28069952000500284024DF3";"89E00330";"";"";"";"";"2025-12-27 07:47:57.750"
91;6;"522123";"E2806995200040028404E5F3";"E3DFDB30";"";"";"";"";"2025-12-27 07:47:57.750"
91;6;"522124";"E280699520004002840255F8";"C1E00430";"";"";"";"";"2025-12-27 07:47:57.750"
91;6;"522125";"E28069952000500284066DF3";"DEDFE330";"";"";"";"";"2025-12-27 07:47:57.751"
91;6;"522126";"E280699520004002840855A2";"01DFEC30";"";"";"";"";"2025-12-27 07:47:57.751"
91;136;"522127";"E28069952000400284097DA3";"86DFE430";"";"";"";"";"2025-12-27 07:47:58.438"
91;22;"522128";"E280699520004002840151F3";"52DFE530";"";"";"";"";"2025-12-27 07:47:57.832"
91;136;"522129";"E28069952000400284034DF3";"11DFFD30";"";"";"";"";"2025-12-27 07:47:58.439"
91;22;"522132";"E280699520005002840635A2";"2CE01030";"";"";"";"";"2025-12-27 07:47:57.832"
91;22;"522133";"E2806995200040028404CDF3";"B9E02230";"";"";"";"";"2025-12-27 07:47:57.832"
91;6;"522135";"E280699520004002840891A3";"93E00A30";"";"";"";"";"2025-12-27 07:47:57.752"
91;6;"522136";"E2806995200050028408F9A3";"8ADFE830";"";"";"";"";"2025-12-27 07:47:57.752"
91;6;"522137";"E280699520005002840851A2";"AFDFF030";"";"";"";"";"2025-12-27 07:47:57.752"
91;128;"522156";"E280699520004002840751F3";"A7DFFE30";"";"";"";"";"2025-12-27 07:47:58.396"
91;128;"522157";"E2806995200050028401ADA1";"98E00030";"";"";"";"";"2025-12-27 07:47:58.396"
91;128;"522158";"E280699520005002840855F3";"C5DFEA30";"";"";"";"";"2025-12-27 07:47:58.396"
91;128;"522160";"E280699520005002840245A1";"4AE01330";"";"";"";"";"2025-12-27 07:47:58.396"
91;128;"522162";"E280699520004002840649A2";"E7E01F30";"";"";"";"";"2025-12-27 07:47:58.397"
91;128;"522163";"E28069952000400284057DA0";"83DFDF30";"";"";"";"";"2025-12-27 07:47:58.397"
91;128;"522165";"E280699520005002840935A1";"18E03030";"";"";"";"";"2025-12-27 07:47:58.397"
91;128;"522166";"E280699520005002840315A0";"31DFFA30";"";"";"";"";"2025-12-27 07:47:58.397"
91;128;"522167";"E2806995200040028401C5A2";"13E02F30";"";"";"";"";"2025-12-27 07:47:58.397"
91;128;"522168";"E2806995200050028403CDF3";"7DE03430";"";"";"";"";"2025-12-27 07:47:58.397"
91;128;"522169";"E280699520004002840631A2";"88DFEB30";"";"";"";"";"2025-12-27 07:47:58.397"
91;128;"522170";"E280699520005002840145A1";"B2DFF930";"";"";"";"";"2025-12-27 07:47:58.398"
91;128;"522171";"E280699520005002840519A0";"CFE02730";"";"";"";"";"2025-12-27 07:47:58.398"
91;128;"522173";"E280699520004002840755A2";"9CDFE930";"";"";"";"";"2025-12-27 07:47:58.398"
91;128;"522174";"E280699520004002840299F4";"6BE00930";"";"";"";"";"2025-12-27 07:47:58.398"
91;128;"522175";"E2806995200050028405D5F3";"56E02E30";"";"";"";"";"2025-12-27 07:47:58.398"
91;128;"522176";"E2806995200050028400A9A2";"AAE00C30";"";"";"";"";"2025-12-27 07:47:58.398"
91;128;"522177";"E280699520005002840341A2";"2BE00E30";"";"";"";"";"2025-12-27 07:47:58.399"
91;128;"522178";"E2806995200040028406D1F3";"F9E02830";"";"";"";"";"2025-12-27 07:47:58.399"
91;128;"522179";"E2806995200040028407B1A1";"E8E03530";"";"";"";"";"2025-12-27 07:47:58.399"
91;128;"522180";"E2806995200040028404159F";"D8E03230";"";"";"";"";"2025-12-27 07:47:58.399"
91;6;"522182";"E280699520004002840215A0";"3AE01130";"";"";"";"";"2025-12-27 07:47:57.752"
91;6;"522183";"E2806995200040028402919F";"BCDFED30";"";"";"";"";"2025-12-27 07:47:57.753"
91;6;"522184";"E2806995200040028406959F";"DDE01A30";"";"";"";"";"2025-12-27 07:47:57.753"
91;6;"522185";"E280699520004002840435F4";"CCDFDD30";"";"";"";"";"2025-12-27 07:47:57.753"
91;6;"522186";"E280699520004002840401A0";"B9DFD930";"";"";"";"";"2025-12-27 07:47:57.753"
91;185;"522201";"E2806995200040028406DDF5";"12B74430";"";"";"";"";"2025-12-27 07:47:58.651"
91;185;"522202";"E280699520005002840419F4";"71B73430";"";"";"";"";"2025-12-27 07:47:58.651"
91;185;"522203";"E2806995200050028408E1F5";"F1B77630";"";"";"";"";"2025-12-27 07:47:58.652"
91;185;"522204";"E2806995200050028404C9F5";"02B72C30";"";"";"";"";"2025-12-27 07:47:58.652"
91;185;"522205";"E280699520005002840649F5";"3CB76730";"";"";"";"";"2025-12-27 07:47:58.652"
91;185;"522206";"E2806995200050028407C5F5";"CAB76330";"";"";"";"";"2025-12-27 07:47:58.652"
91;185;"522207";"E280699520005002840141F5";"30B78B30";"";"";"";"";"2025-12-27 07:47:58.652"
91;185;"522208";"E2806995200050028401C5F6";"CDB73C30";"";"";"";"";"2025-12-27 07:47:58.652"
91;185;"522211";"E280699520004002840359F5";"49B75F30";"";"";"";"";"2025-12-27 07:47:58.653"
91;185;"522212";"E280699520004002840631F4";"EFB78330";"";"";"";"";"2025-12-27 07:47:58.653"
91;185;"522213";"E2806995200050028400ADF6";"B1B78C30";"";"";"";"";"2025-12-27 07:47:58.653"
91;185;"522214";"E28069952000400284013DF5";"0BB78130";"";"";"";"";"2025-12-27 07:47:58.653"
91;185;"522215";"E2806995200040028401C1F5";"54B75630";"";"";"";"";"2025-12-27 07:47:58.653"
91;185;"522216";"E28069952000500284055DF5";"42B75B30";"";"";"";"";"2025-12-27 07:47:58.654"
91;185;"522217";"E2806995200040028400C9F6";"32B74E30";"";"";"";"";"2025-12-27 07:47:58.654"
91;185;"522219";"E2806995200040028406C5F5";"98B77E30";"";"";"";"";"2025-12-27 07:47:58.654"
91;185;"522221";"E2806995200050028407C9F5";"6DB76030";"";"";"";"";"2025-12-27 07:47:58.654"
91;185;"522222";"E280699520004002840839F4";"4AB77B30";"";"";"";"";"2025-12-27 07:47:58.654"
91;185;"522223";"E280699520004002840341F5";"AFB72F30";"";"";"";"";"2025-12-27 07:47:58.655"
91;185;"522224";"E28069952000500284081DA0";"47B73D30";"";"";"";"";"2025-12-27 07:47:58.655"
91;185;"522225";"E2806995200040028404FD9F";"BCB78930";"";"";"";"";"2025-12-27 07:47:58.655"
91;185;"522226";"E2806995200040028406ADA1";"EFB77330";"";"";"";"";"2025-12-27 07:47:58.655"
91;185;"522227";"E2806995200040028408C9A1";"37B77930";"";"";"";"";"2025-12-27 07:47:58.655"
91;185;"522229";"E2806995200050028403C5A1";"5DB74230";"";"";"";"";"2025-12-27 07:47:58.655"
91;185;"522230";"E28069952000400284089DA0";"19B78D30";"";"";"";"";"2025-12-27 07:47:58.656"
91;185;"522231";"E2806995200050028406B1A1";"6DB77730";"";"";"";"";"2025-12-27 07:47:58.656"
91;185;"522232";"E280699520004002840931A1";"F0B77A30";"";"";"";"";"2025-12-27 07:47:58.656"
91;185;"522233";"E2806995200050028402ADA1";"2BB77130";"";"";"";"";"2025-12-27 07:47:58.656"
91;185;"522234";"E280699520005002840985A0";"A6B78230";"";"";"";"";"2025-12-27 07:47:58.656"
91;185;"522235";"E2806995200050028406C9A1";"07B73E30";"";"";"";"";"2025-12-27 07:47:58.656"
91;185;"522236";"E2806995200040028404C5A1";"58B75E30";"";"";"";"";"2025-12-27 07:47:58.657"
91;185;"522238";"E280699520004002840801A0";"34B73230";"";"";"";"";"2025-12-27 07:47:58.657"
91;185;"522239";"E2806995200040028401799F";"83B74730";"";"";"";"";"2025-12-27 07:47:58.657"
91;185;"522240";"E280699520005002840449A1";"6BB76A30";"";"";"";"";"2025-12-27 07:47:58.657"
91;185;"522241";"E2806995200040028400699F";"67B74830";"";"";"";"";"2025-12-27 07:47:58.657"
91;185;"522242";"E2806995200050028400859F";"8EB76230";"";"";"";"";"2025-12-27 07:47:58.657"
91;185;"522243";"E280699520005002840495A0";"7FB77530";"";"";"";"";"2025-12-27 07:47:58.658"
91;185;"522245";"E2806995200050028400C1F5";"C5B75D30";"";"";"";"";"2025-12-27 07:47:58.658"
91;47;"522246";"E2806995200060039D9524EF";"9BB74B30";"";"";"";"";"2025-12-27 07:47:57.961"
91;47;"522247";"E2806995200050028408CDA1";"66B73A30";"";"";"";"";"2025-12-27 07:47:57.961"
91;47;"522248";"E280699520004002840419A0";"8CB74530";"";"";"";"";"2025-12-27 07:47:57.961"
91;47;"522249";"E2806995200050028405159F";"6BB75530";"";"";"";"";"2025-12-27 07:47:57.961"
91;47;"522250";"E2806995200040028401FDA0";"3AB78430";"";"";"";"";"2025-12-27 07:47:57.961"
91;47;"522251";"E28069952000500284006DA0";"4FB78A30";"";"";"";"";"2025-12-27 07:47:57.962"
91;47;"522252";"E2806995200050028406C5A1";"98B74C30";"";"";"";"";"2025-12-27 07:47:57.962"
91;47;"522254";"E2806995200050028405FDA0";"FEB76930";"";"";"";"";"2025-12-27 07:47:57.962"
91;47;"522255";"E2806995200050028402F99F";"13B75C30";"";"";"";"";"2025-12-27 07:47:57.962"
91;47;"522256";"E2806995200050028405B1A1";"0CB78030";"";"";"";"";"2025-12-27 07:47:57.962"
91;47;"522257";"E280699520005002840731A1";"F3B72E30";"";"";"";"";"2025-12-27 07:47:57.962"
91;47;"522258";"E280699520004002840949A1";"A1B75030";"";"";"";"";"2025-12-27 07:47:57.963"
91;47;"522259";"E280699520004002840681A0";"C8B73130";"";"";"";"";"2025-12-27 07:47:57.963"
91;47;"522260";"E280699520004002840905A0";"A9B73F30";"";"";"";"";"2025-12-27 07:47:57.963"
91;47;"522261";"E280699520005002840615A0";"EDB77030";"";"";"";"";"2025-12-27 07:47:57.963"
91;47;"522266";"E280699520005002840481A0";"33B74030";"";"";"";"";"2025-12-27 07:47:57.963"
91;47;"522267";"E2806995200040028406F99F";"1DB73630";"";"";"";"";"2025-12-27 07:47:57.964"
91;47;"522268";"E280699520005002840899A0";"42B74D30";"";"";"";"";"2025-12-27 07:47:57.964"
91;47;"522269";"E2806995200050028403B1A1";"3CB74630";"";"";"";"";"2025-12-27 07:47:57.964"
91;47;"522270";"E28069952000500284032DA1";"E5B72B30";"";"";"";"";"2025-12-27 07:47:57.964"
91;47;"522286";"E280699520004002840981A0";"FBB76630";"";"";"";"";"2025-12-27 07:47:57.964"
91;47;"522287";"E280699520004002840395A0";"8FB75A30";"";"";"";"";"2025-12-27 07:47:57.964"
91;47;"522288";"E280699520005002840195A0";"8BB77430";"";"";"";"";"2025-12-27 07:47:57.965"
91;47;"522289";"E2806995200050028404ADA1";"4DB77F30";"";"";"";"";"2025-12-27 07:47:57.965"
91;130;"522290";"E28069952000400284091DA0";"26B73330";"";"";"";"";"2025-12-27 07:47:58.414"
91;130;"522291";"E28069952000500284094DA1";"54B72D30";"";"";"";"";"2025-12-27 07:47:58.414"
91;130;"522292";"E280699520004002840735A1";"36B75230";"";"";"";"";"2025-12-27 07:47:58.414"
91;130;"522294";"E280699520004002840999A0";"EBB73730";"";"";"";"";"2025-12-27 07:47:58.414"
91;130;"522295";"E280699520004002840399A0";"4BB74930";"";"";"";"";"2025-12-27 07:47:58.414"
91;130;"522296";"E280699520004002840071A0";"C8B75730";"";"";"";"";"2025-12-27 07:47:58.415"
91;130;"522297";"E280699520005002840619A0";"18B76C30";"";"";"";"";"2025-12-27 07:47:58.415"
91;130;"522298";"E2806995200040028400F59F";"75B74330";"";"";"";"";"2025-12-27 07:47:58.415"
91;130;"522299";"E2806995200040028409B5A1";"9EB78530";"";"";"";"";"2025-12-27 07:47:58.415"
91;130;"522301";"E2806995200040028404C9A2";"45ECB030";"";"";"";"";"2025-12-27 07:47:58.409"
91;130;"522303";"E280699520005002840145A2";"45ECAB30";"";"";"";"";"2025-12-27 07:47:58.409"
91;130;"522304";"E2806995200040028403119F";"10EC8930";"";"";"";"";"2025-12-27 07:47:58.409"
91;130;"522305";"E280699520005002840901A0";"B3ECC730";"";"";"";"";"2025-12-27 07:47:58.409"
91;130;"522306";"E2806995200040028402CDF3";"43ECC830";"";"";"";"";"2025-12-27 07:47:58.409"
91;130;"522307";"E280699520005002840499A0";"C2ECC030";"";"";"";"";"2025-12-27 07:47:58.409"
91;130;"522308";"E280699520005002840301A0";"77EC8330";"";"";"";"";"2025-12-27 07:47:58.410"
91;130;"522309";"E2806995200040028400ADA1";"3AECB330";"";"";"";"";"2025-12-27 07:47:58.410"
91;130;"522310";"E280699520004002840785A0";"BDEC9330";"";"";"";"";"2025-12-27 07:47:58.410"
91;130;"522311";"E2806995200040028401FD9F";"3CEC8730";"";"";"";"";"2025-12-27 07:47:58.410"
91;130;"522312";"E2806995200050028401F9A0";"8DECD330";"";"";"";"";"2025-12-27 07:47:58.410"
91;130;"522313";"E280699520004002840719A0";"ADEC8430";"";"";"";"";"2025-12-27 07:47:58.410"
91;130;"522314";"E2806995200040028403ADA2";"F0EC9230";"";"";"";"";"2025-12-27 07:47:58.410"
91;130;"522316";"E28069952000500284027D9F";"ADEC7D30";"";"";"";"";"2025-12-27 07:47:58.411"
91;130;"522318";"E280699520005002840111A0";"C5ECBF30";"";"";"";"";"2025-12-27 07:47:58.411"
91;130;"522319";"E28069952000400284093DA2";"2DEC9030";"";"";"";"";"2025-12-27 07:47:58.411"
91;130;"522320";"E280699520005002840245A2";"16ECAE30";"";"";"";"";"2025-12-27 07:47:58.411"
91;130;"522321";"E28069952000400284003DA1";"1FECBC30";"";"";"";"";"2025-12-27 07:47:58.411"
91;130;"522322";"E280699520005002840091A0";"9DECC630";"";"";"";"";"2025-12-27 07:47:58.411"
91;130;"522323";"E2806995200040028404B1A2";"B0ECA430";"";"";"";"";"2025-12-27 07:47:58.412"
91;130;"522325";"E28069952000400284057D9F";"5FECA130";"";"";"";"";"2025-12-27 07:47:58.412"
91;130;"522326";"E2806995200040028403D1F3";"6AECAA30";"";"";"";"";"2025-12-27 07:47:58.412"
91;130;"522327";"E2806995200050028403919F";"98FDE930";"";"";"";"";"2025-12-27 07:47:58.412"
91;130;"522328";"E2806995200050028407EDF3";"43EC8830";"";"";"";"";"2025-12-27 07:47:58.412"
91;130;"522329";"E280699520005002840131A1";"E8ECBE30";"";"";"";"";"2025-12-27 07:47:58.413"
91;130;"522330";"E28069952000400284086DF3";"20ECD430";"";"";"";"";"2025-12-27 07:47:58.413"
91;130;"522333";"E280699520005002840469F3";"7DEC8F30";"";"";"";"";"2025-12-27 07:47:58.413"
91;130;"522334";"E2806995200050028403FDA0";"19ECB430";"";"";"";"";"2025-12-27 07:47:58.413"
91;130;"522335";"E2806995200050028408D5A2";"5FEC7C30";"";"";"";"";"2025-12-27 07:47:58.413"
91;59;"522336";"E2806995200040028408D5F3";"A4ECCE30";"";"";"";"";"2025-12-27 07:47:58.035"
91;59;"522337";"E2806995200040028408BDA2";"D8ECA930";"";"";"";"";"2025-12-27 07:47:58.035"
91;59;"522338";"E2806995200040028405F99F";"F1ECB530";"";"";"";"";"2025-12-27 07:47:58.035"
91;59;"522339";"E2806995200040028408FDA3";"ECECA030";"";"";"";"";"2025-12-27 07:47:58.035"
91;59;"522340";"E280699520005002840319A0";"FBEC9D30";"";"";"";"";"2025-12-27 07:47:58.035"
91;59;"522341";"E2806995200050028402D1F3";"E5FDEA30";"";"";"";"";"2025-12-27 07:47:58.037"
91;59;"522342";"E28069952000400284076DF3";"D5ECA330";"";"";"";"";"2025-12-27 07:47:58.037"
91;59;"522343";"E2806995200050028405E9F3";"8CEC8E30";"";"";"";"";"2025-12-27 07:47:58.038"
91;59;"522344";"E28069952000500284044DF3";"E8EC8C30";"";"";"";"";"2025-12-27 07:47:58.038"
91;59;"522345";"E2806995200050028406799F";"5BECC330";"";"";"";"";"2025-12-27 07:47:58.038"
91;59;"522346";"E2806995200040028405B5A2";"2BEC8D30";"";"";"";"";"2025-12-27 07:47:58.038"
91;59;"522347";"E280699520004002840861F5";"19ECD130";"";"";"";"";"2025-12-27 07:47:58.038"
91;120;"522350";"E280699520005002840769F3";"78ECAD30";"";"";"";"";"2025-12-27 07:47:58.365"
91;120;"522365";"E280699520005002840445A2";"23ECB130";"";"";"";"";"2025-12-27 07:47:58.366"
91;120;"522366";"E2806995200050028401D59B";"87ECCC30";"";"";"";"";"2025-12-27 07:47:58.366"
91;120;"522367";"E2806995200050028400A59D";"D6ECD030";"";"";"";"";"2025-12-27 07:47:58.366"
91;120;"522368";"E28069952000400284003D9E";"40FDE830";"";"";"";"";"2025-12-27 07:47:58.366"
91;120;"522369";"E2806995200050028408C99C";"DAEC7A30";"";"";"";"";"2025-12-27 07:47:58.366"
91;120;"522372";"E2806995200050028404B99D";"3BECB230";"";"";"";"";"2025-12-27 07:47:58.367"
91;120;"522373";"E2806995200040028401259C";"F9ECBB30";"";"";"";"";"2025-12-27 07:47:58.367"
91;120;"522374";"E2806995200050028404A19D";"12EC9C30";"";"";"";"";"2025-12-27 07:47:58.367"
91;120;"522375";"E2806995200040028403B99E";"05EC7F30";"";"";"";"";"2025-12-27 07:47:58.367"
91;120;"522376";"E2806995200040028402399B";"30ECA530";"";"";"";"";"2025-12-27 07:47:58.367"
91;120;"522377";"E2806995200050028407B19C";"83EC8B30";"";"";"";"";"2025-12-27 07:47:58.367"
91;120;"522378";"E2806995200050028401259D";"77ECD230";"";"";"";"";"2025-12-27 07:47:58.368"
91;120;"522379";"E28069952000400284010D9C";"F9ECA630";"";"";"";"";"2025-12-27 07:47:58.368"
91;67;"522381";"E28069952000500284023D9B";"B2FDEF30";"";"";"";"";"2025-12-27 07:47:58.077"
91;67;"522382";"E2806995200040028400A59C";"14FDED30";"";"";"";"";"2025-12-27 07:47:58.077"
91;67;"522383";"E2806995200050028401519B";"84EC9830";"";"";"";"";"2025-12-27 07:47:58.077"
91;67;"522384";"E2806995200050028405399E";"53EC9730";"";"";"";"";"2025-12-27 07:47:58.078"
91;67;"522385";"E2806995200050028409CD9C";"ADFDEE30";"";"";"";"";"2025-12-27 07:47:58.080"
91;67;"522387";"E2806995200050028405299C";"26FDEB30";"";"";"";"";"2025-12-27 07:47:58.082"
91;67;"522388";"E2806995200040028402399E";"C7EC8230";"";"";"";"";"2025-12-27 07:47:58.082"
91;67;"522389";"E2806995200040028402D19E";"45EC8630";"";"";"";"";"2025-12-27 07:47:58.083"
91;67;"522390";"E2806995200050028408D59E";"12EC9930";"";"";"";"";"2025-12-27 07:47:58.083"
91;67;"522391";"E2806995200050028401B99D";"5DECA830";"";"";"";"";"2025-12-27 07:47:58.083"
91;67;"522392";"E28069952000400284050D9D";"8EEC8A30";"";"";"";"";"2025-12-27 07:47:58.083"
91;67;"522393";"E2806995200050028403399D";"6CECB930";"";"";"";"";"2025-12-27 07:47:58.083"
91;67;"522394";"E2806995200040028403B59D";"0AECB830";"";"";"";"";"2025-12-27 07:47:58.083"
91;67;"522395";"E2806995200050028403899C";"A5ECBD30";"";"";"";"";"2025-12-27 07:47:58.084"
91;67;"522396";"E2806995200050028402099C";"C3EC7E30";"";"";"";"";"2025-12-27 07:47:58.084"
91;67;"522397";"E2806995200040028407499C";"22ECAC30";"";"";"";"";"2025-12-27 07:47:58.084"
91;67;"522398";"E28069952000400284040D9C";"C6ECC130";"";"";"";"";"2025-12-27 07:47:58.084"
91;67;"522399";"E2806995200050028403BD9E";"CAEC8030";"";"";"";"";"2025-12-27 07:47:58.084"
91;67;"522400";"E2806995200040028403099C";"C5ECB730";"";"";"";"";"2025-12-27 07:47:58.074"
91;150;"522401";"E280699520004002840835A1";"48DCAB30";"";"";"";"";"2025-12-27 07:47:58.491"
91;150;"522402";"E280699520005002840249A1";"EDDC8A30";"";"";"";"";"2025-12-27 07:47:58.491"
91;150;"522407";"E2806995200050028404119F";"71DC7130";"";"";"";"";"2025-12-27 07:47:58.491"
91;150;"522408";"E2806995200040028409B9A1";"DBDC7430";"";"";"";"";"2025-12-27 07:47:58.492"
91;150;"522409";"E280699520005002840295A0";"6ADC6F30";"";"";"";"";"2025-12-27 07:47:58.492"
91;150;"522410";"E2806995200050028408B5A1";"BADC5530";"";"";"";"";"2025-12-27 07:47:58.492"
91;150;"522411";"E2806995200050028402119F";"B6DC7730";"";"";"";"";"2025-12-27 07:47:58.492"
91;150;"522412";"E2806995200040028402FD9F";"5FDC5D30";"";"";"";"";"2025-12-27 07:47:58.492"
91;150;"522413";"E2806995200040028402B1A1";"D8DC7D30";"";"";"";"";"2025-12-27 07:47:58.492"
91;150;"522415";"E280699520004002840415A0";"6ADCA030";"";"";"";"";"2025-12-27 07:47:58.492"
91;23;"522449";"E2806995200050028403C9A1";"B9DC5430";"";"";"";"";"2025-12-27 07:47:57.837"
91;23;"522450";"E280699520004002840599A0";"9ADC8030";"";"";"";"";"2025-12-27 07:47:57.837"
91;23;"522451";"E28069952000500284017D9F";"FEDCA630";"";"";"";"";"2025-12-27 07:47:57.837"
91;23;"522452";"E2806995200050028403799F";"A5DC9F30";"";"";"";"";"2025-12-27 07:47:57.838"
91;23;"522453";"E2806995200050028405FD9F";"0DDC6830";"";"";"";"";"2025-12-27 07:47:57.838"
91;23;"522455";"E28069952000400284079DA0";"05DC6A30";"";"";"";"";"2025-12-27 07:47:57.838"
91;23;"522457";"E2806995200050028406FD9F";"9CDC7530";"";"";"";"";"2025-12-27 07:47:57.838"
91;23;"522460";"E2806995200040028405E554";"31DCB130";"";"";"";"";"2025-12-27 07:47:57.838"
91;23;"522461";"E280699520004002840179A0";"E7DC6B30";"";"";"";"";"2025-12-27 07:47:57.838"
91;23;"522462";"E2806995200040028402159F";"4EDCA330";"";"";"";"";"2025-12-27 07:47:57.839"
91;23;"522463";"E280699520005002840919A0";"50DC5F30";"";"";"";"";"2025-12-27 07:47:57.839"
91;23;"522464";"E2806995200040028400F9A0";"11DCAF30";"";"";"";"";"2025-12-27 07:47:57.839"
91;23;"522465";"E2806995200040028404799F";"05DCB330";"";"";"";"";"2025-12-27 07:47:57.839"
91;23;"522466";"E2806995200050028407CDA1";"D5DC6E30";"";"";"";"";"2025-12-27 07:47:57.839"
91;23;"522467";"E280699520004002840581A0";"82DCA130";"";"";"";"";"2025-12-27 07:47:57.840"
91;23;"522468";"E2806995200040028403A19D";"15DCAD30";"";"";"";"";"2025-12-27 07:47:57.840"
91;23;"522469";"E2806995200050028403559E";"B8DCB030";"";"";"";"";"2025-12-27 07:47:57.840"
91;23;"522470";"E2806995200040028405519E";"45DC7A30";"";"";"";"";"2025-12-27 07:47:57.840"
91;23;"522471";"E2806995200050028404D59E";"28DC9530";"";"";"";"";"2025-12-27 07:47:57.840"
91;23;"522472";"E2806995200040028409119F";"7FDC9830";"";"";"";"";"2025-12-27 07:47:57.841"
91;23;"522473";"E2806995200040028400A19D";"B1DC8730";"";"";"";"";"2025-12-27 07:47:57.841"
91;23;"522474";"E28069952000500284023D9E";"0FDC8930";"";"";"";"";"2025-12-27 07:47:57.841"
91;23;"522475";"E2806995200050028406B59C";"8DDCA230";"";"";"";"";"2025-12-27 07:47:57.841"
91;43;"522477";"E2806995200040028409D59E";"12DCAA30";"";"";"";"";"2025-12-27 07:47:57.946"
91;43;"522479";"E2806995200050028407D59E";"2ADC7230";"";"";"";"";"2025-12-27 07:47:57.946"
91;43;"522480";"E2806995200040028409C99C";"48DC5230";"";"";"";"";"2025-12-27 07:47:57.946"
91;43;"522483";"E28069952000400284052D9C";"F6DC8F30";"";"";"";"";"2025-12-27 07:47:57.949"
91;43;"522484";"E2806995200040028402BD9E";"9BDC5130";"";"";"";"";"2025-12-27 07:47:57.949"
91;43;"522485";"E2806995200040028406519E";"26DC7E30";"";"";"";"";"2025-12-27 07:47:57.949"
91;43;"522486";"E2806995200040028401BD9E";"9FDC9230";"";"";"";"";"2025-12-27 07:47:57.950"
91;43;"522487";"E2806995200040028409519E";"1DDC5930";"";"";"";"";"2025-12-27 07:47:57.950"
91;43;"522488";"E2806995200040028409A19D";"DADC8B30";"";"";"";"";"2025-12-27 07:47:57.950"
91;43;"522489";"E28069952000500284098D9D";"16DC9430";"";"";"";"";"2025-12-27 07:47:57.950"
91;43;"522490";"E2806995200040028404BD9E";"FBDC7B30";"";"";"";"";"2025-12-27 07:47:57.950"
91;43;"522491";"E2806995200050028403259C";"AADC8D30";"";"";"";"";"2025-12-27 07:47:57.951"
91;43;"522493";"E2806995200040028408BD9E";"56DC8430";"";"";"";"";"2025-12-27 07:47:57.951"
91;43;"522494";"E28069952000500284049D9D";"CFDC8C30";"";"";"";"";"2025-12-27 07:47:57.951"
91;43;"522495";"E2806995200050028402A19D";"D4DCA530";"";"";"";"";"2025-12-27 07:47:57.951"
91;43;"522496";"E2806995200040028405199D";"F3DC8130";"";"";"";"";"2025-12-27 07:47:57.951"
91;43;"522497";"E28069952000500284077D9F";"ACDC9130";"";"";"";"";"2025-12-27 07:47:57.951"
91;43;"522498";"E2806995200040028405C59C";"46DC9630";"";"";"";"";"2025-12-27 07:47:57.951"
91;43;"522499";"E2806995200040028401399E";"A2DC7C30";"";"";"";"";"2025-12-27 07:47:57.952"
91;43;"522500";"E2806995200050028401A59C";"9FDCA430";"";"";"";"";"2025-12-27 07:47:57.946"
91;148;"522501";"E2806995200040028408219D";"DFE0C230";"";"";"";"";"2025-12-27 07:47:58.484"
91;148;"522502";"E28069952000500284058D9D";"87E0B830";"";"";"";"";"2025-12-27 07:47:58.484"
91;148;"522503";"E2806995200050028407A19D";"88E0A730";"";"";"";"";"2025-12-27 07:47:58.485"
91;148;"522504";"E2806995200040028406B19C";"B4E0E630";"";"";"";"";"2025-12-27 07:47:58.485"
91;148;"522505";"E28069952000400284090D9D";"26E0E830";"";"";"";"";"2025-12-27 07:47:58.485"
91;148;"522507";"E2806995200050028407B99E";"C9E0A630";"";"";"";"";"2025-12-27 07:47:58.485"
91;148;"522508";"E2806995200050028402219C";"33E0CD30";"";"";"";"";"2025-12-27 07:47:58.485"
91;148;"522509";"E2806995200040028407919F";"2CE0B230";"";"";"";"";"2025-12-27 07:47:58.485"
91;148;"522510";"E2806995200040028403D59E";"D0E0BF30";"";"";"";"";"2025-12-27 07:47:58.486"
91;148;"522511";"E2806995200040028408559E";"81E0C030";"";"";"";"";"2025-12-27 07:47:58.486"
91;148;"522512";"E2806995200050028401B99E";"FFE0AB30";"";"";"";"";"2025-12-27 07:47:58.486"
91;148;"522513";"E2806995200050028406D19E";"B5E0F930";"";"";"";"";"2025-12-27 07:47:58.486"
91;148;"522514";"E2806995200050028409319C";"17E0BE30";"";"";"";"";"2025-12-27 07:47:58.486"
91;148;"522515";"E2806995200050028409099D";"BAE0E930";"";"";"";"";"2025-12-27 07:47:58.487"
91;118;"522517";"E2806995200050028408119F";"7FE0EF30";"";"";"";"";"2025-12-27 07:47:58.359"
91;118;"522518";"E2806995200050028408F99F";"3CE0E130";"";"";"";"";"2025-12-27 07:47:58.359"
91;112;"522531";"E2806995200040028404AD9C";"0BE0B330";"";"";"";"";"2025-12-27 07:47:58.333"
91;112;"522532";"E2806995200050028402D59E";"B9E0C130";"";"";"";"";"2025-12-27 07:47:58.333"
91;112;"522533";"E2806995200040028407A59D";"E7E0B130";"";"";"";"";"2025-12-27 07:47:58.333"
91;112;"522534";"E2806995200050028402B99E";"CDE0A230";"";"";"";"";"2025-12-27 07:47:58.333"
91;112;"522535";"E2806995200040028409B99E";"9EE0C930";"";"";"";"";"2025-12-27 07:47:58.333"
91;112;"522536";"E28069952000500284023D9D";"91E0F230";"";"";"";"";"2025-12-27 07:47:58.333"
91;112;"522537";"E28069952000500284013D9D";"56E0C830";"";"";"";"";"2025-12-27 07:47:58.333"
91;112;"522538";"E2806995200050028403A59D";"DFE0FE30";"";"";"";"";"2025-12-27 07:47:58.334"
91;130;"522548";"E2806995200050028408259D";"D0E0D630";"";"";"";"";"2025-12-27 07:47:58.413"
91;130;"522549";"E2806995200050028409D19E";"D7E0A330";"";"";"";"";"2025-12-27 07:47:58.414"
91;10;"522550";"E2806995200050028402519E";"21E0F030";"";"";"";"";"2025-12-27 07:47:57.771"
91;10;"522552";"E28069952000500284002D9D";"D8E0A930";"";"";"";"";"2025-12-27 07:47:57.772"
91;10;"522553";"E2806995200040028408099D";"DFE0DF30";"";"";"";"";"2025-12-27 07:47:57.772"
91;10;"522555";"E2806995200040028408B59C";"49E0AD30";"";"";"";"";"2025-12-27 07:47:57.772"
91;10;"522556";"E2806995200050028405559E";"8DE0DA30";"";"";"";"";"2025-12-27 07:47:57.772"
91;10;"522557";"E2806995200050028406399E";"93E0C330";"";"";"";"";"2025-12-27 07:47:57.772"
91;10;"522559";"E2806995200050028406219D";"D7E0F430";"";"";"";"";"2025-12-27 07:47:57.772"
91;10;"522560";"E2806995200040028408399E";"A7E0BC30";"";"";"";"";"2025-12-27 07:47:57.773"
91;10;"522561";"E2806995200050028406159F";"48E0CC30";"";"";"";"";"2025-12-27 07:47:57.773"
91;10;"522562";"E2806995200050028409919F";"10E0BD30";"";"";"";"";"2025-12-27 07:47:57.773"
91;10;"522563";"E2806995200040028403C19D";"5EE0CF30";"";"";"";"";"2025-12-27 07:47:57.773"
91;10;"522564";"E2806995200050028402B99D";"3AE0D030";"";"";"";"";"2025-12-27 07:47:57.773"
91;10;"522565";"E2806995200040028408919F";"83E0AA30";"";"";"";"";"2025-12-27 07:47:57.773"
91;10;"522567";"E2806995200050028404B99E";"58E0BB30";"";"";"";"";"2025-12-27 07:47:57.773"
91;10;"522568";"E2806995200050028406A59D";"78E0EE30";"";"";"";"";"2025-12-27 07:47:57.774"
91;10;"522569";"E2806995200050028404099C";"A8E09D30";"";"";"";"";"2025-12-27 07:47:57.774"
91;68;"522570";"E2806995200050028409219D";"1EE0CA30";"";"";"";"";"2025-12-27 07:47:58.084"
91;68;"522571";"E2806995200050028404519E";"70E0D530";"";"";"";"";"2025-12-27 07:47:58.085"
91;68;"522572";"E28069952000400284063D9E";"F9E0E330";"";"";"";"";"2025-12-27 07:47:58.085"
91;68;"522573";"E2806995200040028409359C";"12E0C630";"";"";"";"";"2025-12-27 07:47:58.085"
91;68;"522574";"E2806995200040028404559E";"BCE0D730";"";"";"";"";"2025-12-27 07:47:58.085"
91;68;"522575";"E28069952000500284074D9C";"EFE0E430";"";"";"";"";"2025-12-27 07:47:58.085"
91;68;"522576";"E2806995200040028407159F";"48E0CE30";"";"";"";"";"2025-12-27 07:47:58.087"
91;68;"522577";"E2806995200050028404B59D";"9DE0FB30";"";"";"";"";"2025-12-27 07:47:58.087"
91;68;"522578";"E2806995200050028400A19C";"37E0EB30";"";"";"";"";"2025-12-27 07:47:58.087"
91;68;"522579";"E2806995200050028400D19E";"74E0DB30";"";"";"";"";"2025-12-27 07:47:58.087"
91;68;"522580";"E2806995200050028405BD9E";"9FE0D930";"";"";"";"";"2025-12-27 07:47:58.088"
91;68;"522581";"E2806995200040028405AD9D";"8EE0BA30";"";"";"";"";"2025-12-27 07:47:58.088"
91;68;"522582";"E2806995200040028400B99E";"61E0FA30";"";"";"";"";"2025-12-27 07:47:58.088"
91;68;"522583";"E2806995200040028404D19E";"74E0E530";"";"";"";"";"2025-12-27 07:47:58.088"
91;68;"522584";"E2806995200050028409799F";"FEE0F330";"";"";"";"";"2025-12-27 07:47:58.089"
91;68;"522585";"E28069952000500284080D9D";"7BE0AF30";"";"";"";"";"2025-12-27 07:47:58.089"
91;68;"522586";"E28069952000400284088D9D";"48E0B430";"";"";"";"";"2025-12-27 07:47:58.089"
91;68;"522587";"E2806995200040028404399E";"02E0DC30";"";"";"";"";"2025-12-27 07:47:58.089"
91;68;"522588";"E2806995200040028401A19C";"6AE0AC30";"";"";"";"";"2025-12-27 07:47:58.089"
91;68;"522589";"E2806995200040028405D59E";"BCE0DD30";"";"";"";"";"2025-12-27 07:47:58.090"
91;68;"522590";"E2806995200040028407399E";"00E0D430";"";"";"";"";"2025-12-27 07:47:58.090"
91;68;"522591";"E2806995200040028408D19E";"4CE0C430";"";"";"";"";"2025-12-27 07:47:58.090"
91;68;"522592";"E2806995200050028409159F";"ECE0B630";"";"";"";"";"2025-12-27 07:47:58.090"
91;68;"522593";"E28069952000400284094D9C";"BFE0A130";"";"";"";"";"2025-12-27 07:47:58.090"
91;68;"522594";"E2806995200040028406A19D";"86E0F130";"";"";"";"";"2025-12-27 07:47:58.090"
91;68;"522595";"E2806995200040028400519B";"7DE0A530";"";"";"";"";"2025-12-27 07:47:58.091"
91;68;"522596";"E2806995200040028407319C";"1BE0B030";"";"";"";"";"2025-12-27 07:47:58.091"
91;68;"522597";"E2806995200040028406B99E";"F2E0C730";"";"";"";"";"2025-12-27 07:47:58.091"
91;68;"522599";"E2806995200040028406899D";"8AE0A430";"";"";"";"";"2025-12-27 07:47:58.091"
91;67;"522601";"E2806995200050028402519B";"3B016E30";"";"";"";"";"2025-12-27 07:47:58.074"
91;67;"522602";"E2806995200050028408359C";"5F019430";"";"";"";"";"2025-12-27 07:47:58.074"
91;67;"522603";"E2806995200050028407D99B";"51015530";"";"";"";"";"2025-12-27 07:47:58.074"
91;67;"522604";"E2806995200050028409419B";"74019230";"";"";"";"";"2025-12-27 07:47:58.075"
91;67;"522605";"E2806995200040028405519B";"CD016530";"";"";"";"";"2025-12-27 07:47:58.075"
91;67;"522606";"E2806995200050028406BD9B";"D5015030";"";"";"";"";"2025-12-27 07:47:58.075"
91;67;"522607";"E2806995200040028404D19B";"AC018C30";"";"";"";"";"2025-12-27 07:47:58.075"
91;67;"522608";"E2806995200050028403D19B";"CC01A430";"";"";"";"";"2025-12-27 07:47:58.075"
91;67;"522609";"E2806995200050028409559B";"AD019630";"";"";"";"";"2025-12-27 07:47:58.075"
91;67;"522610";"E2806995200040028404559B";"C701AA30";"";"";"";"";"2025-12-27 07:47:58.076"
91;67;"522611";"E2806995200050028404D59B";"51018130";"";"";"";"";"2025-12-27 07:47:58.076"
91;67;"522612";"E2806995200050028404519B";"CC018630";"";"";"";"";"2025-12-27 07:47:58.076"
91;67;"522613";"E28069952000400284033D9B";"45016330";"";"";"";"";"2025-12-27 07:47:58.076"
91;67;"522614";"E28069952000400284063D9B";"E3017D30";"";"";"";"";"2025-12-27 07:47:58.076"
91;67;"522615";"E2806995200050028403BD9B";"15016830";"";"";"";"";"2025-12-27 07:47:58.076"
91;67;"522616";"E2806995200050028405399B";"BD019F30";"";"";"";"";"2025-12-27 07:47:58.077"
91;67;"522617";"E2806995200040028407BD9B";"E5015330";"";"";"";"";"2025-12-27 07:47:58.077"
91;67;"522618";"E2806995200040028407599B";"01015E30";"";"";"";"";"2025-12-27 07:47:58.077"
91;10;"522621";"E2806995200040028404259C";"E5019E30";"";"";"";"";"2025-12-27 07:47:57.771"
91;10;"522622";"E2806995200040028408419B";"74017F30";"";"";"";"";"2025-12-27 07:47:57.771"
91;10;"522623";"E2806995200050028406D19B";"FE018530";"";"";"";"";"2025-12-27 07:47:57.771"
91;118;"522627";"E2806995200040028401BD9B";"B6016A30";"";"";"";"";"2025-12-27 07:47:58.361"
91;118;"522628";"E2806995200040028409D99B";"CC015230";"";"";"";"";"2025-12-27 07:47:58.361"
91;118;"522629";"E2806995200050028404B99B";"B901AD30";"";"";"";"";"2025-12-27 07:47:58.361"
91;120;"522630";"E28069952000400284053D9B";"42016130";"";"";"";"";"2025-12-27 07:47:58.364"
91;120;"522631";"E2806995200050028405BD9B";"B2016C30";"";"";"";"";"2025-12-27 07:47:58.364"
91;120;"522632";"E2806995200040028408599B";"CF01A530";"";"";"";"";"2025-12-27 07:47:58.364"
91;120;"522633";"E2806995200050028402A59C";"D3017430";"";"";"";"";"2025-12-27 07:47:58.364"
91;120;"522634";"E2806995200050028407C19B";"7C01AC30";"";"";"";"";"2025-12-27 07:47:58.364"
91;120;"522635";"E2806995200040028409D59B";"9D017030";"";"";"";"";"2025-12-27 07:47:58.364"
91;120;"522636";"E2806995200050028406459C";"9A01A630";"";"";"";"";"2025-12-27 07:47:58.365"
91;120;"522637";"E2806995200050028406099D";"58014E30";"";"";"";"";"2025-12-27 07:47:58.365"
91;120;"522638";"E2806995200040028401559B";"96019B30";"";"";"";"";"2025-12-27 07:47:58.365"
91;120;"522639";"E2806995200040028402D19B";"08019A30";"";"";"";"";"2025-12-27 07:47:58.365"
91;183;"522655";"E2806995200050028405D19B";"3B01A330";"";"";"";"";"2025-12-27 07:47:58.639"
91;183;"522656";"E2806995200040028406C99C";"0B018830";"";"";"";"";"2025-12-27 07:47:58.639"
91;183;"522657";"E2806995200050028407D59B";"31019730";"";"";"";"";"2025-12-27 07:47:58.640"
91;183;"522658";"E2806995200050028406559B";"C0017930";"";"";"";"";"2025-12-27 07:47:58.640"
91;183;"522659";"E28069952000400284078D9D";"A401A830";"";"";"";"";"2025-12-27 07:47:58.640"
91;183;"522660";"E2806995200040028402559B";"A5019C30";"";"";"";"";"2025-12-27 07:47:58.640"
91;183;"522661";"E2806995200040028403B99B";"DA017830";"";"";"";"";"2025-12-27 07:47:58.640"
91;183;"522662";"E2806995200040028407419B";"19019030";"";"";"";"";"2025-12-27 07:47:58.641"
91;183;"522664";"E2806995200040028401D19E";"69018A30";"";"";"";"";"2025-12-27 07:47:58.641"
91;183;"522665";"E2806995200050028400BD9B";"B6018730";"";"";"";"";"2025-12-27 07:47:58.641"
91;183;"522666";"E28069952000400284033D9E";"B6017C30";"";"";"";"";"2025-12-27 07:47:58.641"
91;183;"522667";"E2806995200040028403219C";"EE019830";"";"";"";"";"2025-12-27 07:47:58.641"
91;183;"522668";"E2806995200050028400359B";"4F017A30";"";"";"";"";"2025-12-27 07:47:58.642"
91;183;"522669";"E2806995200050028405C19C";"92018430";"";"";"";"";"2025-12-27 07:47:58.642"
91;183;"522670";"E2806995200040028407B59C";"52017130";"";"";"";"";"2025-12-27 07:47:58.642"
91;183;"522671";"E2806995200040028409999A";"0E019530";"";"";"";"";"2025-12-27 07:47:58.642"
91;183;"522672";"E2806995200040028401399B";"ED014D30";"";"";"";"";"2025-12-27 07:47:58.642"
91;183;"522674";"E2806995200040028401899C";"4D016030";"";"";"";"";"2025-12-27 07:47:58.643"
91;183;"522676";"E2806995200040028406519B";"F801A930";"";"";"";"";"2025-12-27 07:47:58.643"
91;183;"522677";"E2806995200050028409BD9B";"1B01AB30";"";"";"";"";"2025-12-27 07:47:58.643"
91;183;"522678";"E2806995200040028409259D";"AF019930";"";"";"";"";"2025-12-27 07:47:58.643"
91;183;"522679";"E2806995200050028409B59C";"0F019D30";"";"";"";"";"2025-12-27 07:47:58.643"
91;183;"522680";"E2806995200040028405A19D";"CF018D30";"";"";"";"";"2025-12-27 07:47:58.643"
91;183;"522681";"E2806995200050028405159C";"3A018E30";"";"";"";"";"2025-12-27 07:47:58.644"
91;183;"522682";"E2806995200050028401B99B";"DE015630";"";"";"";"";"2025-12-27 07:47:58.644"
91;183;"522683";"E2806995200050028405559B";"66014F30";"";"";"";"";"2025-12-27 07:47:58.644"
91;183;"522684";"E2806995200050028401519E";"3B017230";"";"";"";"";"2025-12-27 07:47:58.644"
91;183;"522685";"E2806995200050028408959F";"CE015B30";"";"";"";"";"2025-12-27 07:47:58.644"
91;183;"522686";"E2806995200050028404219C";"88017B30";"";"";"";"";"2025-12-27 07:47:58.645"
91;183;"522687";"E2806995200050028400399B";"DD01A130";"";"";"";"";"2025-12-27 07:47:58.645"
91;183;"522688";"E2806995200040028400D59E";"F2014C30";"";"";"";"";"2025-12-27 07:47:58.645"
91;183;"522689";"E2806995200050028403D19E";"3F015430";"";"";"";"";"2025-12-27 07:47:58.645"
91;183;"522690";"E2806995200040028404919C";"F2015130";"";"";"";"";"2025-12-27 07:47:58.645"
91;183;"522691";"E2806995200040028407219D";"F9015930";"";"";"";"";"2025-12-27 07:47:58.646"
91;183;"522692";"E280699520004002840791A3";"B5019130";"";"";"";"";"2025-12-27 07:47:58.646"
91;183;"522693";"E2806995200040028403D59B";"97018B30";"";"";"";"";"2025-12-27 07:47:58.646"
91;183;"522694";"E2806995200050028400A5A2";"47017530";"";"";"";"";"2025-12-27 07:47:58.646"
91;183;"522695";"E2806995200050028408D59B";"6D017730";"";"";"";"";"2025-12-27 07:47:58.646"
91;183;"522696";"E28069952000500284013D9B";"46016730";"";"";"";"";"2025-12-27 07:47:58.646"
91;183;"522698";"E28069952000500284043D9B";"12018F30";"";"";"";"";"2025-12-27 07:47:58.647"
91;183;"522699";"E2806995200050028401219C";"B901A730";"";"";"";"";"2025-12-27 07:47:58.647"
91;195;"522711";"E28069952000400284033D9D";"1101E230";"";"";"";"";"2025-12-27 07:47:58.690"
91;195;"522712";"E280699520004002840329A2";"8D01C130";"";"";"";"";"2025-12-27 07:47:58.690"
91;195;"522713";"E2806995200050028409BD9E";"D001C530";"";"";"";"";"2025-12-27 07:47:58.690"
91;195;"522714";"E2806995200040028402899C";"27020B30";"";"";"";"";"2025-12-27 07:47:58.691"
91;195;"522715";"E28069952000400284059D9D";"BA01DA30";"";"";"";"";"2025-12-27 07:47:58.691"
91;195;"522716";"E2806995200050028400899C";"85020730";"";"";"";"";"2025-12-27 07:47:58.691"
91;195;"522717";"E2806995200050028406299C";"7A01FA30";"";"";"";"";"2025-12-27 07:47:58.691"
91;195;"522718";"E2806995200040028401399D";"7801C630";"";"";"";"";"2025-12-27 07:47:58.691"
91;195;"522719";"E2806995200050028406399B";"75020130";"";"";"";"";"2025-12-27 07:47:58.691"
91;195;"522720";"E2806995200040028404399D";"B901F030";"";"";"";"";"2025-12-27 07:47:58.692"
91;195;"522721";"E280699520004002840451F3";"B001B130";"";"";"";"";"2025-12-27 07:47:58.692"
91;195;"522722";"E2806995200040028402A19C";"44020630";"";"";"";"";"2025-12-27 07:47:58.692"
91;195;"522723";"E2806995200040028406D59B";"AA020E30";"";"";"";"";"2025-12-27 07:47:58.692"
91;150;"522736";"E28069952000400284088D98";"F6020530";"";"";"";"";"2025-12-27 07:47:58.493"
91;150;"522737";"E2806995200050028403919A";"36020330";"";"";"";"";"2025-12-27 07:47:58.493"
91;150;"522738";"E2806995200050028408F198";"C901C930";"";"";"";"";"2025-12-27 07:47:58.493"
91;150;"522739";"E28069952000400284005999";"8401CD30";"";"";"";"";"2025-12-27 07:47:58.493"
91;150;"522740";"E28069952000500284087598";"9501C430";"";"";"";"";"2025-12-27 07:47:58.493"
91;150;"522741";"E28069952000500284087D9A";"1701D930";"";"";"";"";"2025-12-27 07:47:58.493"
91;150;"522742";"E2806995200050028400759A";"B301E830";"";"";"";"";"2025-12-27 07:47:58.493"
91;150;"522743";"E2806995200050028402959A";"6B020A30";"";"";"";"";"2025-12-27 07:47:58.494"
91;150;"522744";"E2806995200040028408159A";"0F01BE30";"";"";"";"";"2025-12-27 07:47:58.494"
91;150;"522745";"E2806995200050028409019A";"BC01D630";"";"";"";"";"2025-12-27 07:47:58.494"
91;150;"522746";"E2806995200050028405199A";"F8021230";"";"";"";"";"2025-12-27 07:47:58.494"
91;150;"522747";"E2806995200050028409159A";"5F01BF30";"";"";"";"";"2025-12-27 07:47:58.494"
91;150;"522748";"E2806995200050028403159A";"0A020C30";"";"";"";"";"2025-12-27 07:47:58.494"
91;150;"522749";"E2806995200050028404E199";"3F01B230";"";"";"";"";"2025-12-27 07:47:58.494"
91;150;"522750";"E2806995200050028406159A";"6801D030";"";"";"";"";"2025-12-27 07:47:58.495"
91;112;"522751";"E2806995200050028404DD99";"EE01DB30";"";"";"";"";"2025-12-27 07:47:58.334"
91;112;"522752";"E28069952000400284004199";"9201B830";"";"";"";"";"2025-12-27 07:47:58.334"
91;112;"522753";"E2806995200040028407159A";"3101AF30";"";"";"";"";"2025-12-27 07:47:58.334"
91;112;"522754";"E2806995200040028408CD99";"F301FD30";"";"";"";"";"2025-12-27 07:47:58.334"
91;112;"522755";"E2806995200040028400719A";"2A01DF30";"";"";"";"";"2025-12-27 07:47:58.334"
91;112;"522756";"E2806995200040028402159A";"6A01F230";"";"";"";"";"2025-12-27 07:47:58.334"
91;112;"522757";"E28069952000500284096199";"3E01E630";"";"";"";"";"2025-12-27 07:47:58.335"
91;112;"522758";"E28069952000400284094D99";"3701CB30";"";"";"";"";"2025-12-27 07:47:58.335"
91;112;"522759";"E28069952000400284084599";"C8020930";"";"";"";"";"2025-12-27 07:47:58.335"
91;112;"522760";"E2806995200050028403FD9A";"8501B030";"";"";"";"";"2025-12-27 07:47:58.335"
91;112;"522761";"E28069952000500284098D98";"A001DE30";"";"";"";"";"2025-12-27 07:47:58.335"
91;112;"522762";"E28069952000400284024999";"5B01B530";"";"";"";"";"2025-12-27 07:47:58.335"
91;112;"522763";"E28069952000400284014599";"9701C230";"";"";"";"";"2025-12-27 07:47:58.335"
91;112;"522764";"E2806995200040028402919A";"A401E430";"";"";"";"";"2025-12-27 07:47:58.335"
91;112;"522765";"E28069952000500284017D9A";"D801EB30";"";"";"";"";"2025-12-27 07:47:58.336"
91;112;"522766";"E2806995200050028400919A";"6001CE30";"";"";"";"";"2025-12-27 07:47:58.336"
91;46;"522771";"E2806995200040028400DD99";"2D01F330";"";"";"";"";"2025-12-27 07:47:57.957"
91;46;"522772";"E2806995200050028407E199";"03021130";"";"";"";"";"2025-12-27 07:47:57.957"
91;46;"522773";"E28069952000400284076199";"C001F130";"";"";"";"";"2025-12-27 07:47:57.957"
91;46;"522774";"E28069952000500284094999";"FA01C730";"";"";"";"";"2025-12-27 07:47:57.957"
91;46;"522775";"E2806995200050028400FD9A";"8F01C830";"";"";"";"";"2025-12-27 07:47:57.958"
91;46;"522777";"E28069952000400284014999";"C101CA30";"";"";"";"";"2025-12-27 07:47:57.958"
91;46;"522779";"E28069952000500284077598";"AE01E330";"";"";"";"";"2025-12-27 07:47:57.958"
91;46;"522781";"E2806995200040028400F99A";"DA01B330";"";"";"";"";"2025-12-27 07:47:57.958"
91;46;"522782";"E28069952000500284077D9A";"DF01E930";"";"";"";"";"2025-12-27 07:47:57.958"
91;46;"522783";"E2806995200040028404159A";"FC01F930";"";"";"";"";"2025-12-27 07:47:57.958"
91;46;"522784";"E2806995200050028401C999";"F701E730";"";"";"";"";"2025-12-27 07:47:57.958"
91;46;"522785";"E2806995200050028407C599";"C801BB30";"";"";"";"";"2025-12-27 07:47:57.959"
91;46;"522786";"E2806995200040028405E199";"C101E130";"";"";"";"";"2025-12-27 07:47:57.959"
91;46;"522787";"E28069952000500284054599";"5601F630";"";"";"";"";"2025-12-27 07:47:57.959"
91;46;"522789";"E2806995200040028404FD9A";"4801D830";"";"";"";"";"2025-12-27 07:47:57.959"
91;46;"522790";"E28069952000400284084999";"A901D430";"";"";"";"";"2025-12-27 07:47:57.959"
91;46;"522791";"E28069952000500284055D99";"E401BD30";"";"";"";"";"2025-12-27 07:47:57.959"
91;46;"522794";"E28069952000400284026199";"A701E530";"";"";"";"";"2025-12-27 07:47:57.960"
91;46;"522795";"E28069952000500284056199";"0E01B730";"";"";"";"";"2025-12-27 07:47:57.960"
91;46;"522796";"E28069952000500284035D99";"DF020830";"";"";"";"";"2025-12-27 07:47:57.960"
91;46;"522797";"E2806995200040028406959A";"6301BA30";"";"";"";"";"2025-12-27 07:47:57.960"
91;46;"522798";"E2806995200050028407959A";"0D021030";"";"";"";"";"2025-12-27 07:47:57.960"
91;46;"522799";"E2806995200050028408C999";"5E020D30";"";"";"";"";"2025-12-27 07:47:57.961"
91;46;"522800";"E28069952000500284097198";"9D01F830";"";"";"";"";"2025-12-27 07:47:57.957"
91;120;"522856";"E2806995200040028409819A";"71054F30";"";"";"";"";"2025-12-27 07:47:58.365"
91;120;"522857";"E2806995200050028402DD99";"1D053730";"";"";"";"";"2025-12-27 07:47:58.365"
91;120;"522858";"E2806995200050028408999A";"96053330";"";"";"";"";"2025-12-27 07:47:58.365"
91;120;"522859";"E28069952000500284090998";"63055D30";"";"";"";"";"2025-12-27 07:47:58.366"
91;171;"522861";"E2806995200040028408E599";"0F059130";"";"";"";"";"2025-12-27 07:47:58.585"
91;171;"522862";"E28069952000500284034999";"FE055430";"";"";"";"";"2025-12-27 07:47:58.585"
91;171;"522863";"E2806995200050028407819A";"E5053630";"";"";"";"";"2025-12-27 07:47:58.586"
91;171;"522864";"E2806995200040028403F99A";"7A057230";"";"";"";"";"2025-12-27 07:47:58.586"
91;171;"522865";"E2806995200040028402799A";"4E054130";"";"";"";"";"2025-12-27 07:47:58.586"
91;171;"522866";"E2806995200040028408FD9A";"7C058D30";"";"";"";"";"2025-12-27 07:47:58.586"
91;171;"522868";"E28069952000500284080D98";"CF055F30";"";"";"";"";"2025-12-27 07:47:58.586"
91;171;"522869";"E28069952000500284070D98";"55057030";"";"";"";"";"2025-12-27 07:47:58.586"
91;171;"522871";"E28069952000400284008D9A";"E8057530";"";"";"";"";"2025-12-27 07:47:58.587"
91;171;"522872";"E2806995200040028402FD9A";"44058430";"";"";"";"";"2025-12-27 07:47:58.587"
91;171;"522873";"E2806995200040028408F598";"A9055630";"";"";"";"";"2025-12-27 07:47:58.587"
91;171;"522874";"E2806995200040028404799A";"BD057E30";"";"";"";"";"2025-12-27 07:47:58.587"
91;171;"522875";"E28069952000400284044599";"6C054A30";"";"";"";"";"2025-12-27 07:47:58.587"
91;171;"522876";"E28069952000400284025D99";"4D053C30";"";"";"";"";"2025-12-27 07:47:58.588"
91;171;"522877";"E2806995200050028404959A";"95055E30";"";"";"";"";"2025-12-27 07:47:58.588"
91;171;"522878";"E28069952000400284057D9A";"D6055230";"";"";"";"";"2025-12-27 07:47:58.588"
91;171;"522879";"E2806995200050028401959A";"52054C30";"";"";"";"";"2025-12-27 07:47:58.588"
91;171;"522881";"E28069952000500284054999";"CD056F30";"";"";"";"";"2025-12-27 07:47:58.589"
91;171;"522882";"E2806995200040028401799A";"7A058330";"";"";"";"";"2025-12-27 07:47:58.589"
91;171;"522883";"E2806995200040028403E199";"CC055C30";"";"";"";"";"2025-12-27 07:47:58.589"
91;171;"522884";"E28069952000400284090D98";"35053430";"";"";"";"";"2025-12-27 07:47:58.589"
91;171;"522888";"E2806995200050028408959A";"39054030";"";"";"";"";"2025-12-27 07:47:58.589"
91;171;"522899";"E2806995200040028401219D";"9C057930";"";"";"";"";"2025-12-27 07:47:58.589"
91;171;"522900";"E2806995200050028400859C";"8F056930";"";"";"";"";"2025-12-27 07:47:58.585"
91;131;"522901";"E2806995200040028408499C";"0E02E130";"";"";"";"";"2025-12-27 07:47:58.415"
91;131;"522902";"E28069952000400284038D9C";"EA030A30";"";"";"";"";"2025-12-27 07:47:58.415"
91;131;"522903";"E28069952000400284093D9E";"73032830";"";"";"";"";"2025-12-27 07:47:58.416"
91;131;"522905";"E28069952000500284004D97";"5E030730";"";"";"";"";"2025-12-27 07:47:58.416"
91;131;"522907";"E2806995200050028406F997";"1E032630";"";"";"";"";"2025-12-27 07:47:58.416"
91;131;"522908";"E2806995200040028407E197";"92033A30";"";"";"";"";"2025-12-27 07:47:58.416"
91;131;"522909";"E28069952000400284027198";"A7031E30";"";"";"";"";"2025-12-27 07:47:58.416"
91;131;"522910";"E2806995200040028400E998";"1802ED30";"";"";"";"";"2025-12-27 07:47:58.416"
91;131;"522911";"E28069952000500284046D98";"2102EA30";"";"";"";"";"2025-12-27 07:47:58.417"
91;131;"522912";"E28069952000500284050998";"C3032930";"";"";"";"";"2025-12-27 07:47:58.417"
91;131;"522949";"E28069952000500284028998";"3202E030";"";"";"";"";"2025-12-27 07:47:58.417"
91;131;"522950";"E2806995200050028404D997";"E002FD30";"";"";"";"";"2025-12-27 07:47:58.417"
91;131;"522951";"E2806995200040028402ED98";"D7030B30";"";"";"";"";"2025-12-27 07:47:58.417"
91;131;"522952";"E28069952000500284057198";"34032130";"";"";"";"";"2025-12-27 07:47:58.417"
91;131;"522953";"E2806995200040028403F197";"13033D30";"";"";"";"";"2025-12-27 07:47:58.418"
91;131;"522954";"E2806995200040028402DD97";"2F032530";"";"";"";"";"2025-12-27 07:47:58.418"
91;131;"522955";"E28069952000500284006997";"08031230";"";"";"";"";"2025-12-27 07:47:58.418"
91;131;"522956";"E28069952000500284030598";"A3032C30";"";"";"";"";"2025-12-27 07:47:58.418"
91;131;"522957";"E28069952000500284026D98";"47030430";"";"";"";"";"2025-12-27 07:47:58.418"
91;131;"522958";"E2806995200040028407F997";"4D033530";"";"";"";"";"2025-12-27 07:47:58.418"
91;131;"522959";"E28069952000500284010198";"C802F430";"";"";"";"";"2025-12-27 07:47:58.419"
91;131;"522960";"E28069952000400284038598";"5702F930";"";"";"";"";"2025-12-27 07:47:58.419"
91;131;"522961";"E2806995200050028402F198";"A602F830";"";"";"";"";"2025-12-27 07:47:58.419"
91;131;"522962";"E28069952000500284067D97";"41033930";"";"";"";"";"2025-12-27 07:47:58.419"
91;131;"522963";"E28069952000500284028598";"0102DC30";"";"";"";"";"2025-12-27 07:47:58.419"
91;131;"522964";"E2806995200050028405F997";"DA030E30";"";"";"";"";"2025-12-27 07:47:58.419"
91;131;"522965";"E2806995200040028406F198";"56032330";"";"";"";"";"2025-12-27 07:47:58.420"
91;131;"522966";"E2806995200040028404ED98";"24033430";"";"";"";"";"2025-12-27 07:47:58.420"
91;131;"522967";"E28069952000400284045997";"27033B30";"";"";"";"";"2025-12-27 07:47:58.420"
91;131;"522968";"E2806995200050028401F197";"E402E430";"";"";"";"";"2025-12-27 07:47:58.420"
91;131;"522969";"E2806995200050028406E197";"0502F530";"";"";"";"";"2025-12-27 07:47:58.420"
91;131;"522970";"E28069952000500284016D98";"15030F30";"";"";"";"";"2025-12-27 07:47:58.420"
91;131;"522971";"E28069952000500284047597";"4F031A30";"";"";"";"";"2025-12-27 07:47:58.421"
91;131;"522972";"E28069952000400284040998";"C502EF30";"";"";"";"";"2025-12-27 07:47:58.421"
91;131;"522973";"E28069952000400284016998";"4B031630";"";"";"";"";"2025-12-27 07:47:58.421"
91;44;"522974";"E28069952000400284077D97";"B502E630";"";"";"";"";"2025-12-27 07:47:57.952"
91;44;"522976";"E28069952000400284018198";"9802FF30";"";"";"";"";"2025-12-27 07:47:57.952"
91;44;"522977";"E28069952000500284048598";"3002FB30";"";"";"";"";"2025-12-27 07:47:57.952"
91;44;"522978";"E28069952000400284057997";"7802FC30";"";"";"";"";"2025-12-27 07:47:57.952"
91;44;"522979";"E28069952000500284006998";"EF032A30";"";"";"";"";"2025-12-27 07:47:57.952"
91;44;"522980";"E28069952000400284096197";"9902F630";"";"";"";"";"2025-12-27 07:47:57.953"
91;44;"522981";"E2806995200050028403F597";"8F033C30";"";"";"";"";"2025-12-27 07:47:57.953"
91;44;"522983";"E28069952000400284057597";"DD02E330";"";"";"";"";"2025-12-27 07:47:57.953"
91;44;"522984";"E2806995200040028406E597";"AA02E730";"";"";"";"";"2025-12-27 07:47:57.953"
91;44;"522985";"E28069952000500284025D97";"1E032230";"";"";"";"";"2025-12-27 07:47:57.953"
91;44;"522986";"E28069952000500284018598";"95031730";"";"";"";"";"2025-12-27 07:47:57.953"
91;44;"522987";"E28069952000500284006597";"AC030330";"";"";"";"";"2025-12-27 07:47:57.954"
91;44;"522988";"E28069952000500284015D97";"BA030830";"";"";"";"";"2025-12-27 07:47:57.954"
91;44;"522989";"E28069952000400284020598";"3702F130";"";"";"";"";"2025-12-27 07:47:57.954"
91;44;"522990";"E2806995200040028401DD97";"2B02E930";"";"";"";"";"2025-12-27 07:47:57.954"
91;44;"522991";"E28069952000500284027597";"E9031030";"";"";"";"";"2025-12-27 07:47:57.954"
91;44;"522994";"E28069952000400284008598";"A202DE30";"";"";"";"";"2025-12-27 07:47:57.954"
91;44;"522997";"E28069952000500284048998";"3702FE30";"";"";"";"";"2025-12-27 07:47:57.955"
91;44;"523000";"E28069952000400284055D97";"DE02EC30";"";"";"";"";"2025-12-27 07:47:57.952"
91;98;"523001";"E2806995200050028404C999";"78E17330";"";"";"";"";"2025-12-27 07:47:58.229"
91;98;"523003";"E2806995200040028403959A";"E4E1B130";"";"";"";"";"2025-12-27 07:47:58.229"
91;98;"523005";"E2806995200050028405FD9A";"06E17830";"";"";"";"";"2025-12-27 07:47:58.229"
91;98;"523006";"E2806995200050028404F99A";"59E18230";"";"";"";"";"2025-12-27 07:47:58.229"
91;98;"523007";"E2806995200040028400C599";"EEE1AE30";"";"";"";"";"2025-12-27 07:47:58.230"
91;98;"523009";"E28069952000400284070998";"DEE17D30";"";"";"";"";"2025-12-27 07:47:58.230"
91;98;"523010";"E28069952000400284098998";"80E16430";"";"";"";"";"2025-12-27 07:47:58.230"
91;98;"523011";"E28069952000500284027D9A";"00E19130";"";"";"";"";"2025-12-27 07:47:58.230"
91;98;"523015";"E2806995200040028406999A";"10E17030";"";"";"";"";"2025-12-27 07:47:58.230"
91;98;"523016";"E2806995200050028403799A";"99E1A430";"";"";"";"";"2025-12-27 07:47:58.230"
91;98;"523017";"E2806995200050028401E199";"2FE19430";"";"";"";"";"2025-12-27 07:47:58.231"
91;98;"523018";"E2806995200050028402C599";"BAE16C30";"";"";"";"";"2025-12-27 07:47:58.231"
91;98;"523019";"E2806995200040028403DD99";"C3E1AC30";"";"";"";"";"2025-12-27 07:47:58.232"
91;98;"523020";"E28069952000500284066199";"8AE16930";"";"";"";"";"2025-12-27 07:47:58.233"
91;98;"523021";"E2806995200050028409199A";"2AE1BE30";"";"";"";"";"2025-12-27 07:47:58.233"
91;98;"523022";"E2806995200050028406199A";"D1E17230";"";"";"";"";"2025-12-27 07:47:58.233"
91;98;"523023";"E2806995200050028409CD99";"BEE1A030";"";"";"";"";"2025-12-27 07:47:58.233"
91;98;"523024";"E28069952000400284075D99";"F1E18730";"";"";"";"";"2025-12-27 07:47:58.234"
91;98;"523027";"E2806995200040028406E199";"ECE1A830";"";"";"";"";"2025-12-27 07:47:58.236"
91;100;"523031";"E28069952000500284064999";"EAE19930";"";"";"";"";"2025-12-27 07:47:58.244"
91;100;"523032";"E2806995200050028401DD99";"AAE1C630";"";"";"";"";"2025-12-27 07:47:58.244"
91;100;"523033";"E28069952000500284088998";"D1E16B30";"";"";"";"";"2025-12-27 07:47:58.244"
91;100;"523034";"E2806995200050028407DD99";"C0E18030";"";"";"";"";"2025-12-27 07:47:58.245"
91;100;"523035";"E28069952000400284080998";"81E18F30";"";"";"";"";"2025-12-27 07:47:58.245"
91;100;"523036";"E2806995200040028405C599";"1AE1AF30";"";"";"";"";"2025-12-27 07:47:58.245"
91;100;"523037";"E2806995200050028409599B";"DBE18530";"";"";"";"";"2025-12-27 07:47:58.245"
91;100;"523038";"E2806995200050028401119A";"EEE18D30";"";"";"";"";"2025-12-27 07:47:58.245"
91;136;"523039";"E2806995200050028406F598";"22E1BC30";"";"";"";"";"2025-12-27 07:47:58.439"
91;136;"523040";"E28069952000400284097D9A";"39E17B30";"";"";"";"";"2025-12-27 07:47:58.439"
91;136;"523041";"E2806995200040028408019A";"F2E17630";"";"";"";"";"2025-12-27 07:47:58.439"
91;136;"523042";"E2806995200050028406FD9A";"C2E1BF30";"";"";"";"";"2025-12-27 07:47:58.439"
91;136;"523043";"E2806995200040028401FD9A";"93E17730";"";"";"";"";"2025-12-27 07:47:58.440"
91;136;"523044";"E28069952000400284067D9A";"07E16A30";"";"";"";"";"2025-12-27 07:47:58.440"
91;136;"523047";"E2806995200050028407C999";"ECE1B730";"";"";"";"";"2025-12-27 07:47:58.440"
91;136;"523048";"E2806995200040028405959A";"76E16D30";"";"";"";"";"2025-12-27 07:47:58.440"
91;136;"523050";"E28069952000400284097598";"8BE18830";"";"";"";"";"2025-12-27 07:47:58.440"
91;136;"523051";"E2806995200040028408199A";"DCE19D30";"";"";"";"";"2025-12-27 07:47:58.440"
91;136;"523052";"E2806995200040028407FD9A";"36E16F30";"";"";"";"";"2025-12-27 07:47:58.441"
91;136;"523053";"E28069952000500284078998";"41E1C730";"";"";"";"";"2025-12-27 07:47:58.441"
91;136;"523054";"E2806995200050028401F99A";"CBE1A530";"";"";"";"";"2025-12-27 07:47:58.441"
91;136;"523055";"E2806995200040028405DD99";"30E17C30";"";"";"";"";"2025-12-27 07:47:58.441"
91;136;"523056";"E2806995200050028406019A";"9DE16830";"";"";"";"";"2025-12-27 07:47:58.441"
91;136;"523057";"E28069952000500284060598";"48E19C30";"";"";"";"";"2025-12-27 07:47:58.441"
91;136;"523058";"E2806995200040028405119C";"B7E19B30";"";"";"";"";"2025-12-27 07:47:58.442"
91;136;"523059";"E2806995200050028404C599";"DDE18330";"";"";"";"";"2025-12-27 07:47:58.442"
91;136;"523060";"E2806995200040028408D996";"22E18430";"";"";"";"";"2025-12-27 07:47:58.442"
91;136;"523061";"E28069952000500284012196";"BDE17530";"";"";"";"";"2025-12-27 07:47:58.442"
91;136;"523062";"E28069952000400284022996";"B2E1B530";"";"";"";"";"2025-12-27 07:47:58.442"
91;136;"523063";"E2806995200040028403BD96";"CCE19730";"";"";"";"";"2025-12-27 07:47:58.442"
91;136;"523064";"E2806995200050028401A596";"21E19330";"";"";"";"";"2025-12-27 07:47:58.443"
91;21;"523065";"E28069952000500284053196";"98E1A330";"";"";"";"";"2025-12-27 07:47:57.830"
91;21;"523066";"E28069952000400284003595";"9FE1A630";"";"";"";"";"2025-12-27 07:47:57.830"
91;21;"523068";"E2806995200040028407CD96";"92E1B830";"";"";"";"";"2025-12-27 07:47:57.830"
91;21;"523069";"E28069952000500284097596";"1CE16730";"";"";"";"";"2025-12-27 07:47:57.830"
91;167;"523072";"E2806995200040028401D595";"76E1A130";"";"";"";"";"2025-12-27 07:47:58.576"
91;167;"523073";"E28069952000400284004D95";"F2E1C530";"";"";"";"";"2025-12-27 07:47:58.576"
91;167;"523074";"E28069952000400284032196";"D9E1B630";"";"";"";"";"2025-12-27 07:47:58.576"
91;167;"523075";"E28069952000400284033996";"56E1BA30";"";"";"";"";"2025-12-27 07:47:58.577"
91;167;"523077";"E28069952000400284008196";"12E1B030";"";"";"";"";"2025-12-27 07:47:58.577"
91;167;"523078";"E2806995200050028401A996";"26E17930";"";"";"";"";"2025-12-27 07:47:58.577"
91;25;"523080";"E28069952000500284097D97";"C4E1A730";"";"";"";"";"2025-12-27 07:47:57.848"
91;25;"523081";"E2806995200050028400B995";"6CE19630";"";"";"";"";"2025-12-27 07:47:57.848"
91;25;"523082";"E28069952000400284044596";"9DE19F30";"";"";"";"";"2025-12-27 07:47:57.848"
91;25;"523083";"E2806995200050028407C996";"0EE1B930";"";"";"";"";"2025-12-27 07:47:57.848"
91;25;"523084";"E2806995200050028400D595";"D0E16E30";"";"";"";"";"2025-12-27 07:47:57.848"
91;25;"523085";"E28069952000500284054996";"6FE1AB30";"";"";"";"";"2025-12-27 07:47:57.848"
91;25;"523086";"E28069952000400284074596";"ADE16530";"";"";"";"";"2025-12-27 07:47:57.848"
91;25;"523087";"E28069952000400284031D96";"94E17F30";"";"";"";"";"2025-12-27 07:47:57.849"
91;25;"523088";"E2806995200040028407E596";"C1E1B430";"";"";"";"";"2025-12-27 07:47:57.849"
91;25;"523090";"E28069952000500284095D96";"1CE17A30";"";"";"";"";"2025-12-27 07:47:57.849"
91;128;"523091";"E28069952000400284054D96";"69E1C130";"";"";"";"";"2025-12-27 07:47:58.399"
91;128;"523092";"E28069952000500284010996";"D0E1C330";"";"";"";"";"2025-12-27 07:47:58.399"
91;128;"523094";"E28069952000400284065996";"DDE19530";"";"";"";"";"2025-12-27 07:47:58.399"
91;128;"523095";"E28069952000400284003995";"CCE19830";"";"";"";"";"2025-12-27 07:47:58.400"
91;128;"523096";"E28069952000400284053596";"30E17430";"";"";"";"";"2025-12-27 07:47:58.400"
91;128;"523098";"E28069952000400284097997";"6DE17E30";"";"";"";"";"2025-12-27 07:47:58.400"
91;128;"523099";"E2806995200040028400D195";"21E1C430";"";"";"";"";"2025-12-27 07:47:58.400"
91;128;"523100";"E28069952000400284086D96";"C7E1BD30";"";"";"";"";"2025-12-27 07:47:58.396"
91;34;"523101";"E28069952000400284042596";"25DE1430";"";"";"";"";"2025-12-27 07:47:57.900"
91;34;"523102";"E2806995200050028404B196";"0FDDF130";"";"";"";"";"2025-12-27 07:47:57.900"
91;34;"523103";"E28069952000500284086996";"CCDDE430";"";"";"";"";"2025-12-27 07:47:57.900"
91;34;"523104";"E2806995200050028408ED96";"04DE2830";"";"";"";"";"2025-12-27 07:47:57.900"
91;34;"523105";"E2806995200040028409DD96";"EDDE1D30";"";"";"";"";"2025-12-27 07:47:57.900"
91;34;"523106";"E2806995200040028407E996";"95DE2B30";"";"";"";"";"2025-12-27 07:47:57.900"
91;34;"523108";"E2806995200050028404C596";"5CDDE830";"";"";"";"";"2025-12-27 07:47:57.901"
91;34;"523109";"E2806995200040028409E597";"7EDE1F30";"";"";"";"";"2025-12-27 07:47:57.901"
91;34;"523110";"E2806995200050028409E197";"E2DE1E30";"";"";"";"";"2025-12-27 07:47:57.901"
91;34;"523111";"E2806995200040028408F196";"D2DDE930";"";"";"";"";"2025-12-27 07:47:57.901"
91;34;"523112";"E2806995200050028401BD95";"52DE0430";"";"";"";"";"2025-12-27 07:47:57.901"
91;34;"523113";"E28069952000400284074996";"99DE1730";"";"";"";"";"2025-12-27 07:47:57.902"
91;34;"523114";"E2806995200040028400BD95";"A7DE3530";"";"";"";"";"2025-12-27 07:47:57.902"
91;34;"523115";"E2806995200050028402B196";"3CDE3430";"";"";"";"";"2025-12-27 07:47:57.902"
91;34;"523116";"E2806995200050028405B996";"F2DE2F30";"";"";"";"";"2025-12-27 07:47:57.902"
91;34;"523117";"E28069952000500284014195";"04DE4230";"";"";"";"";"2025-12-27 07:47:57.902"
91;34;"523118";"E2806995200050028403B996";"A3DDF430";"";"";"";"";"2025-12-27 07:47:57.903"
91;34;"523119";"E2806995200040028406DD96";"74DE2030";"";"";"";"";"2025-12-27 07:47:57.903"
91;34;"523120";"E2806995200040028408D596";"26DE1830";"";"";"";"";"2025-12-27 07:47:57.903"
91;34;"523121";"E28069952000400284021596";"0DDDFF30";"";"";"";"";"2025-12-27 07:47:57.903"
91;34;"523122";"E2806995200050028406D996";"DEDDFA30";"";"";"";"";"2025-12-27 07:47:57.903"
91;34;"523123";"E2806995200050028405B596";"F6DE3830";"";"";"";"";"2025-12-27 07:47:57.904"
91;34;"523124";"E28069952000400284065596";"BCDE3D30";"";"";"";"";"2025-12-27 07:47:57.904"
91;34;"523125";"E28069952000400284095996";"85DE2930";"";"";"";"";"2025-12-27 07:47:57.904"
91;34;"523126";"E28069952000400284023196";"59DE0830";"";"";"";"";"2025-12-27 07:47:57.904"
91;34;"523127";"E28069952000500284018D96";"7CDE4030";"";"";"";"";"2025-12-27 07:47:57.904"
91;34;"523128";"E28069952000400284023D95";"C0DDFD30";"";"";"";"";"2025-12-27 07:47:57.905"
91;34;"523129";"E28069952000400284076196";"F9DDF630";"";"";"";"";"2025-12-27 07:47:57.905"
91;34;"523130";"E28069952000500284009D96";"A0DE3E30";"";"";"";"";"2025-12-27 07:47:57.905"
91;34;"523132";"E28069952000400284063996";"05DDE230";"";"";"";"";"2025-12-27 07:47:57.905"
91;34;"523133";"E28069952000400284087D97";"06DE3630";"";"";"";"";"2025-12-27 07:47:57.905"
91;34;"523134";"E2806995200050028408FD97";"91DE1330";"";"";"";"";"2025-12-27 07:47:57.906"
91;34;"523135";"E28069952000400284042996";"21DE0330";"";"";"";"";"2025-12-27 07:47:57.906"
91;34;"523137";"E28069952000400284064196";"A0DE0B30";"";"";"";"";"2025-12-27 07:47:57.906"
91;34;"523138";"E28069952000400284013D95";"93DE0630";"";"";"";"";"2025-12-27 07:47:57.906"
91;34;"523139";"E28069952000400284019196";"63DDFB30";"";"";"";"";"2025-12-27 07:47:57.906"
91;34;"523140";"E28069952000400284033596";"67DDEF30";"";"";"";"";"2025-12-27 07:47:57.906"
91;86;"523153";"E2806995200040028404F594";"3DDE3130";"";"";"";"";"2025-12-27 07:47:58.176"
91;86;"523155";"E2806995200050028403C195";"08DDEA30";"";"";"";"";"2025-12-27 07:47:58.176"
91;86;"523156";"E28069952000400284048D94";"AADE3B30";"";"";"";"";"2025-12-27 07:47:58.176"
91;86;"523157";"E28069952000400284057594";"5BDDE330";"";"";"";"";"2025-12-27 07:47:58.176"
91;86;"523158";"E2806995200040028405BD95";"60DE2730";"";"";"";"";"2025-12-27 07:47:58.176"
91;86;"523159";"E2806995200050028403A196";"BDDE0F30";"";"";"";"";"2025-12-27 07:47:58.176"
91;86;"523160";"E2806995200040028404F994";"ADDE1930";"";"";"";"";"2025-12-27 07:47:58.177"
91;86;"523161";"E2806995200040028409DD95";"D2DE1B30";"";"";"";"";"2025-12-27 07:47:58.177"
91;86;"523162";"E2806995200050028402BD95";"33DE1C30";"";"";"";"";"2025-12-27 07:47:58.177"
91;86;"523163";"E28069952000400284050D94";"5EDE0C30";"";"";"";"";"2025-12-27 07:47:58.177"
91;86;"523164";"E2806995200040028402C195";"5BDE0730";"";"";"";"";"2025-12-27 07:47:58.177"
91;26;"523165";"E28069952000400284055595";"85DDF530";"";"";"";"";"2025-12-27 07:47:57.849"
91;26;"523166";"E2806995200050028405D995";"85DE2C30";"";"";"";"";"2025-12-27 07:47:57.851"
91;26;"523167";"E28069952000400284065995";"B7DE2D30";"";"";"";"";"2025-12-27 07:47:57.852"
91;26;"523168";"E28069952000400284087D94";"61DE4330";"";"";"";"";"2025-12-27 07:47:57.852"
91;26;"523169";"E28069952000400284089594";"43DE4130";"";"";"";"";"2025-12-27 07:47:57.852"
91;26;"523170";"E28069952000500284045995";"72DE0930";"";"";"";"";"2025-12-27 07:47:57.852"
91;26;"523171";"E28069952000500284038D94";"F8DE0E30";"";"";"";"";"2025-12-27 07:47:57.852"
91;26;"523172";"E28069952000400284067994";"3CDDF030";"";"";"";"";"2025-12-27 07:47:57.853"
91;26;"523173";"E2806995200050028406D995";"82DDEC30";"";"";"";"";"2025-12-27 07:47:57.853"
91;26;"523174";"E28069952000400284037994";"3DDE3C30";"";"";"";"";"2025-12-27 07:47:57.853"
91;26;"523175";"E28069952000400284057994";"CFDDF330";"";"";"";"";"2025-12-27 07:47:57.853"
91;26;"523176";"E28069952000500284024195";"ADDE2E30";"";"";"";"";"2025-12-27 07:47:57.853"
91;26;"523177";"E28069952000400284060D94";"39DE3030";"";"";"";"";"2025-12-27 07:47:57.853"
91;26;"523178";"E28069952000500284061194";"8FDE0D30";"";"";"";"";"2025-12-27 07:47:57.854"
91;26;"523179";"E28069952000500284025595";"E7DE3F30";"";"";"";"";"2025-12-27 07:47:57.854"
91;179;"523185";"E28069952000500284085995";"4BDE2630";"";"";"";"";"2025-12-27 07:47:58.621"
91;179;"523186";"E28069952000400284035595";"82DDF730";"";"";"";"";"2025-12-27 07:47:58.621"
91;179;"523187";"E28069952000400284041194";"BBDE2230";"";"";"";"";"2025-12-27 07:47:58.621"
91;179;"523189";"E28069952000500284087994";"C5DE3330";"";"";"";"";"2025-12-27 07:47:58.621"
91;160;"523201";"E28069952000400284025997";"88C29430";"";"";"";"";"2025-12-27 07:47:58.539"
91;160;"523202";"E2806995200040028404DD97";"D3C29B30";"";"";"";"";"2025-12-27 07:47:58.540"
91;160;"523203";"E2806995200040028400D997";"27C2D630";"";"";"";"";"2025-12-27 07:47:58.540"
91;160;"523204";"E28069952000500284006598";"D4C2BD30";"";"";"";"";"2025-12-27 07:47:58.540"
91;160;"523205";"E28069952000400284058598";"CCC28F30";"";"";"";"";"2025-12-27 07:47:58.540"
91;160;"523206";"E28069952000400284047197";"1AC2BA30";"";"";"";"";"2025-12-27 07:47:58.540"
91;160;"523207";"E28069952000400284036D98";"29C28B30";"";"";"";"";"2025-12-27 07:47:58.540"
91;160;"523208";"E28069952000500284037198";"A4C2D530";"";"";"";"";"2025-12-27 07:47:58.541"
91;160;"523210";"E28069952000400284038998";"AAC2AE30";"";"";"";"";"2025-12-27 07:47:58.541"
91;64;"523211";"E2806995200050028401D997";"2AC29230";"";"";"";"";"2025-12-27 07:47:58.055"
91;64;"523212";"E28069952000500284030998";"F9C2B730";"";"";"";"";"2025-12-27 07:47:58.055"
91;64;"523213";"E28069952000400284037597";"4BC2D330";"";"";"";"";"2025-12-27 07:47:58.055"
91;64;"523214";"E2806995200050028404F197";"12C2C230";"";"";"";"";"2025-12-27 07:47:58.056"
91;64;"523215";"E2806995200050028405ED98";"82C2CF30";"";"";"";"";"2025-12-27 07:47:58.056"
91;64;"523216";"E2806995200050028401E998";"E5C29730";"";"";"";"";"2025-12-27 07:47:58.056"
91;64;"523217";"E28069952000500284086197";"68C2C430";"";"";"";"";"2025-12-27 07:47:58.056"
91;64;"523218";"E2806995200040028408F997";"8FC2B230";"";"";"";"";"2025-12-27 07:47:58.056"
91;64;"523219";"E28069952000400284017197";"D9C29030";"";"";"";"";"2025-12-27 07:47:58.056"
91;64;"523220";"E28069952000500284050598";"00C2CB30";"";"";"";"";"2025-12-27 07:47:58.057"
91;64;"523221";"E28069952000500284020198";"5BC2CE30";"";"";"";"";"2025-12-27 07:47:58.057"
91;64;"523222";"E2806995200040028404F597";"41C29D30";"";"";"";"";"2025-12-27 07:47:58.057"
91;64;"523223";"E2806995200050028400DD97";"80C2B430";"";"";"";"";"2025-12-27 07:47:58.057"
91;64;"523224";"E28069952000500284017994";"75C2E230";"";"";"";"";"2025-12-27 07:47:58.057"
91;64;"523225";"E2806995200050028403CD93";"78C2D730";"";"";"";"";"2025-12-27 07:47:58.057"
91;64;"523226";"E28069952000400284005593";"F6C2C930";"";"";"";"";"2025-12-27 07:47:58.058"
91;64;"523227";"E2806995200040028400F194";"82C2A630";"";"";"";"";"2025-12-27 07:47:58.058"
91;64;"523228";"E28069952000500284020D94";"73C2DA30";"";"";"";"";"2025-12-27 07:47:58.058"
91;64;"523230";"E28069952000500284035D93";"64C2A730";"";"";"";"";"2025-12-27 07:47:58.058"
91;64;"523231";"E28069952000500284036193";"14C2C630";"";"";"";"";"2025-12-27 07:47:58.058"
91;64;"523232";"E2806995200050028402E193";"B4C2CA30";"";"";"";"";"2025-12-27 07:47:58.058"
91;64;"523233";"E28069952000400284008994";"13C28830";"";"";"";"";"2025-12-27 07:47:58.059"
91;64;"523234";"E28069952000400284005993";"9BC2A230";"";"";"";"";"2025-12-27 07:47:58.059"
91;64;"523235";"E28069952000400284021194";"63C2C530";"";"";"";"";"2025-12-27 07:47:58.059"
91;198;"523236";"E2806995200040028400C593";"1FC28A30";"";"";"";"";"2025-12-27 07:47:58.719"
91;198;"523237";"E28069952000400284006D94";"9CC2E530";"";"";"";"";"2025-12-27 07:47:58.719"
91;155;"523251";"E28069952000500284017594";"85C2C830";"";"";"";"";"2025-12-27 07:47:58.517"
91;155;"523252";"E2806995200040028400C993";"D9C28530";"";"";"";"";"2025-12-27 07:47:58.518"
91;155;"523253";"E2806995200050028404C993";"4EC29630";"";"";"";"";"2025-12-27 07:47:58.518"
91;155;"523254";"E28069952000400284010994";"7DC2D430";"";"";"";"";"2025-12-27 07:47:58.518"
91;155;"523255";"E28069952000500284007194";"E7C29A30";"";"";"";"";"2025-12-27 07:47:58.518"
91;155;"523256";"E2806995200040028401F994";"48C2AD30";"";"";"";"";"2025-12-27 07:47:58.518"
91;155;"523257";"E2806995200040028403E193";"2DC2B130";"";"";"";"";"2025-12-27 07:47:58.518"
91;155;"523258";"E28069952000500284034993";"40C2E030";"";"";"";"";"2025-12-27 07:47:58.519"
91;155;"523259";"E28069952000500284010D94";"4FC28730";"";"";"";"";"2025-12-27 07:47:58.519"
91;155;"523260";"E28069952000400284004193";"7EC2C030";"";"";"";"";"2025-12-27 07:47:58.519"
91;155;"523261";"E28069952000500284054993";"2DC28C30";"";"";"";"";"2025-12-27 07:47:58.519"
91;155;"523262";"E28069952000500284095193";"33C2D930";"";"";"";"";"2025-12-27 07:47:58.519"
91;155;"523263";"E28069952000400284016193";"15C2DE30";"";"";"";"";"2025-12-27 07:47:58.520"
91;155;"523264";"E2806995200050028401C993";"8BC29830";"";"";"";"";"2025-12-27 07:47:58.520"
91;155;"523265";"E28069952000500284044D93";"75C2B330";"";"";"";"";"2025-12-27 07:47:58.520"
91;155;"523266";"E2806995200050028405E593";"E7C2BF30";"";"";"";"";"2025-12-27 07:47:58.520"
91;155;"523267";"E2806995200050028403E593";"20C2B930";"";"";"";"";"2025-12-27 07:47:58.520"
91;155;"523268";"E28069952000500284091192";"CDC2B830";"";"";"";"";"2025-12-27 07:47:58.520"
91;155;"523269";"E2806995200050028409E993";"1FC2B530";"";"";"";"";"2025-12-27 07:47:58.520"
91;155;"523270";"E28069952000400284014993";"BAC29F30";"";"";"";"";"2025-12-27 07:47:58.521"
91;155;"523271";"E28069952000400284080992";"70C2AB30";"";"";"";"";"2025-12-27 07:47:58.521"
91;155;"523272";"E2806995200050028408D193";"03C2D230";"";"";"";"";"2025-12-27 07:47:58.521"
91;155;"523274";"E2806995200050028404E193";"79C2A030";"";"";"";"";"2025-12-27 07:47:58.521"
91;155;"523275";"E28069952000400284085193";"33C2DB30";"";"";"";"";"2025-12-27 07:47:58.521"
91;149;"523277";"E28069952000500284086993";"45C2D030";"";"";"";"";"2025-12-27 07:47:58.490"
91;149;"523278";"E28069952000400284096993";"2FC2BC30";"";"";"";"";"2025-12-27 07:47:58.490"
91;149;"523279";"E28069952000400284015D93";"A0C28D30";"";"";"";"";"2025-12-27 07:47:58.490"
91;149;"523280";"E28069952000400284097992";"28C29C30";"";"";"";"";"2025-12-27 07:47:58.490"
91;149;"523281";"E2806995200050028406CD93";"D1C29330";"";"";"";"";"2025-12-27 07:47:58.490"
91;149;"523282";"E28069952000400284096593";"8DC28930";"";"";"";"";"2025-12-27 07:47:58.490"
91;149;"523283";"E2806995200040028408E593";"7DC28630";"";"";"";"";"2025-12-27 07:47:58.491"
91;149;"523284";"E2806995200050028402C593";"B2C2DC30";"";"";"";"";"2025-12-27 07:47:58.491"
91;149;"523287";"E28069952000400284026193";"22C2E130";"";"";"";"";"2025-12-27 07:47:58.491"
91;149;"523288";"E2806995200050028405CD93";"44C2B630";"";"";"";"";"2025-12-27 07:47:58.491"
91;160;"523289";"E28069952000500284076993";"18C2D130";"";"";"";"";"2025-12-27 07:47:58.544"
91;160;"523290";"E28069952000400284075193";"9DC2CD30";"";"";"";"";"2025-12-27 07:47:58.544"
91;160;"523291";"E28069952000500284074D93";"25C2A430";"";"";"";"";"2025-12-27 07:47:58.544"
91;160;"523293";"E2806995200040028407CD93";"25C2AC30";"";"";"";"";"2025-12-27 07:47:58.544"
91;160;"523294";"E28069952000400284014593";"EDC29930";"";"";"";"";"2025-12-27 07:47:58.544"
91;160;"523295";"E28069952000400284025D93";"92C28430";"";"";"";"";"2025-12-27 07:47:58.544"
91;160;"523296";"E28069952000500284065193";"FCC2C330";"";"";"";"";"2025-12-27 07:47:58.545"
91;160;"523297";"E28069952000400284066993";"81C2AA30";"";"";"";"";"2025-12-27 07:47:58.545"
91;160;"523298";"E2806995200040028405E193";"14C2E630";"";"";"";"";"2025-12-27 07:47:58.545"
91;160;"523299";"E2806995200040028404E593";"8EC2C130";"";"";"";"";"2025-12-27 07:47:58.545"
91;20;"523300";"E28069952000400284054D93";"87C2A830";"";"";"";"";"2025-12-27 07:47:57.816"
91;20;"523301";"E2806995200050028405F594";"EEC16030";"";"";"";"";"2025-12-27 07:47:57.816"
91;20;"523302";"E2806995200050028406D595";"51C16E30";"";"";"";"";"2025-12-27 07:47:57.817"
91;20;"523303";"E2806995200040028401C195";"8EC18B30";"";"";"";"";"2025-12-27 07:47:57.817"
91;20;"523304";"E2806995200040028409C595";"7EC1AE30";"";"";"";"";"2025-12-27 07:47:57.817"
91;20;"523305";"E28069952000400284055995";"03C1AD30";"";"";"";"";"2025-12-27 07:47:57.817"
91;20;"523306";"E28069952000500284025995";"A2C18F30";"";"";"";"";"2025-12-27 07:47:57.817"
91;20;"523307";"E28069952000400284095995";"F8C17530";"";"";"";"";"2025-12-27 07:47:57.817"
91;20;"523308";"E28069952000400284054195";"DFC1B030";"";"";"";"";"2025-12-27 07:47:57.817"
91;20;"523309";"E2806995200050028407FD94";"B5C19930";"";"";"";"";"2025-12-27 07:47:57.817"
91;20;"523310";"E28069952000400284043D95";"43C17B30";"";"";"";"";"2025-12-27 07:47:57.818"
91;20;"523311";"E2806995200040028408C195";"70C15930";"";"";"";"";"2025-12-27 07:47:57.818"
91;20;"523312";"E28069952000500284058D94";"E8C16330";"";"";"";"";"2025-12-27 07:47:57.818"
91;20;"523313";"E28069952000400284091594";"ABC19430";"";"";"";"";"2025-12-27 07:47:57.818"
91;20;"523314";"E28069952000400284085D95";"F7C18C30";"";"";"";"";"2025-12-27 07:47:57.818"
91;20;"523315";"E28069952000500284077994";"BDC1AF30";"";"";"";"";"2025-12-27 07:47:57.818"
91;20;"523316";"E28069952000400284059194";"9EC15A30";"";"";"";"";"2025-12-27 07:47:57.818"
91;20;"523317";"E28069952000400284075D95";"9FC1BA30";"";"";"";"";"2025-12-27 07:47:57.819"
91;20;"523318";"E2806995200050028406C195";"DEC1A230";"";"";"";"";"2025-12-27 07:47:57.819"
91;20;"523319";"E28069952000500284074195";"8CC1B730";"";"";"";"";"2025-12-27 07:47:57.819"
91;20;"523320";"E28069952000400284097994";"B4C19730";"";"";"";"";"2025-12-27 07:47:57.819"
91;20;"523321";"E2806995200040028407C195";"8AC19B30";"";"";"";"";"2025-12-27 07:47:57.819"
91;20;"523322";"E2806995200050028403D595";"55C18530";"";"";"";"";"2025-12-27 07:47:57.819"
91;20;"523323";"E28069952000500284069594";"54C18730";"";"";"";"";"2025-12-27 07:47:57.819"
91;20;"523324";"E28069952000400284079594";"C1C15B30";"";"";"";"";"2025-12-27 07:47:57.819"
91;20;"523325";"E2806995200050028406F994";"1AC16630";"";"";"";"";"2025-12-27 07:47:57.820"
91;146;"523361";"E2806995200040028401F591";"48C17430";"";"";"";"";"2025-12-27 07:47:58.477"
91;146;"523362";"E28069952000500284047591";"4FC16A30";"";"";"";"";"2025-12-27 07:47:58.478"
91;146;"523363";"E28069952000500284086191";"A9C16530";"";"";"";"";"2025-12-27 07:47:58.478"
91;146;"523364";"E28069952000500284026D92";"6AC17930";"";"";"";"";"2025-12-27 07:47:58.478"
91;146;"523365";"E28069952000500284037192";"7AC16430";"";"";"";"";"2025-12-27 07:47:58.478"
91;146;"523366";"E28069952000500284047592";"77C1A930";"";"";"";"";"2025-12-27 07:47:58.478"
91;146;"523369";"E28069952000400284006191";"A2C18630";"";"";"";"";"2025-12-27 07:47:58.478"
91;146;"523370";"E2806995200040028402DD91";"2DC1A630";"";"";"";"";"2025-12-27 07:47:58.478"
91;146;"523371";"E2806995200050028405E191";"35C17030";"";"";"";"";"2025-12-27 07:47:58.478"
91;146;"523372";"E28069952000500284077591";"BDC16730";"";"";"";"";"2025-12-27 07:47:58.479"
91;146;"523373";"E28069952000400284047192";"2EC19A30";"";"";"";"";"2025-12-27 07:47:58.479"
91;146;"523374";"E2806995200040028407F592";"B3C18930";"";"";"";"";"2025-12-27 07:47:58.479"
91;146;"523375";"E2806995200050028406DD91";"7CC19530";"";"";"";"";"2025-12-27 07:47:58.479"
91;146;"523376";"E28069952000500284027591";"D9C18E30";"";"";"";"";"2025-12-27 07:47:58.479"
91;146;"523377";"E2806995200040028402F592";"E6C18030";"";"";"";"";"2025-12-27 07:47:58.479"
91;146;"523378";"E28069952000500284016D92";"AFC15F30";"";"";"";"";"2025-12-27 07:47:58.479"
91;146;"523379";"E28069952000500284075D91";"7AC1BB30";"";"";"";"";"2025-12-27 07:47:58.480"
91;146;"523380";"E28069952000500284095D95";"F4C19C30";"";"";"";"";"2025-12-27 07:47:58.480"
91;146;"523381";"E28069952000400284006192";"CFC19F30";"";"";"";"";"2025-12-27 07:47:58.480"
91;146;"523382";"E28069952000500284046191";"60C1A030";"";"";"";"";"2025-12-27 07:47:58.480"
91;146;"523384";"E28069952000500284048992";"2AC18D30";"";"";"";"";"2025-12-27 07:47:58.480"
91;146;"523385";"E2806995200040028404DD91";"8DC18830";"";"";"";"";"2025-12-27 07:47:58.480"
91;146;"523386";"E2806995200040028404C195";"E8C19130";"";"";"";"";"2025-12-27 07:47:58.480"
91;146;"523387";"E28069952000500284040D92";"27C16230";"";"";"";"";"2025-12-27 07:47:58.481"
91;146;"523388";"E28069952000500284079194";"0BC19230";"";"";"";"";"2025-12-27 07:47:58.481"
91;48;"523401";"E2806995200050028402F192";"A8DCC230";"";"";"";"";"2025-12-27 07:47:57.965"
91;48;"523402";"E28069952000400284081194";"80DD0030";"";"";"";"";"2025-12-27 07:47:57.966"
91;48;"523403";"E28069952000400284065D91";"CADCE430";"";"";"";"";"2025-12-27 07:47:57.966"
91;48;"523404";"E28069952000500284027991";"38DCF130";"";"";"";"";"2025-12-27 07:47:57.966"
91;48;"523405";"E2806995200050028408DD95";"8CDCBF30";"";"";"";"";"2025-12-27 07:47:57.966"
91;48;"523406";"E28069952000400284057592";"A4DD0630";"";"";"";"";"2025-12-27 07:47:57.966"
91;48;"523407";"E2806995200050028403DD91";"39DCC730";"";"";"";"";"2025-12-27 07:47:57.967"
91;48;"523408";"E2806995200040028402E191";"20DCD830";"";"";"";"";"2025-12-27 07:47:57.967"
91;48;"523409";"E28069952000500284068D92";"A4DCDD30";"";"";"";"";"2025-12-27 07:47:57.967"
91;48;"523410";"E28069952000500284028592";"5ADCD330";"";"";"";"";"2025-12-27 07:47:57.967"
91;48;"523412";"E28069952000500284067192";"CFDCDC30";"";"";"";"";"2025-12-27 07:47:57.967"
91;48;"523413";"E28069952000500284070D92";"F2DCF030";"";"";"";"";"2025-12-27 07:47:57.971"
91;48;"523414";"E28069952000500284076191";"80DD0A30";"";"";"";"";"2025-12-27 07:47:57.972"
91;48;"523415";"E28069952000400284030D94";"A9DCFA30";"";"";"";"";"2025-12-27 07:47:57.972"
91;48;"523416";"E2806995200040028404F591";"C5DCBD30";"";"";"";"";"2025-12-27 07:47:57.972"
91;48;"523417";"E28069952000400284040992";"9CDCFC30";"";"";"";"";"2025-12-27 07:47:57.972"
91;48;"523418";"E28069952000400284060D92";"A0DD0D30";"";"";"";"";"2025-12-27 07:47:57.972"
91;48;"523419";"E28069952000400284010992";"FEDCDE30";"";"";"";"";"2025-12-27 07:47:57.972"
91;48;"523421";"E28069952000400284058992";"CCDCF530";"";"";"";"";"2025-12-27 07:47:57.973"
91;48;"523422";"E28069952000500284018592";"5CDD0330";"";"";"";"";"2025-12-27 07:47:57.973"
91;48;"523423";"E2806995200050028401F192";"9EDCF330";"";"";"";"";"2025-12-27 07:47:57.973"
91;48;"523424";"E2806995200050028400F591";"CCDCFD30";"";"";"";"";"2025-12-27 07:47:57.973"
91;48;"523425";"E28069952000500284047991";"58DCDB30";"";"";"";"";"2025-12-27 07:47:57.973"
91;48;"523427";"E28069952000400284027192";"08DCCC30";"";"";"";"";"2025-12-27 07:47:57.973"
91;48;"523428";"E28069952000500284017591";"58DCC830";"";"";"";"";"2025-12-27 07:47:57.973"
91;48;"523429";"E28069952000400284078D92";"F3DD1630";"";"";"";"";"2025-12-27 07:47:57.973"
91;48;"523430";"E28069952000500284089194";"EEDCBE30";"";"";"";"";"2025-12-27 07:47:57.974"
91;179;"523432";"E28069952000400284037594";"CBDCC330";"";"";"";"";"2025-12-27 07:47:58.618"
91;179;"523433";"E2806995200040028407DD91";"0EDCD230";"";"";"";"";"2025-12-27 07:47:58.618"
91;179;"523434";"E28069952000500284015595";"B7DCD930";"";"";"";"";"2025-12-27 07:47:58.618"
91;179;"523435";"E2806995200040028403BD95";"92DD0730";"";"";"";"";"2025-12-27 07:47:58.619"
91;179;"523436";"E28069952000400284008592";"3BDCC930";"";"";"";"";"2025-12-27 07:47:58.619"
91;179;"523437";"E28069952000500284050992";"98DCC630";"";"";"";"";"2025-12-27 07:47:58.619"
91;179;"523438";"E28069952000400284084595";"CFDD1730";"";"";"";"";"2025-12-27 07:47:58.619"
91;179;"523439";"E2806995200050028403F994";"3ADCEF30";"";"";"";"";"2025-12-27 07:47:58.619"
91;160;"523440";"E2806995200050028400F991";"9DDCDF30";"";"";"";"";"2025-12-27 07:47:58.541"
91;160;"523441";"E2806995200040028404D595";"11DCCF30";"";"";"";"";"2025-12-27 07:47:58.541"
91;160;"523442";"E28069952000500284047594";"38DCFE30";"";"";"";"";"2025-12-27 07:47:58.541"
91;160;"523443";"E28069952000500284053D95";"94DCE330";"";"";"";"";"2025-12-27 07:47:58.541"
91;160;"523444";"E28069952000500284045D91";"38DCEB30";"";"";"";"";"2025-12-27 07:47:58.542"
91;160;"523445";"E2806995200040028402F994";"F8DD1530";"";"";"";"";"2025-12-27 07:47:58.542"
91;160;"523446";"E28069952000500284016191";"B7DD0930";"";"";"";"";"2025-12-27 07:47:58.542"
91;160;"523447";"E28069952000500284067D94";"57DCD130";"";"";"";"";"2025-12-27 07:47:58.542"
91;160;"523448";"E28069952000400284057591";"59DCF830";"";"";"";"";"2025-12-27 07:47:58.542"
91;160;"523449";"E28069952000500284018992";"54DCBC30";"";"";"";"";"2025-12-27 07:47:58.542"
91;160;"523450";"E2806995200040028404E191";"B0DCF730";"";"";"";"";"2025-12-27 07:47:58.543"
91;160;"523451";"E2806995200050028405C195";"0EDCE930";"";"";"";"";"2025-12-27 07:47:58.543"
91;160;"523452";"E28069952000400284077192";"CEDCD030";"";"";"";"";"2025-12-27 07:47:58.543"
91;160;"523453";"E28069952000400284037591";"CFDD1330";"";"";"";"";"2025-12-27 07:47:58.543"
91;160;"523454";"E28069952000500284044195";"3FDD0C30";"";"";"";"";"2025-12-27 07:47:58.543"
91;160;"523455";"E28069952000400284037991";"6ADCEC30";"";"";"";"";"2025-12-27 07:47:58.543"
91;156;"523456";"E28069952000500284068D8F";"58DCED30";"";"";"";"";"2025-12-27 07:47:58.524"
91;156;"523457";"E28069952000500284095D8E";"E4DD0F30";"";"";"";"";"2025-12-27 07:47:58.524"
91;156;"523458";"E2806995200050028400558F";"33DCF630";"";"";"";"";"2025-12-27 07:47:58.524"
91;86;"523468";"E2806995200040028407118F";"4ADD0430";"";"";"";"";"2025-12-27 07:47:58.177"
91;86;"523469";"E2806995200040028408118F";"17DD0530";"";"";"";"";"2025-12-27 07:47:58.177"
91;86;"523470";"E2806995200040028409418E";"99DCB430";"";"";"";"";"2025-12-27 07:47:58.178"
91;86;"523471";"E2806995200040028407F58F";"09DCC530";"";"";"";"";"2025-12-27 07:47:58.178"
91;86;"523472";"E2806995200050028402858F";"56DCE630";"";"";"";"";"2025-12-27 07:47:58.178"
91;86;"523473";"E2806995200050028406F98F";"98DD0130";"";"";"";"";"2025-12-27 07:47:58.178"
91;86;"523474";"E2806995200050028400ED8F";"84DCFF30";"";"";"";"";"2025-12-27 07:47:58.178"
91;86;"523475";"E2806995200050028403718F";"F6DD0230";"";"";"";"";"2025-12-27 07:47:58.178"
91;86;"523476";"E2806995200040028408C18E";"32DCDA30";"";"";"";"";"2025-12-27 07:47:58.178"
91;86;"523477";"E28069952000400284036D8F";"E3DCCB30";"";"";"";"";"2025-12-27 07:47:58.179"
91;86;"523478";"E2806995200040028404098F";"99DCB730";"";"";"";"";"2025-12-27 07:47:58.179"
91;86;"523479";"E2806995200050028403ED8F";"D4DCE830";"";"";"";"";"2025-12-27 07:47:58.179"
91;86;"523480";"E2806995200040028408958F";"7DDCCD30";"";"";"";"";"2025-12-27 07:47:58.179"
91;86;"523481";"E28069952000500284016D8F";"44DD1130";"";"";"";"";"2025-12-27 07:47:58.179"
91;86;"523482";"E2806995200040028403F18F";"F6DCEA30";"";"";"";"";"2025-12-27 07:47:58.179"
91;86;"523483";"E2806995200040028402818F";"FBDD0830";"";"";"";"";"2025-12-27 07:47:58.179"
91;86;"523484";"E28069952000400284050D8F";"0ADCEE30";"";"";"";"";"2025-12-27 07:47:58.180"
91;86;"523485";"E28069952000400284085D8E";"EADCB930";"";"";"";"";"2025-12-27 07:47:58.180"
91;86;"523486";"E2806995200050028405F58F";"F9DCD630";"";"";"";"";"2025-12-27 07:47:58.180"
91;86;"523487";"E2806995200050028408FD8F";"CFDCC030";"";"";"";"";"2025-12-27 07:47:58.180"
91;86;"523488";"E2806995200050028405F98F";"0ADD0E30";"";"";"";"";"2025-12-27 07:47:58.180"
91;86;"523489";"E2806995200040028401058F";"F7DD1230";"";"";"";"";"2025-12-27 07:47:58.180"
91;86;"523490";"E2806995200050028404898F";"06DCE230";"";"";"";"";"2025-12-27 07:47:58.181"
91;86;"523491";"E2806995200050028400598F";"62DCD430";"";"";"";"";"2025-12-27 07:47:58.181"
91;86;"523492";"E2806995200040028402058F";"A7DCE530";"";"";"";"";"2025-12-27 07:47:58.181"
91;86;"523493";"E2806995200040028408F98F";"AADCBA30";"";"";"";"";"2025-12-27 07:47:58.181"
91;86;"523494";"E2806995200050028407758F";"ABDCD730";"";"";"";"";"2025-12-27 07:47:58.181"
91;86;"523495";"E2806995200040028404718F";"91DCE030";"";"";"";"";"2025-12-27 07:47:58.182"
91;86;"523497";"E2806995200050028406F58F";"98DCCE30";"";"";"";"";"2025-12-27 07:47:58.182"
91;86;"523498";"E2806995200040028409DD8E";"E6DCFB30";"";"";"";"";"2025-12-27 07:47:58.182"
91;86;"523499";"E28069952000500284097D8F";"CBDCF230";"";"";"";"";"2025-12-27 07:47:58.182"
91;86;"523500";"E2806995200050028400718F";"05DCE130";"";"";"";"";"2025-12-27 07:47:58.175"
91;173;"523501";"E28069952000500284087592";"1FBC5230";"";"";"";"";"2025-12-27 07:47:58.593"
91;173;"523502";"E28069952000400284064D93";"D4BC6530";"";"";"";"";"2025-12-27 07:47:58.593"
91;173;"523503";"E2806995200040028400E193";"18BC5A30";"";"";"";"";"2025-12-27 07:47:58.593"
91;173;"523504";"E28069952000400284099192";"F8BCA030";"";"";"";"";"2025-12-27 07:47:58.593"
91;173;"523505";"E2806995200050028406E593";"E4BC7130";"";"";"";"";"2025-12-27 07:47:58.593"
91;173;"523506";"E2806995200050028401C593";"7ABC9B30";"";"";"";"";"2025-12-27 07:47:58.593"
91;173;"523507";"E28069952000400284024993";"EFBC9930";"";"";"";"";"2025-12-27 07:47:58.594"
91;173;"523508";"E2806995200050028402C993";"DEBC9E30";"";"";"";"";"2025-12-27 07:47:58.594"
91;173;"523509";"E2806995200050028407D193";"F5BC7F30";"";"";"";"";"2025-12-27 07:47:58.594"
91;173;"523511";"E28069952000400284088D92";"2EBC9D30";"";"";"";"";"2025-12-27 07:47:58.594"
91;173;"523512";"E2806995200040028409D193";"3FBC5130";"";"";"";"";"2025-12-27 07:47:58.594"
91;159;"523513";"E2806995200040028407E593";"D5BC9330";"";"";"";"";"2025-12-27 07:47:58.533"
91;159;"523514";"E2806995200040028404CD93";"D5BC9A30";"";"";"";"";"2025-12-27 07:47:58.533"
91;159;"523515";"E2806995200040028407E993";"E2BC9730";"";"";"";"";"2025-12-27 07:47:58.533"
91;159;"523516";"E2806995200040028405C993";"8CBC4430";"";"";"";"";"2025-12-27 07:47:58.534"
91;159;"523517";"E28069952000500284046593";"21BC5D30";"";"";"";"";"2025-12-27 07:47:58.534"
91;159;"523519";"E28069952000500284080D92";"DCBC6330";"";"";"";"";"2025-12-27 07:47:58.534"
91;75;"523521";"E28069952000400284056593";"D0BC5430";"";"";"";"";"2025-12-27 07:47:58.125"
91;75;"523522";"E2806995200050028409E593";"4DBC4D30";"";"";"";"";"2025-12-27 07:47:58.125"
91;75;"523523";"E28069952000400284094D93";"8EBC4E30";"";"";"";"";"2025-12-27 07:47:58.126"
91;75;"523524";"E28069952000500284084D93";"1FBC4530";"";"";"";"";"2025-12-27 07:47:58.126"
91;75;"523525";"E2806995200040028406D193";"A4BC9F30";"";"";"";"";"2025-12-27 07:47:58.126"
91;75;"523527";"E28069952000400284097592";"D8BC7E30";"";"";"";"";"2025-12-27 07:47:58.126"
91;75;"523528";"E2806995200050028409CD93";"49BC8730";"";"";"";"";"2025-12-27 07:47:58.126"
91;75;"523529";"E28069952000500284086593";"7BBC6230";"";"";"";"";"2025-12-27 07:47:58.126"
91;75;"523530";"E28069952000500284056193";"86BC3D30";"";"";"";"";"2025-12-27 07:47:58.127"
91;75;"523532";"E28069952000500284085D91";"23BC5B30";"";"";"";"";"2025-12-27 07:47:58.127"
91;75;"523533";"E28069952000500284006591";"AFBC5730";"";"";"";"";"2025-12-27 07:47:58.127"
91;75;"523536";"E28069952000400284038992";"8ABC7830";"";"";"";"";"2025-12-27 07:47:58.127"
91;75;"523537";"E2806995200050028403E191";"93BC4C30";"";"";"";"";"2025-12-27 07:47:58.127"
91;75;"523538";"E28069952000500284028992";"BBBC7530";"";"";"";"";"2025-12-27 07:47:58.128"
91;75;"523539";"E2806995200050028403F592";"45BC4F30";"";"";"";"";"2025-12-27 07:47:58.128"
91;75;"523540";"E28069952000500284077592";"86BC8030";"";"";"";"";"2025-12-27 07:47:58.128"
91;75;"523541";"E2806995200050028405F991";"29BC5F30";"";"";"";"";"2025-12-27 07:47:58.128"
91;75;"523542";"E28069952000500284006592";"50BC5530";"";"";"";"";"2025-12-27 07:47:58.128"
91;75;"523543";"E28069952000400284030D92";"E5BC6630";"";"";"";"";"2025-12-27 07:47:58.129"
91;75;"523544";"E2806995200040028403F192";"8EBC6730";"";"";"";"";"2025-12-27 07:47:58.129"
91;75;"523545";"E2806995200040028407F591";"4ABC7630";"";"";"";"";"2025-12-27 07:47:58.129"
91;75;"523546";"E28069952000500284008192";"D0BC8D30";"";"";"";"";"2025-12-27 07:47:58.129"
91;75;"523547";"E2806995200040028400F192";"DCBC8330";"";"";"";"";"2025-12-27 07:47:58.129"
91;75;"523548";"E28069952000400284066191";"00BC8230";"";"";"";"";"2025-12-27 07:47:58.129"
91;75;"523549";"E2806995200050028406F591";"D9BC6130";"";"";"";"";"2025-12-27 07:47:58.130"
91;75;"523550";"E28069952000400284036191";"97BC7C30";"";"";"";"";"2025-12-27 07:47:58.130"
91;75;"523551";"E28069952000400284068992";"DABC4730";"";"";"";"";"2025-12-27 07:47:58.130"
91;75;"523552";"E28069952000500284038D92";"40BC5E30";"";"";"";"";"2025-12-27 07:47:58.130"
91;75;"523553";"E2806995200040028402F991";"7CBC4030";"";"";"";"";"2025-12-27 07:47:58.130"
91;75;"523554";"E2806995200050028405F591";"1ABC8C30";"";"";"";"";"2025-12-27 07:47:58.131"
91;75;"523555";"E28069952000500284060992";"DEBC9830";"";"";"";"";"2025-12-27 07:47:58.131"
91;79;"523576";"E28069952000500284088992";"B1BC8E30";"";"";"";"";"2025-12-27 07:47:58.141"
91;79;"523578";"E2806995200050028406F592";"D4BC7A30";"";"";"";"";"2025-12-27 07:47:58.141"
91;79;"523579";"E28069952000400284087192";"E7BC6930";"";"";"";"";"2025-12-27 07:47:58.141"
91;79;"523580";"E28069952000400284050D92";"10BC7D30";"";"";"";"";"2025-12-27 07:47:58.143"
91;79;"523581";"E2806995200050028408DD90";"F5BC4930";"";"";"";"";"2025-12-27 07:47:58.143"
91;79;"523582";"E2806995200050028404F990";"CEBC4830";"";"";"";"";"2025-12-27 07:47:58.143"
91;79;"523583";"E2806995200040028400E190";"E6BC5630";"";"";"";"";"2025-12-27 07:47:58.143"
91;79;"523586";"E2806995200040028400E98F";"CEBC5C30";"";"";"";"";"2025-12-27 07:47:58.144"
91;79;"523589";"E2806995200040028407F991";"4FBC6F30";"";"";"";"";"2025-12-27 07:47:58.144"
91;79;"523590";"E2806995200040028403E190";"8FBC3E30";"";"";"";"";"2025-12-27 07:47:58.144"
91;79;"523591";"E2806995200050028401F990";"0CBC6C30";"";"";"";"";"2025-12-27 07:47:58.144"
91;79;"523592";"E2806995200040028409DD90";"67BC5030";"";"";"";"";"2025-12-27 07:47:58.144"
91;79;"523593";"E2806995200040028408F992";"7CBC8A30";"";"";"";"";"2025-12-27 07:47:58.144"
91;79;"523594";"E28069952000400284066593";"24BC9230";"";"";"";"";"2025-12-27 07:47:58.145"
91;79;"523595";"E28069952000500284087591";"B0BC5330";"";"";"";"";"2025-12-27 07:47:58.145"
91;79;"523596";"E28069952000500284007590";"39BC9130";"";"";"";"";"2025-12-27 07:47:58.145"
91;79;"523597";"E2806995200050028401E190";"72BC6B30";"";"";"";"";"2025-12-27 07:47:58.145"
91;79;"523598";"E28069952000400284077990";"98BC7330";"";"";"";"";"2025-12-27 07:47:58.145"
91;79;"523599";"E28069952000500284096190";"BABC9630";"";"";"";"";"2025-12-27 07:47:58.146"
91;198;"523601";"E28069952000400284045D90";"63BCDD30";"";"";"";"";"2025-12-27 07:47:58.713"
91;198;"523602";"E28069952000400284027990";"FABCBE30";"";"";"";"";"2025-12-27 07:47:58.713"
91;198;"523603";"E28069952000500284037590";"ACBCB430";"";"";"";"";"2025-12-27 07:47:58.713"
91;198;"523604";"E28069952000400284017590";"C3BCFA30";"";"";"";"";"2025-12-27 07:47:58.713"
91;198;"523605";"E2806995200050028404E190";"8CBCE930";"";"";"";"";"2025-12-27 07:47:58.713"
91;198;"523606";"E28069952000400284095D91";"BFBCF930";"";"";"";"";"2025-12-27 07:47:58.714"
91;198;"523607";"E28069952000500284057990";"53BCEC30";"";"";"";"";"2025-12-27 07:47:58.714"
91;198;"523609";"E2806995200050028409DD91";"DCBD0130";"";"";"";"";"2025-12-27 07:47:58.714"
91;198;"523610";"E2806995200040028408DD91";"EBBCC830";"";"";"";"";"2025-12-27 07:47:58.714"
91;198;"523611";"E2806995200040028403DD90";"F1BCE430";"";"";"";"";"2025-12-27 07:47:58.714"
91;198;"523612";"E2806995200040028406F990";"90BCE630";"";"";"";"";"2025-12-27 07:47:58.714"
91;198;"523613";"E28069952000400284027590";"F6BCD930";"";"";"";"";"2025-12-27 07:47:58.715"
91;198;"523614";"E2806995200040028406E190";"23BCA330";"";"";"";"";"2025-12-27 07:47:58.715"
91;198;"523615";"E28069952000400284017990";"FBBCA430";"";"";"";"";"2025-12-27 07:47:58.715"
91;198;"523617";"E2806995200040028400F990";"6BBCA930";"";"";"";"";"2025-12-27 07:47:58.715"
91;198;"523618";"E2806995200040028403F590";"3CBCBB30";"";"";"";"";"2025-12-27 07:47:58.715"
91;198;"523619";"E2806995200050028409E191";"C6BCEE30";"";"";"";"";"2025-12-27 07:47:58.716"
91;198;"523620";"E2806995200050028407F590";"66BCEA30";"";"";"";"";"2025-12-27 07:47:58.716"
91;198;"523621";"E28069952000500284095D90";"5FBCC630";"";"";"";"";"2025-12-27 07:47:58.716"
91;198;"523622";"E28069952000500284035D90";"3CBCAE30";"";"";"";"";"2025-12-27 07:47:58.716"
91;198;"523623";"E28069952000400284047990";"00BCFF30";"";"";"";"";"2025-12-27 07:47:58.716"
91;198;"523624";"E28069952000500284056190";"10BCAC30";"";"";"";"";"2025-12-27 07:47:58.716"
91;198;"523625";"E2806995200040028405F990";"A5BCC530";"";"";"";"";"2025-12-27 07:47:58.717"
91;198;"523626";"E2806995200040028408F591";"28BCC330";"";"";"";"";"2025-12-27 07:47:58.717"
91;198;"523627";"E28069952000400284075D90";"3BBCBA30";"";"";"";"";"2025-12-27 07:47:58.717"
91;198;"523628";"E2806995200050028402E190";"14BCB630";"";"";"";"";"2025-12-27 07:47:58.717"
91;198;"523629";"E2806995200050028404F590";"C1BCD230";"";"";"";"";"2025-12-27 07:47:58.717"
91;198;"523630";"E28069952000400284025D90";"34BCDC30";"";"";"";"";"2025-12-27 07:47:58.717"
91;198;"523631";"E2806995200050028407DD90";"C6BCF130";"";"";"";"";"2025-12-27 07:47:58.718"
91;198;"523632";"E28069952000500284097990";"6CBCE730";"";"";"";"";"2025-12-27 07:47:58.718"
91;198;"523633";"E28069952000500284057590";"59BCAF30";"";"";"";"";"2025-12-27 07:47:58.718"
91;198;"523634";"E28069952000500284036190";"88BCF330";"";"";"";"";"2025-12-27 07:47:58.718"
91;198;"523635";"E28069952000500284067590";"03BCD430";"";"";"";"";"2025-12-27 07:47:58.718"
91;111;"523636";"E2806995200050028402DD90";"C5BCDF30";"";"";"";"";"2025-12-27 07:47:58.332"
91;111;"523637";"E28069952000400284016190";"D9BCE830";"";"";"";"";"2025-12-27 07:47:58.332"
91;111;"523638";"E28069952000400284085D90";"C4BCA130";"";"";"";"";"2025-12-27 07:47:58.332"
91;111;"523639";"E28069952000500284037990";"CABCBD30";"";"";"";"";"2025-12-27 07:47:58.332"
91;111;"523640";"E28069952000400284087990";"6FBCF730";"";"";"";"";"2025-12-27 07:47:58.333"
91;159;"523642";"E2806995200050028402F990";"52BCC030";"";"";"";"";"2025-12-27 07:47:58.536"
91;159;"523643";"E28069952000400284086190";"D6BCDE30";"";"";"";"";"2025-12-27 07:47:58.536"
91;159;"523644";"E2806995200050028402F590";"AEBCA230";"";"";"";"";"2025-12-27 07:47:58.536"
91;159;"523651";"E28069952000400284097591";"7BBCD830";"";"";"";"";"2025-12-27 07:47:58.537"
91;159;"523652";"E2806995200040028405DD90";"96BD0430";"";"";"";"";"2025-12-27 07:47:58.537"
91;159;"523653";"E28069952000400284026190";"D7BCA830";"";"";"";"";"2025-12-27 07:47:58.537"
91;159;"523654";"E2806995200040028406F590";"C2BCD630";"";"";"";"";"2025-12-27 07:47:58.537"
91;159;"523657";"E28069952000400284047590";"A6BCF230";"";"";"";"";"2025-12-27 07:47:58.537"
91;159;"523660";"E28069952000500284066190";"23BCAB30";"";"";"";"";"2025-12-27 07:47:58.537"
91;159;"523661";"E28069952000500284055D90";"58BCBC30";"";"";"";"";"2025-12-27 07:47:58.538"
91;159;"523665";"E28069952000400284076190";"4FBCE330";"";"";"";"";"2025-12-27 07:47:58.538"
91;159;"523667";"E2806995200040028406DD90";"A3BCC730";"";"";"";"";"2025-12-27 07:47:58.538"
91;78;"523671";"E28069952000500284065D90";"A2BCC130";"";"";"";"";"2025-12-27 07:47:58.139"
91;78;"523672";"E28069952000400284046190";"8EBCFD30";"";"";"";"";"2025-12-27 07:47:58.139"
91;78;"523673";"E2806995200050028401DD90";"30BCF830";"";"";"";"";"2025-12-27 07:47:58.139"
91;78;"523674";"E28069952000400284087590";"5CBCCB30";"";"";"";"";"2025-12-27 07:47:58.140"
91;78;"523675";"E28069952000400284045D8E";"01BD0330";"";"";"";"";"2025-12-27 07:47:58.140"
91;78;"523676";"E2806995200040028404D98E";"08BCDB30";"";"";"";"";"2025-12-27 07:47:58.140"
91;78;"523677";"E2806995200050028404558E";"ADBCCC30";"";"";"";"";"2025-12-27 07:47:58.140"
91;78;"523678";"E2806995200040028405418E";"22BCED30";"";"";"";"";"2025-12-27 07:47:58.140"
91;78;"523679";"E2806995200050028405458E";"21BCB130";"";"";"";"";"2025-12-27 07:47:58.140"
91;159;"523684";"E2806995200050028400D98E";"6ABCFB30";"";"";"";"";"2025-12-27 07:47:58.538"
91;159;"523685";"E2806995200040028402C18E";"D3BCC430";"";"";"";"";"2025-12-27 07:47:58.538"
91;159;"523686";"E2806995200050028405D98E";"A2BCB330";"";"";"";"";"2025-12-27 07:47:58.538"
91;159;"523687";"E2806995200050028402558E";"0EBCF030";"";"";"";"";"2025-12-27 07:47:58.539"
91;159;"523691";"E2806995200040028402D98E";"5FBCDA30";"";"";"";"";"2025-12-27 07:47:58.539"
91;159;"523692";"E2806995200040028403598E";"C7BCA730";"";"";"";"";"2025-12-27 07:47:58.539"
91;159;"523693";"E28069952000500284033D8E";"D0BCB530";"";"";"";"";"2025-12-27 07:47:58.539"
91;159;"523694";"E2806995200040028405DD8E";"CDBCA530";"";"";"";"";"2025-12-27 07:47:58.539"
91;159;"523695";"E2806995200050028401598E";"08BCEF30";"";"";"";"";"2025-12-27 07:47:58.539"
91;111;"523701";"E2806995200040028403418E";"3FDC0130";"";"";"";"";"2025-12-27 07:47:58.329"
91;111;"523702";"E2806995200050028403D58E";"73DC3C30";"";"";"";"";"2025-12-27 07:47:58.329"
91;111;"523703";"E2806995200040028406418E";"C8DC1230";"";"";"";"";"2025-12-27 07:47:58.329"
91;111;"523704";"E28069952000400284023D8E";"F0DBF630";"";"";"";"";"2025-12-27 07:47:58.329"
91;111;"523705";"E2806995200050028404DD8E";"7BDC0730";"";"";"";"";"2025-12-27 07:47:58.330"
91;111;"523706";"E2806995200050028403D98E";"77DC2B30";"";"";"";"";"2025-12-27 07:47:58.330"
91;111;"523707";"E2806995200040028402D58E";"75DC1A30";"";"";"";"";"2025-12-27 07:47:58.330"
91;111;"523708";"E2806995200050028406C18E";"3BDC0D30";"";"";"";"";"2025-12-27 07:47:58.330"
91;111;"523709";"E2806995200040028401D98E";"83DC0030";"";"";"";"";"2025-12-27 07:47:58.330"
91;111;"523710";"E2806995200050028402BD8E";"92DC2230";"";"";"";"";"2025-12-27 07:47:58.330"
91;111;"523711";"E28069952000500284055D8E";"B6DC4F30";"";"";"";"";"2025-12-27 07:47:58.331"
91;111;"523712";"E2806995200050028401558E";"E3DC2530";"";"";"";"";"2025-12-27 07:47:58.331"
91;111;"523714";"E2806995200050028404C58E";"67DC1E30";"";"";"";"";"2025-12-27 07:47:58.331"
91;111;"523715";"E2806995200050028406458E";"62DBF430";"";"";"";"";"2025-12-27 07:47:58.331"
91;111;"523716";"E2806995200040028405C58E";"96DC1730";"";"";"";"";"2025-12-27 07:47:58.331"
91;111;"523717";"E2806995200050028400D58E";"72DC2630";"";"";"";"";"2025-12-27 07:47:58.331"
91;111;"523719";"E2806995200050028405C18E";"C8DC0E30";"";"";"";"";"2025-12-27 07:47:58.332"
91;111;"523720";"E2806995200050028403C18E";"92DC4930";"";"";"";"";"2025-12-27 07:47:58.332"
91;156;"523721";"E2806995200050028402418E";"99DC2130";"";"";"";"";"2025-12-27 07:47:58.521"
91;156;"523722";"E2806995200040028406598E";"42DC2830";"";"";"";"";"2025-12-27 07:47:58.521"
91;156;"523723";"E2806995200050028402098D";"88DC1930";"";"";"";"";"2025-12-27 07:47:58.522"
91;156;"523724";"E2806995200050028403298D";"E2DC0930";"";"";"";"";"2025-12-27 07:47:58.522"
91;156;"523726";"E2806995200040028400A58D";"82DBFA30";"";"";"";"";"2025-12-27 07:47:58.522"
91;156;"523727";"E28069952000400284098D8D";"EADC3B30";"";"";"";"";"2025-12-27 07:47:58.522"
91;156;"523728";"E2806995200040028407298D";"B3DBF830";"";"";"";"";"2025-12-27 07:47:58.522"
91;156;"523729";"E2806995200040028406A58D";"45DC3E30";"";"";"";"";"2025-12-27 07:47:58.522"
91;156;"523730";"E28069952000500284048D8D";"E4DC3D30";"";"";"";"";"2025-12-27 07:47:58.522"
91;156;"523731";"E2806995200050028408A58D";"18DBFF30";"";"";"";"";"2025-12-27 07:47:58.522"
91;156;"523732";"E2806995200050028403258D";"E4DC0230";"";"";"";"";"2025-12-27 07:47:58.523"
91;156;"523733";"E28069952000400284043D8E";"C0DC1D30";"";"";"";"";"2025-12-27 07:47:58.523"
91;156;"523734";"E2806995200050028407458C";"1DDC0B30";"";"";"";"";"2025-12-27 07:47:58.523"
91;156;"523735";"E2806995200050028409B18C";"14DC3330";"";"";"";"";"2025-12-27 07:47:58.523"
91;156;"523737";"E28069952000500284050D8D";"4CDC4130";"";"";"";"";"2025-12-27 07:47:58.523"
91;156;"523738";"E2806995200040028403A58D";"84DC0830";"";"";"";"";"2025-12-27 07:47:58.523"
91;156;"523739";"E2806995200040028407C98C";"8EDBFB30";"";"";"";"";"2025-12-27 07:47:58.523"
91;156;"523740";"E2806995200040028409B58C";"18DC3530";"";"";"";"";"2025-12-27 07:47:58.523"
91;179;"523751";"E2806995200040028403558E";"73DC3430";"";"";"";"";"2025-12-27 07:47:58.619"
91;179;"523752";"E2806995200040028404298D";"E0DBFD30";"";"";"";"";"2025-12-27 07:47:58.620"
91;179;"523753";"E2806995200040028405A98D";"E1DBF930";"";"";"";"";"2025-12-27 07:47:58.620"
91;179;"523755";"E2806995200040028408B18C";"B0DC0F30";"";"";"";"";"2025-12-27 07:47:58.620"
91;179;"523756";"E2806995200040028409318C";"10DC0330";"";"";"";"";"2025-12-27 07:47:58.620"
91;179;"523757";"E2806995200050028409C98C";"20DC2D30";"";"";"";"";"2025-12-27 07:47:58.620"
91;179;"523758";"E2806995200050028409298D";"EEDC3930";"";"";"";"";"2025-12-27 07:47:58.620"
91;179;"523759";"E2806995200050028401A58D";"21DBEC30";"";"";"";"";"2025-12-27 07:47:58.621"
91;179;"523760";"E2806995200050028408458C";"24DC3030";"";"";"";"";"2025-12-27 07:47:58.621"
91;62;"523762";"E28069952000500284094D8C";"4DDBED30";"";"";"";"";"2025-12-27 07:47:58.046"
91;62;"523763";"E2806995200040028408C58C";"B6DC2330";"";"";"";"";"2025-12-27 07:47:58.047"
91;62;"523764";"E28069952000500284088D8D";"83DC4530";"";"";"";"";"2025-12-27 07:47:58.047"
91;62;"523765";"E2806995200050028405258D";"76DBF330";"";"";"";"";"2025-12-27 07:47:58.047"
91;62;"523766";"E28069952000400284080D8D";"2DDC1F30";"";"";"";"";"2025-12-27 07:47:58.047"
91;62;"523767";"E2806995200050028406298D";"7BDC4C30";"";"";"";"";"2025-12-27 07:47:58.047"
91;62;"523768";"E28069952000400284040D8D";"BCDC4630";"";"";"";"";"2025-12-27 07:47:58.047"
91;62;"523769";"E2806995200040028406A98D";"EBDC4330";"";"";"";"";"2025-12-27 07:47:58.048"
91;62;"523770";"E2806995200050028405918D";"C7DBF130";"";"";"";"";"2025-12-27 07:47:58.048"
91;62;"523772";"E2806995200040028403118D";"C1DC3730";"";"";"";"";"2025-12-27 07:47:58.048"
91;62;"523773";"E2806995200040028408C98C";"45DC1B30";"";"";"";"";"2025-12-27 07:47:58.048"
91;62;"523775";"E28069952000500284018D8D";"19DC4230";"";"";"";"";"2025-12-27 07:47:58.048"
91;62;"523776";"E2806995200040028402918D";"99DC4E30";"";"";"";"";"2025-12-27 07:47:58.048"
91;62;"523777";"E2806995200040028402298D";"4FDC4B30";"";"";"";"";"2025-12-27 07:47:58.049"
91;62;"523778";"E28069952000400284004D8E";"5CDC2A30";"";"";"";"";"2025-12-27 07:47:58.049"
91;62;"523779";"E2806995200050028402A98D";"72DC0430";"";"";"";"";"2025-12-27 07:47:58.049"
91;62;"523780";"E2806995200050028407A98D";"D1DBEE30";"";"";"";"";"2025-12-27 07:47:58.049"
91;62;"523782";"E2806995200040028405A58D";"15DC2930";"";"";"";"";"2025-12-27 07:47:58.049"
91;62;"523785";"E2806995200040028403A98D";"BEDC4A30";"";"";"";"";"2025-12-27 07:47:58.049"
91;62;"523786";"E28069952000400284068D8D";"70DC1430";"";"";"";"";"2025-12-27 07:47:58.050"
91;62;"523788";"E2806995200050028400498E";"A1DC2730";"";"";"";"";"2025-12-27 07:47:58.050"
91;62;"523789";"E2806995200040028400BD8E";"9ADC4430";"";"";"";"";"2025-12-27 07:47:58.050"
91;62;"523790";"E2806995200040028409A98D";"48DC1330";"";"";"";"";"2025-12-27 07:47:58.050"
91;62;"523791";"E2806995200040028407C58C";"8FDC1830";"";"";"";"";"2025-12-27 07:47:58.050"
91;62;"523792";"E2806995200050028407498C";"1DDC2430";"";"";"";"";"2025-12-27 07:47:58.050"
91;62;"523793";"E2806995200040028407258D";"E5DBF030";"";"";"";"";"2025-12-27 07:47:58.051"
91;62;"523794";"E28069952000400284010D8D";"14DC0C30";"";"";"";"";"2025-12-27 07:47:58.051"
91;62;"523797";"E2806995200040028408298D";"46DC4D30";"";"";"";"";"2025-12-27 07:47:58.051"
91;62;"523798";"E2806995200050028407AD8C";"3DDC1530";"";"";"";"";"2025-12-27 07:47:58.051"
91;62;"523799";"E2806995200050028404A98D";"12DC2E30";"";"";"";"";"2025-12-27 07:47:58.051"
91;62;"523800";"E2806995200050028408318C";"84DBFC30";"";"";"";"";"2025-12-27 07:47:58.046"
91;149;"523801";"E2806995200040028403018F";"57E13930";"";"";"";"";"2025-12-27 07:47:58.488"
91;149;"523802";"E28069952000500284005D90";"7FE15330";"";"";"";"";"2025-12-27 07:47:58.489"
91;149;"523803";"E2806995200050028406D98E";"DDE10730";"";"";"";"";"2025-12-27 07:47:58.489"
91;149;"523806";"E2806995200040028407458E";"C1E15A30";"";"";"";"";"2025-12-27 07:47:58.489"
91;149;"523807";"E2806995200040028409598E";"B4E13730";"";"";"";"";"2025-12-27 07:47:58.489"
91;149;"523808";"E2806995200040028407D98E";"DAE12F30";"";"";"";"";"2025-12-27 07:47:58.489"
91;149;"523809";"E2806995200040028408D98E";"45E13630";"";"";"";"";"2025-12-27 07:47:58.489"
91;149;"523811";"E28069952000400284005990";"E3E15230";"";"";"";"";"2025-12-27 07:47:58.489"
91;149;"523812";"E2806995200050028407DD8E";"BCE14730";"";"";"";"";"2025-12-27 07:47:58.489"
91;149;"523813";"E28069952000500284070D8F";"33E11230";"";"";"";"";"2025-12-27 07:47:58.490"
91;159;"523822";"E2806995200040028409918F";"2DE11730";"";"";"";"";"2025-12-27 07:47:58.534"
91;159;"523823";"E2806995200040028403858F";"3FE10D30";"";"";"";"";"2025-12-27 07:47:58.534"
91;159;"523824";"E2806995200040028409C58E";"54E12530";"";"";"";"";"2025-12-27 07:47:58.534"
91;159;"523825";"E2806995200050028407798F";"93E11C30";"";"";"";"";"2025-12-27 07:47:58.535"
91;159;"523826";"E2806995200040028401ED8F";"EBE13030";"";"";"";"";"2025-12-27 07:47:58.535"
91;159;"523827";"E2806995200050028409C18E";"69E12C30";"";"";"";"";"2025-12-27 07:47:58.535"
91;159;"523828";"E2806995200040028401698F";"70E11330";"";"";"";"";"2025-12-27 07:47:58.535"
91;159;"523829";"E2806995200050028409D98E";"4FE15830";"";"";"";"";"2025-12-27 07:47:58.535"
91;159;"523830";"E28069952000400284078D8F";"30E10830";"";"";"";"";"2025-12-27 07:47:58.535"
91;159;"523831";"E2806995200050028402018F";"6DE15630";"";"";"";"";"2025-12-27 07:47:58.536"
91;159;"523832";"E28069952000400284087D8F";"0DE14530";"";"";"";"";"2025-12-27 07:47:58.536"
91;159;"523833";"E2806995200050028408418E";"31E15530";"";"";"";"";"2025-12-27 07:47:58.536"
91;14;"523851";"E2806995200050028409458E";"55E12330";"";"";"";"";"2025-12-27 07:47:57.786"
91;14;"523852";"E2806995200050028405098F";"63E14930";"";"";"";"";"2025-12-27 07:47:57.786"
91;14;"523853";"E2806995200040028407F98F";"66E12730";"";"";"";"";"2025-12-27 07:47:57.786"
91;14;"523854";"E2806995200050028408C58E";"5EE14B30";"";"";"";"";"2025-12-27 07:47:57.786"
91;14;"523855";"E2806995200040028405758F";"5BE15130";"";"";"";"";"2025-12-27 07:47:57.787"
91;14;"523856";"E28069952000400284075D8E";"D4E13D30";"";"";"";"";"2025-12-27 07:47:57.787"
91;14;"523857";"E2806995200050028407418E";"CFE14030";"";"";"";"";"2025-12-27 07:47:57.787"
91;14;"523858";"E2806995200040028404F58F";"CBE15C30";"";"";"";"";"2025-12-27 07:47:57.787"
91;14;"523859";"E2806995200050028401018F";"F4E13B30";"";"";"";"";"2025-12-27 07:47:57.787"
91;14;"523861";"E2806995200050028400258B";"47E12D30";"";"";"";"";"2025-12-27 07:47:57.787"
91;14;"523862";"E2806995200040028401198B";"5EE13230";"";"";"";"";"2025-12-27 07:47:57.787"
91;14;"523863";"E2806995200040028403C18C";"2CE10630";"";"";"";"";"2025-12-27 07:47:57.788"
91;14;"523864";"E2806995200050028407998B";"A2E15F30";"";"";"";"";"2025-12-27 07:47:57.788"
91;14;"523865";"E2806995200050028403318B";"6CE12430";"";"";"";"";"2025-12-27 07:47:57.788"
91;14;"523866";"E2806995200040028409AD8A";"C0E13F30";"";"";"";"";"2025-12-27 07:47:57.788"
91;14;"523867";"E2806995200040028407AD8B";"23E15430";"";"";"";"";"2025-12-27 07:47:57.788"
91;14;"523868";"E28069952000500284072D8B";"EDE10C30";"";"";"";"";"2025-12-27 07:47:57.788"
91;14;"523870";"E2806995200050028406B18C";"1AE15930";"";"";"";"";"2025-12-27 07:47:57.788"
91;14;"523871";"E2806995200050028409B18A";"D6E10430";"";"";"";"";"2025-12-27 07:47:57.789"
91;14;"523872";"E2806995200050028408998B";"54E13A30";"";"";"";"";"2025-12-27 07:47:57.789"
91;14;"523873";"E2806995200040028409B18B";"37E13530";"";"";"";"";"2025-12-27 07:47:57.789"
91;14;"523874";"E28069952000500284082D8B";"B3E11F30";"";"";"";"";"2025-12-27 07:47:57.789"
91;14;"523875";"E2806995200040028406298A";"64E10330";"";"";"";"";"2025-12-27 07:47:57.789"
91;14;"523876";"E2806995200050028403A98C";"A2E14230";"";"";"";"";"2025-12-27 07:47:57.789"
91;14;"523877";"E2806995200040028406498C";"71E11630";"";"";"";"";"2025-12-27 07:47:57.789"
91;14;"523879";"E28069952000400284042D8C";"95E10530";"";"";"";"";"2025-12-27 07:47:57.790"
91;14;"523880";"E2806995200040028409318A";"E9E15730";"";"";"";"";"2025-12-27 07:47:57.792"
91;48;"523881";"E2806995200050028405A98C";"37E15B30";"";"";"";"";"2025-12-27 07:47:57.974"
91;48;"523882";"E2806995200050028406BD8A";"71E14330";"";"";"";"";"2025-12-27 07:47:57.974"
91;48;"523883";"E2806995200050028400298B";"17E10130";"";"";"";"";"2025-12-27 07:47:57.974"
91;48;"523884";"E2806995200050028402458C";"26E12E30";"";"";"";"";"2025-12-27 07:47:57.974"
91;48;"523885";"E2806995200040028405298C";"92E16330";"";"";"";"";"2025-12-27 07:47:57.974"
91;156;"523886";"E2806995200050028404958B";"C8E10A30";"";"";"";"";"2025-12-27 07:47:58.524"
91;173;"523887";"E2806995200050028406A98A";"CEE16130";"";"";"";"";"2025-12-27 07:47:58.594"
91;173;"523888";"E2806995200050028406AD8B";"81E14C30";"";"";"";"";"2025-12-27 07:47:58.594"
91;173;"523889";"E2806995200050028404C18C";"77E14D30";"";"";"";"";"2025-12-27 07:47:58.595"
91;173;"523890";"E2806995200050028406158B";"6FE13830";"";"";"";"";"2025-12-27 07:47:58.595"
91;173;"523891";"E2806995200050028409AD8B";"2DE14630";"";"";"";"";"2025-12-27 07:47:58.595"
91;173;"523892";"E2806995200050028409C98A";"20E10230";"";"";"";"";"2025-12-27 07:47:58.595"
91;173;"523893";"E2806995200050028402AD8C";"AFE14830";"";"";"";"";"2025-12-27 07:47:58.595"
91;173;"523894";"E2806995200040028403AD8C";"01E11830";"";"";"";"";"2025-12-27 07:47:58.595"
91;173;"523895";"E2806995200040028405958B";"0EE12830";"";"";"";"";"2025-12-27 07:47:58.596"
91;173;"523896";"E2806995200040028403B18B";"56E14130";"";"";"";"";"2025-12-27 07:47:58.596"
91;173;"523897";"E28069952000500284052D8C";"F3E12130";"";"";"";"";"2025-12-27 07:47:58.596"
91;173;"523898";"E2806995200050028400C58C";"4CE15E30";"";"";"";"";"2025-12-27 07:47:58.596"
91;173;"523899";"E2806995200050028408C18A";"19E11E30";"";"";"";"";"2025-12-27 07:47:58.596"
91;52;"523901";"E2806995200050028407B18B";"76BD8930";"";"";"";"";"2025-12-27 07:47:57.982"
91;52;"523902";"E2806995200050028406C98C";"68BD9730";"";"";"";"";"2025-12-27 07:47:57.982"
91;52;"523903";"E28069952000400284062D8B";"04BD8230";"";"";"";"";"2025-12-27 07:47:57.982"
91;52;"523904";"E2806995200040028407BD8A";"F1BDB130";"";"";"";"";"2025-12-27 07:47:57.983"
91;52;"523905";"E2806995200050028400358C";"04BD9430";"";"";"";"";"2025-12-27 07:47:57.983"
91;52;"523906";"E2806995200050028407958B";"41BD9030";"";"";"";"";"2025-12-27 07:47:57.983"
91;52;"523907";"E2806995200050028408298A";"47BDA130";"";"";"";"";"2025-12-27 07:47:57.983"
91;52;"523908";"E2806995200040028404158B";"E0BD8430";"";"";"";"";"2025-12-27 07:47:57.983"
91;195;"523909";"E2806995200040028402158B";"70BDAB30";"";"";"";"";"2025-12-27 07:47:58.690"
91;195;"523910";"E2806995200040028409458A";"C3BDC530";"";"";"";"";"2025-12-27 07:47:58.690"
91;32;"523911";"E2806995200050028408AD8A";"20BDCF30";"";"";"";"";"2025-12-27 07:47:57.882"
91;32;"523912";"E28069952000500284043D8A";"0ABDCA30";"";"";"";"";"2025-12-27 07:47:57.882"
91;32;"523913";"E2806995200040028404A98A";"EABDB930";"";"";"";"";"2025-12-27 07:47:57.882"
91;32;"523914";"E2806995200040028404418C";"C6BDBA30";"";"";"";"";"2025-12-27 07:47:57.883"
91;32;"523915";"E28069952000500284012D8B";"C9BD0530";"";"";"";"";"2025-12-27 07:47:57.883"
91;32;"523916";"E2806995200040028403958B";"BBBDC730";"";"";"";"";"2025-12-27 07:47:57.883"
91;32;"523917";"E28069952000400284012D8C";"ECBDB230";"";"";"";"";"2025-12-27 07:47:57.883"
91;32;"523918";"E2806995200040028407198B";"B5BD8A30";"";"";"";"";"2025-12-27 07:47:57.883"
91;32;"523919";"E2806995200040028406458C";"5EBD7A30";"";"";"";"";"2025-12-27 07:47:57.883"
91;32;"523920";"E2806995200040028408198B";"EBBD9930";"";"";"";"";"2025-12-27 07:47:57.883"
91;8;"523921";"E2806995200040028407418A";"CDBD7630";"";"";"";"";"2025-12-27 07:47:57.755"
91;8;"523922";"E2806995200050028408B18B";"1EBDBF30";"";"";"";"";"2025-12-27 07:47:57.756"
91;8;"523923";"E2806995200040028406958B";"12BD8330";"";"";"";"";"2025-12-27 07:47:57.756"
91;8;"523924";"E2806995200050028400398C";"A7BDAF30";"";"";"";"";"2025-12-27 07:47:57.756"
91;8;"523925";"E2806995200040028404418A";"5EBD7730";"";"";"";"";"2025-12-27 07:47:57.756"
91;8;"523926";"E2806995200040028403998B";"81BD8530";"";"";"";"";"2025-12-27 07:47:57.756"
91;8;"523927";"E2806995200050028405198B";"1ABDC030";"";"";"";"";"2025-12-27 07:47:57.757"
91;8;"523928";"E2806995200040028408418A";"04BDA730";"";"";"";"";"2025-12-27 07:47:57.757"
91;8;"523929";"E2806995200040028401158B";"D2BDA530";"";"";"";"";"2025-12-27 07:47:57.757"
91;8;"523930";"E2806995200040028408A98A";"21BD8F30";"";"";"";"";"2025-12-27 07:47:57.757"
91;8;"523931";"E28069952000400284022D8C";"74BDD130";"";"";"";"";"2025-12-27 07:47:57.757"
91;8;"523933";"E2806995200050028409318B";"8FBDBC30";"";"";"";"";"2025-12-27 07:47:57.757"
91;8;"523934";"E2806995200040028405258A";"89BD8C30";"";"";"";"";"2025-12-27 07:47:57.758"
91;8;"523935";"E2806995200050028407258A";"E8BD7930";"";"";"";"";"2025-12-27 07:47:57.758"
91;8;"523937";"E2806995200050028401458C";"0CBDA030";"";"";"";"";"2025-12-27 07:47:57.761"
91;8;"523938";"E2806995200040028402318B";"14BDA330";"";"";"";"";"2025-12-27 07:47:57.761"
91;8;"523939";"E2806995200040028407A98A";"81BDCD30";"";"";"";"";"2025-12-27 07:47:57.761"
91;8;"523940";"E2806995200050028405318B";"B5BD8130";"";"";"";"";"2025-12-27 07:47:57.761"
91;8;"523941";"E2806995200040028403298A";"79BD8E30";"";"";"";"";"2025-12-27 07:47:57.762"
91;8;"523942";"E2806995200050028409158B";"8ABDB830";"";"";"";"";"2025-12-27 07:47:57.762"
91;8;"523943";"E2806995200040028408318B";"8BBD8630";"";"";"";"";"2025-12-27 07:47:57.762"
91;8;"523944";"E2806995200050028404C18A";"93BDD230";"";"";"";"";"2025-12-27 07:47:57.762"
91;8;"523945";"E2806995200050028401B18B";"B2BD9D30";"";"";"";"";"2025-12-27 07:47:57.762"
91;8;"523946";"E2806995200050028401998B";"E6BDBB30";"";"";"";"";"2025-12-27 07:47:57.762"
91;8;"523948";"E2806995200040028404A98C";"D3BD9330";"";"";"";"";"2025-12-27 07:47:57.763"
91;8;"523949";"E2806995200040028406AD8C";"42BDC230";"";"";"";"";"2025-12-27 07:47:57.763"
91;8;"523950";"E2806995200050028408458A";"0DBD7830";"";"";"";"";"2025-12-27 07:47:57.763"
91;8;"523951";"E2806995200040028406258A";"47BDC830";"";"";"";"";"2025-12-27 07:47:57.763"
91;8;"523952";"E2806995200040028400998B";"70BD9A30";"";"";"";"";"2025-12-27 07:47:57.763"
91;8;"523953";"E2806995200050028404B18B";"E1BDB030";"";"";"";"";"2025-12-27 07:47:57.763"
91;8;"523954";"E28069952000400284053D8A";"51BDA930";"";"";"";"";"2025-12-27 07:47:57.764"
91;8;"523955";"E2806995200040028404318B";"78BDC130";"";"";"";"";"2025-12-27 07:47:57.764"
91;8;"523956";"E2806995200040028403298C";"17BD8D30";"";"";"";"";"2025-12-27 07:47:57.764"
91;8;"523957";"E2806995200050028406198B";"D7BD9630";"";"";"";"";"2025-12-27 07:47:57.764"
91;8;"523958";"E2806995200050028407298A";"70BDCE30";"";"";"";"";"2025-12-27 07:47:57.764"
91;8;"523959";"E2806995200040028401C58C";"3EBDB530";"";"";"";"";"2025-12-27 07:47:57.764"
91;8;"523960";"E2806995200050028404298A";"79BDA430";"";"";"";"";"2025-12-27 07:47:57.765"
91;8;"523961";"E2806995200050028401958B";"B8BDC330";"";"";"";"";"2025-12-27 07:47:57.765"
91;8;"523962";"E28069952000400284052D8B";"55BD9B30";"";"";"";"";"2025-12-27 07:47:57.765"
91;8;"523963";"E28069952000500284032D8C";"74BDD330";"";"";"";"";"2025-12-27 07:47:57.765"
91;8;"523964";"E28069952000500284062D8C";"ECBD9830";"";"";"";"";"2025-12-27 07:47:57.765"
91;8;"523965";"E28069952000400284092D8B";"6EBDA830";"";"";"";"";"2025-12-27 07:47:57.765"
91;8;"523966";"E2806995200040028401A98C";"D1BDB330";"";"";"";"";"2025-12-27 07:47:57.765"
91;8;"523967";"E2806995200040028406998B";"D0BDB430";"";"";"";"";"2025-12-27 07:47:57.766"
91;8;"523968";"E2806995200050028402B98A";"5EBD9F30";"";"";"";"";"2025-12-27 07:47:57.766"
91;8;"523969";"E2806995200040028405B18B";"42BDA630";"";"";"";"";"2025-12-27 07:47:57.766"
91;8;"523971";"E2806995200050028404AD8C";"21BDC430";"";"";"";"";"2025-12-27 07:47:57.766"
91;8;"523972";"E2806995200040028404198B";"74BD7B30";"";"";"";"";"2025-12-27 07:47:57.766"
91;8;"523973";"E2806995200050028403A98A";"BBBD9E30";"";"";"";"";"2025-12-27 07:47:57.766"
91;8;"523974";"E28069952000400284063D8A";"37BD7430";"";"";"";"";"2025-12-27 07:47:57.767"
91;8;"523975";"E2806995200040028401BD8A";"60BD7F30";"";"";"";"";"2025-12-27 07:47:57.767"
91;8;"523976";"E28069952000500284092D8A";"78BDB630";"";"";"";"";"2025-12-27 07:47:57.767"
91;8;"523977";"E2806995200040028408AD8B";"9BBD7E30";"";"";"";"";"2025-12-27 07:47:57.767"
91;8;"523979";"E2806995200040028404BD8A";"36BD8B30";"";"";"";"";"2025-12-27 07:47:57.767"
91;8;"523980";"E2806995200040028407318B";"88BDD030";"";"";"";"";"2025-12-27 07:47:57.767"
91;8;"523981";"E2806995200050028403C58C";"09BD8830";"";"";"";"";"2025-12-27 07:47:57.768"
91;8;"523982";"E2806995200050028409C58A";"38BDAA30";"";"";"";"";"2025-12-27 07:47:57.768"
91;8;"523983";"E2806995200050028406A58A";"26BDCC30";"";"";"";"";"2025-12-27 07:47:57.768"
91;8;"523984";"E2806995200050028404298C";"72BD7C30";"";"";"";"";"2025-12-27 07:47:57.768"
91;8;"523985";"E2806995200050028405BD8A";"37BD8730";"";"";"";"";"2025-12-27 07:47:57.768"
91;8;"523986";"E2806995200040028407A58A";"19BD9530";"";"";"";"";"2025-12-27 07:47:57.768"
91;8;"523987";"E2806995200050028405A98A";"79BDAE30";"";"";"";"";"2025-12-27 07:47:57.769"
91;8;"523988";"E2806995200040028409958B";"13BDC930";"";"";"";"";"2025-12-27 07:47:57.769"
91;8;"523989";"E2806995200050028402B18B";"20BD9230";"";"";"";"";"2025-12-27 07:47:57.769"
91;8;"523990";"E2806995200040028405C18A";"CABDAD30";"";"";"";"";"2025-12-27 07:47:57.769"
91;8;"523991";"E2806995200050028400AD8B";"FEBDCB30";"";"";"";"";"2025-12-27 07:47:57.769"
91;8;"523992";"E2806995200040028405298A";"BBBDBE30";"";"";"";"";"2025-12-27 07:47:57.769"
91;8;"523993";"E2806995200040028404AD8B";"05BD7D30";"";"";"";"";"2025-12-27 07:47:57.769"
91;8;"523994";"E2806995200050028400A98C";"46BD9C30";"";"";"";"";"2025-12-27 07:47:57.770"
91;8;"523998";"E2806995200040028402198B";"16BDA230";"";"";"";"";"2025-12-27 07:47:57.770"
91;8;"523999";"E2806995200040028406318C";"59BDB730";"";"";"";"";"2025-12-27 07:47:57.770"
91;8;"525000";"E2806995200050028404258A";"98DAC030";"";"";"";"";"2025-12-27 07:47:57.755"
91;153;"525001";"E2806995200040028409998B";"89C0BB30";"";"";"";"";"2025-12-27 07:47:58.507"
91;153;"525003";"E2806995200050028408118D";"EEC0AD30";"";"";"";"";"2025-12-27 07:47:58.507"
91;153;"525004";"E2806995200050028401298C";"E4C0BA30";"";"";"";"";"2025-12-27 07:47:58.507"
91;153;"525005";"E2806995200040028402A98C";"17C0B130";"";"";"";"";"2025-12-27 07:47:58.507"
91;153;"525006";"E2806995200040028400B18B";"DDC0F130";"";"";"";"";"2025-12-27 07:47:58.508"
91;153;"525007";"E2806995200040028401AD8B";"CAC0C630";"";"";"";"";"2025-12-27 07:47:58.508"
91;153;"525008";"E2806995200040028403458C";"A6C0EA30";"";"";"";"";"2025-12-27 07:47:58.508"
91;153;"525009";"E2806995200050028401218D";"A4C0E230";"";"";"";"";"2025-12-27 07:47:58.508"
91;153;"525010";"E2806995200040028404C58C";"96C0C930";"";"";"";"";"2025-12-27 07:47:58.508"
91;153;"525011";"E2806995200050028405C98C";"68C0B530";"";"";"";"";"2025-12-27 07:47:58.508"
91;153;"525012";"E2806995200040028406B18B";"16C0BF30";"";"";"";"";"2025-12-27 07:47:58.509"
91;153;"525013";"E2806995200050028402958B";"4FC0CE30";"";"";"";"";"2025-12-27 07:47:58.509"
91;153;"525014";"E2806995200050028402A58D";"9BC0EB30";"";"";"";"";"2025-12-27 07:47:58.509"
91;153;"525015";"E28069952000500284028D8D";"5FC0CA30";"";"";"";"";"2025-12-27 07:47:58.509"
91;153;"525016";"E2806995200040028409CD8C";"5AC0B630";"";"";"";"";"2025-12-27 07:47:58.509"
91;153;"525017";"E28069952000500284030D8D";"60C09B30";"";"";"";"";"2025-12-27 07:47:58.509"
91;153;"525018";"E2806995200050028405298D";"6BC0E330";"";"";"";"";"2025-12-27 07:47:58.510"
91;153;"525019";"E2806995200050028407118D";"B2C0A230";"";"";"";"";"2025-12-27 07:47:58.510"
91;153;"525020";"E2806995200050028402C18C";"02C09030";"";"";"";"";"2025-12-27 07:47:58.510"
91;153;"525021";"E28069952000400284033D8A";"A7C09630";"";"";"";"";"2025-12-27 07:47:58.510"
91;153;"525022";"E2806995200040028401258D";"5BC0F330";"";"";"";"";"2025-12-27 07:47:58.510"
91;153;"525023";"E2806995200040028401A18D";"0AC0B830";"";"";"";"";"2025-12-27 07:47:58.510"
91;153;"525024";"E2806995200040028401898D";"C3C0DF30";"";"";"";"";"2025-12-27 07:47:58.511"
91;190;"525027";"E2806995200040028401418C";"6BC0F030";"";"";"";"";"2025-12-27 07:47:58.674"
91;190;"525028";"E2806995200040028405458C";"01C0EE30";"";"";"";"";"2025-12-27 07:47:58.674"
91;190;"525029";"E2806995200050028409358C";"64C0CC30";"";"";"";"";"2025-12-27 07:47:58.674"
91;190;"525030";"E2806995200050028401AD8C";"26C0E430";"";"";"";"";"2025-12-27 07:47:58.674"
91;190;"525032";"E2806995200050028404458C";"A4C0DC30";"";"";"";"";"2025-12-27 07:47:58.674"
91;190;"525035";"E2806995200040028408918D";"23C0E730";"";"";"";"";"2025-12-27 07:47:58.675"
91;190;"525036";"E28069952000500284042D8B";"A1C09230";"";"";"";"";"2025-12-27 07:47:58.675"
91;190;"525037";"E2806995200040028407B18C";"0FC0AC30";"";"";"";"";"2025-12-27 07:47:58.675"
91;190;"525038";"E28069952000400284082D8C";"DBC0C330";"";"";"";"";"2025-12-27 07:47:58.675"
91;190;"525039";"E2806995200040028404918D";"4BC0C530";"";"";"";"";"2025-12-27 07:47:58.675"
91;190;"525040";"E2806995200050028403158B";"BDC0DD30";"";"";"";"";"2025-12-27 07:47:58.675"
91;190;"525041";"E2806995200050028404118D";"B0C0AA30";"";"";"";"";"2025-12-27 07:47:58.676"
91;190;"525042";"E28069952000400284008D8D";"C2C09D30";"";"";"";"";"2025-12-27 07:47:58.676"
91;190;"525044";"E2806995200040028400C18C";"57C0B330";"";"";"";"";"2025-12-27 07:47:58.676"
91;190;"525046";"E2806995200040028405C18C";"FBC0C130";"";"";"";"";"2025-12-27 07:47:58.676"
91;153;"525047";"E2806995200050028400A18D";"F2C0CF30";"";"";"";"";"2025-12-27 07:47:58.511"
91;153;"525048";"E2806995200050028401C18C";"F1C09330";"";"";"";"";"2025-12-27 07:47:58.511"
91;153;"525049";"E2806995200050028403418C";"03C09430";"";"";"";"";"2025-12-27 07:47:58.511"
91;99;"525050";"E2806995200050028400C18E";"82C0E630";"";"";"";"";"2025-12-27 07:47:58.237"
91;99;"525051";"E2806995200040028400AD8C";"17C0E930";"";"";"";"";"2025-12-27 07:47:58.237"
91;99;"525052";"E28069952000400284038D8D";"5FC0C830";"";"";"";"";"2025-12-27 07:47:58.237"
91;99;"525053";"E28069952000400284072D8C";"85C0D030";"";"";"";"";"2025-12-27 07:47:58.238"
91;99;"525054";"E2806995200050028407318C";"52C0E130";"";"";"";"";"2025-12-27 07:47:58.238"
91;99;"525055";"E2806995200040028405118D";"4CC0E530";"";"";"";"";"2025-12-27 07:47:58.238"
91;99;"525056";"E2806995200040028407158B";"18C0D330";"";"";"";"";"2025-12-27 07:47:58.238"
91;99;"525057";"E2806995200040028403258A";"D6C0CB30";"";"";"";"";"2025-12-27 07:47:58.238"
91;99;"525058";"E2806995200050028408A98D";"FAC0B030";"";"";"";"";"2025-12-27 07:47:58.238"
91;99;"525059";"E2806995200050028406258D";"66C09E30";"";"";"";"";"2025-12-27 07:47:58.239"
91;99;"525060";"E28069952000400284029989";"A1C0D730";"";"";"";"";"2025-12-27 07:47:58.239"
91;99;"525061";"E28069952000500284099989";"C5C09730";"";"";"";"";"2025-12-27 07:47:58.239"
91;99;"525062";"E2806995200050028406B189";"57C0D530";"";"";"";"";"2025-12-27 07:47:58.239"
91;99;"525064";"E2806995200050028407B589";"FAC0D930";"";"";"";"";"2025-12-27 07:47:58.239"
91;99;"525065";"E28069952000500284073189";"6AC09830";"";"";"";"";"2025-12-27 07:47:58.239"
91;99;"525066";"E2806995200040028405B589";"09C0D830";"";"";"";"";"2025-12-27 07:47:58.240"
91;99;"525067";"E28069952000400284051989";"FBC09A30";"";"";"";"";"2025-12-27 07:47:58.240"
91;99;"525068";"E2806995200040028409C988";"71C0A930";"";"";"";"";"2025-12-27 07:47:58.240"
91;99;"525069";"E28069952000500284053589";"63C0BE30";"";"";"";"";"2025-12-27 07:47:58.240"
91;99;"525070";"E2806995200040028406B589";"68C0C030";"";"";"";"";"2025-12-27 07:47:58.240"
91;99;"525071";"E28069952000400284002989";"76C0AB30";"";"";"";"";"2025-12-27 07:47:58.240"
91;99;"525072";"E28069952000500284049D89";"53C0A830";"";"";"";"";"2025-12-27 07:47:58.240"
91;99;"525073";"E28069952000400284089989";"54C09C30";"";"";"";"";"2025-12-27 07:47:58.241"
91;99;"525074";"E28069952000500284089D89";"94C0D630";"";"";"";"";"2025-12-27 07:47:58.241"
91;99;"525075";"E28069952000400284079989";"31C0EC30";"";"";"";"";"2025-12-27 07:47:58.241"
91;99;"525076";"E2806995200050028401258A";"7DC0B930";"";"";"";"";"2025-12-27 07:47:58.241"
91;99;"525077";"E28069952000500284093589";"9FC0A330";"";"";"";"";"2025-12-27 07:47:58.241"
91;99;"525078";"E28069952000500284051D89";"A6C09130";"";"";"";"";"2025-12-27 07:47:58.241"
91;99;"525080";"E2806995200040028402B189";"F8C0B730";"";"";"";"";"2025-12-27 07:47:58.241"
91;99;"525081";"E2806995200050028403B189";"CBC0A630";"";"";"";"";"2025-12-27 07:47:58.242"
91;99;"525082";"E28069952000500284009989";"C0C0CD30";"";"";"";"";"2025-12-27 07:47:58.242"
91;99;"525083";"E2806995200050028401AD89";"23C0DA30";"";"";"";"";"2025-12-27 07:47:58.242"
91;99;"525084";"E28069952000500284023189";"53C0DB30";"";"";"";"";"2025-12-27 07:47:58.242"
91;99;"525085";"E28069952000400284019589";"C3C0F230";"";"";"";"";"2025-12-27 07:47:58.242"
91;99;"525086";"E2806995200050028408B589";"0EC0A030";"";"";"";"";"2025-12-27 07:47:58.242"
91;99;"525087";"E28069952000500284043189";"59C09F30";"";"";"";"";"2025-12-27 07:47:58.242"
91;99;"525088";"E28069952000400284053189";"31C0EF30";"";"";"";"";"2025-12-27 07:47:58.243"
91;99;"525090";"E28069952000400284073589";"C1C0B230";"";"";"";"";"2025-12-27 07:47:58.243"
91;99;"525091";"E2806995200050028405B189";"CCC0A430";"";"";"";"";"2025-12-27 07:47:58.243"
91;99;"525092";"E28069952000400284063189";"5BC09530";"";"";"";"";"2025-12-27 07:47:58.243"
91;99;"525093";"E28069952000500284021989";"AAC0BD30";"";"";"";"";"2025-12-27 07:47:58.243"
91;99;"525094";"E28069952000400284033189";"F2C0D130";"";"";"";"";"2025-12-27 07:47:58.243"
91;153;"525095";"E28069952000500284011989";"96C0E030";"";"";"";"";"2025-12-27 07:47:58.511"
91;153;"525096";"E28069952000500284069989";"55C0D430";"";"";"";"";"2025-12-27 07:47:58.511"
91;153;"525097";"E28069952000500284002D8A";"4FC0C730";"";"";"";"";"2025-12-27 07:47:58.512"
91;153;"525099";"E2806995200050028400B189";"38C0A530";"";"";"";"";"2025-12-27 07:47:58.512"
91;153;"525100";"E2806995200050028402B589";"5BC0ED30";"";"";"";"";"2025-12-27 07:47:58.507"
91;95;"525178";"E28069952000500284064988";"87011F30";"";"";"";"";"2025-12-27 07:47:58.221"
91;95;"525192";"E28069952000500284032987";"4D012A30";"";"";"";"";"2025-12-27 07:47:58.221"
91;95;"525193";"E2806995200040028405C988";"E7010130";"";"";"";"";"2025-12-27 07:47:58.221"
91;95;"525196";"E2806995200040028405B188";"E0010C30";"";"";"";"";"2025-12-27 07:47:58.221"
91;2;"525202";"E28069952000400284031187";"9705BC30";"";"";"";"";"2025-12-27 07:47:57.726"
91;2;"525204";"E28069952000500284054988";"D405C930";"";"";"";"";"2025-12-27 07:47:57.727"
91;2;"525205";"E2806995200040028403C588";"D105F030";"";"";"";"";"2025-12-27 07:47:57.727"
91;2;"525206";"E2806995200040028407AD88";"C805A730";"";"";"";"";"2025-12-27 07:47:57.728"
91;184;"525207";"E28069952000400284010D87";"4E05CF30";"";"";"";"";"2025-12-27 07:47:58.647"
91;184;"525208";"E28069952000500284021187";"9605B030";"";"";"";"";"2025-12-27 07:47:58.647"
91;184;"525209";"E2806995200040028400C588";"2005EF30";"";"";"";"";"2025-12-27 07:47:58.647"
91;184;"525210";"E28069952000400284052D87";"2B05B930";"";"";"";"";"2025-12-27 07:47:58.648"
91;115;"525211";"E2806995200040028402C188";"B105BE30";"";"";"";"";"2025-12-27 07:47:58.342"
91;115;"525212";"E28069952000400284042587";"BF05E530";"";"";"";"";"2025-12-27 07:47:58.342"
91;115;"525213";"E2806995200040028400A988";"FB05D030";"";"";"";"";"2025-12-27 07:47:58.342"
91;115;"525214";"E2806995200050028403198B";"8805CD30";"";"";"";"";"2025-12-27 07:47:58.342"
91;115;"525215";"E28069952000400284071987";"F205D730";"";"";"";"";"2025-12-27 07:47:58.342"
91;115;"525218";"E2806995200040028406B188";"DA05A630";"";"";"";"";"2025-12-27 07:47:58.342"
91;82;"525222";"E2806995200050028403BD8A";"36059F30";"";"";"";"";"2025-12-27 07:47:58.155"
91;82;"525223";"E2806995200040028404AD88";"3905B830";"";"";"";"";"2025-12-27 07:47:58.156"
91;82;"525224";"E2806995200050028404A587";"7005B330";"";"";"";"";"2025-12-27 07:47:58.158"
91;82;"525225";"E2806995200040028404AD87";"E305C730";"";"";"";"";"2025-12-27 07:47:58.158"
91;82;"525226";"E2806995200040028402418C";"0C05C430";"";"";"";"";"2025-12-27 07:47:58.158"
91;137;"525227";"E2806995200040028403C18A";"A805A530";"";"";"";"";"2025-12-27 07:47:58.447"
91;137;"525228";"E2806995200050028405AD8B";"AC05D630";"";"";"";"";"2025-12-27 07:47:58.447"
91;7;"525230";"E2806995200040028402C58C";"9805BD30";"";"";"";"";"2025-12-27 07:47:57.753"
91;7;"525231";"E2806995200050028407C588";"BE059630";"";"";"";"";"2025-12-27 07:47:57.753"
91;7;"525232";"E2806995200050028403AD8B";"0B05D230";"";"";"";"";"2025-12-27 07:47:57.754"
91;7;"525233";"E2806995200040028401C188";"8105AB30";"";"";"";"";"2025-12-27 07:47:57.754"
91;7;"525234";"E28069952000500284093986";"8605ED30";"";"";"";"";"2025-12-27 07:47:57.754"
91;7;"525235";"E2806995200050028408B986";"1905BA30";"";"";"";"";"2025-12-27 07:47:57.754"
91;7;"525236";"E28069952000400284083586";"2405DA30";"";"";"";"";"2025-12-27 07:47:57.755"
91;7;"525237";"E2806995200050028407B986";"B605A230";"";"";"";"";"2025-12-27 07:47:57.755"
91;7;"525238";"E2806995200040028405B586";"8F05E430";"";"";"";"";"2025-12-27 07:47:57.755"
91;7;"525239";"E2806995200050028405D186";"A405BF30";"";"";"";"";"2025-12-27 07:47:57.755"
91;90;"525249";"E28069952000500284085186";"CD059930";"";"";"";"";"2025-12-27 07:47:58.198"
91;54;"525252";"E28069952000500284094D86";"7F059E30";"";"";"";"";"2025-12-27 07:47:57.999"
91;54;"525253";"E28069952000400284083187";"00059730";"";"";"";"";"2025-12-27 07:47:58.001"
91;54;"525259";"E2806995200050028409AD87";"4805F130";"";"";"";"";"2025-12-27 07:47:58.002"
91;54;"525260";"E2806995200050028407B187";"9305CE30";"";"";"";"";"2025-12-27 07:47:58.002"
91;90;"525267";"E28069952000400284095186";"C005DD30";"";"";"";"";"2025-12-27 07:47:58.199"
91;24;"525268";"E2806995200040028408AD87";"B2059A30";"";"";"";"";"2025-12-27 07:47:57.847"
91;24;"525269";"E2806995200050028408B586";"DD05A930";"";"";"";"";"2025-12-27 07:47:57.847"
91;24;"525271";"E28069952000500284053986";"EB05F930";"";"";"";"";"2025-12-27 07:47:57.847"
91;24;"525272";"E28069952000400284083986";"8005CB30";"";"";"";"";"2025-12-27 07:47:57.847"
91;24;"525273";"E28069952000500284089587";"6805DF30";"";"";"";"";"2025-12-27 07:47:57.847"
91;24;"525274";"E28069952000500284075186";"AC05D130";"";"";"";"";"2025-12-27 07:47:57.847"
91;90;"525276";"E28069952000400284092D87";"1E05DE30";"";"";"";"";"2025-12-27 07:47:58.199"
91;52;"525281";"E28069952000400284081987";"AA05E030";"";"";"";"";"2025-12-27 07:47:57.987"
91;52;"525282";"E28069952000500284089987";"FE05D330";"";"";"";"";"2025-12-27 07:47:57.987"
91;52;"525283";"E28069952000400284073986";"4605AF30";"";"";"";"";"2025-12-27 07:47:57.987"
91;52;"525284";"E2806995200050028405418A";"5305E230";"";"";"";"";"2025-12-27 07:47:57.988"
91;52;"525285";"E28069952000500284079587";"9505D830";"";"";"";"";"2025-12-27 07:47:57.988"
91;52;"525286";"E28069952000500284079987";"0005C630";"";"";"";"";"2025-12-27 07:47:57.988"
91;52;"525287";"E28069952000500284053586";"8905C830";"";"";"";"";"2025-12-27 07:47:57.988"
91;52;"525288";"E28069952000500284093586";"E605C030";"";"";"";"";"2025-12-27 07:47:57.988"
91;189;"525291";"E2806995200040028409B586";"DF05B730";"";"";"";"";"2025-12-27 07:47:58.673"
91;189;"525292";"E28069952000500284073D8A";"A3059830";"";"";"";"";"2025-12-27 07:47:58.673"
91;189;"525293";"E28069952000500284063986";"1A05E630";"";"";"";"";"2025-12-27 07:47:58.673"
91;189;"525294";"E28069952000400284074D86";"E605A130";"";"";"";"";"2025-12-27 07:47:58.673"
91;189;"525295";"E28069952000500284093187";"9405AA30";"";"";"";"";"2025-12-27 07:47:58.674"
91;189;"525296";"E2806995200040028407AD87";"2005C530";"";"";"";"";"2025-12-27 07:47:58.674"
91;136;"525298";"E28069952000400284065186";"9805EA30";"";"";"";"";"2025-12-27 07:47:58.443"
91;136;"525299";"E28069952000400284043986";"BB05F830";"";"";"";"";"2025-12-27 07:47:58.443"
91;28;"525300";"E2806995200050028409D186";"6305C130";"";"";"";"";"2025-12-27 07:47:57.858"
91;28;"525302";"E28069952000400284030D85";"F1BAF130";"";"";"";"";"2025-12-27 07:47:57.858"
91;28;"525303";"E28069952000400284039185";"13BAFF30";"";"";"";"";"2025-12-27 07:47:57.858"
91;28;"525304";"E2806995200040028402A985";"00BAC230";"";"";"";"";"2025-12-27 07:47:57.858"
91;28;"525305";"E2806995200040028402A585";"C0BAE930";"";"";"";"";"2025-12-27 07:47:57.858"
91;28;"525306";"E2806995200050028407BD84";"09BAC430";"";"";"";"";"2025-12-27 07:47:57.858"
91;28;"525307";"E2806995200050028408A584";"20BAAE30";"";"";"";"";"2025-12-27 07:47:57.858"
91;28;"525308";"E28069952000400284079585";"78BB0F30";"";"";"";"";"2025-12-27 07:47:57.859"
91;28;"525309";"E28069952000400284049585";"16BAAD30";"";"";"";"";"2025-12-27 07:47:57.859"
91;28;"525310";"E28069952000500284099985";"42BAEB30";"";"";"";"";"2025-12-27 07:47:57.859"
91;100;"525311";"E2806995200050028409C184";"C6BAB530";"";"";"";"";"2025-12-27 07:47:58.243"
91;100;"525312";"E28069952000400284083585";"73BABD30";"";"";"";"";"2025-12-27 07:47:58.243"
91;100;"525313";"E28069952000400284052985";"56BAC730";"";"";"";"";"2025-12-27 07:47:58.244"
91;100;"525316";"E2806995200050028405A985";"01BAE630";"";"";"";"";"2025-12-27 07:47:58.244"
91;100;"525319";"E28069952000500284091D85";"4FBB0B30";"";"";"";"";"2025-12-27 07:47:58.244"
91;100;"525320";"E28069952000400284091985";"DCBAB030";"";"";"";"";"2025-12-27 07:47:58.244"
91;52;"525321";"E28069952000400284041185";"70BACD30";"";"";"";"";"2025-12-27 07:47:57.984"
91;52;"525322";"E2806995200050028403A585";"57BAC630";"";"";"";"";"2025-12-27 07:47:57.984"
91;52;"525323";"E28069952000500284081585";"75BAE530";"";"";"";"";"2025-12-27 07:47:57.984"
91;52;"525325";"E28069952000400284059185";"79BAB930";"";"";"";"";"2025-12-27 07:47:57.984"
91;52;"525326";"E2806995200040028404A985";"36BACF30";"";"";"";"";"2025-12-27 07:47:57.984"
91;52;"525327";"E28069952000500284084184";"98BB0830";"";"";"";"";"2025-12-27 07:47:57.985"
91;52;"525328";"E28069952000400284094184";"CBBAFB30";"";"";"";"";"2025-12-27 07:47:57.985"
91;52;"525329";"E28069952000500284089D85";"EABAD130";"";"";"";"";"2025-12-27 07:47:57.985"
91;52;"525331";"E28069952000400284042D85";"0BBACE30";"";"";"";"";"2025-12-27 07:47:57.985"
91;52;"525332";"E2806995200050028407A984";"D4BAF830";"";"";"";"";"2025-12-27 07:47:57.985"
91;52;"525333";"E28069952000500284093585";"22BAB230";"";"";"";"";"2025-12-27 07:47:57.985"
91;178;"525335";"E2806995200050028408A984";"85BAB130";"";"";"";"";"2025-12-27 07:47:58.614"
91;178;"525336";"E2806995200040028407C184";"07BAF930";"";"";"";"";"2025-12-27 07:47:58.614"
91;178;"525337";"E28069952000500284042985";"0EBAB630";"";"";"";"";"2025-12-27 07:47:58.614"
91;178;"525338";"E2806995200040028409B985";"BABAE230";"";"";"";"";"2025-12-27 07:47:58.615"
91;178;"525339";"E28069952000500284079185";"13BAC130";"";"";"";"";"2025-12-27 07:47:58.615"
91;178;"525340";"E28069952000400284082584";"4ABAC830";"";"";"";"";"2025-12-27 07:47:58.615"
91;178;"525341";"E28069952000400284073D84";"01BABC30";"";"";"";"";"2025-12-27 07:47:58.615"
91;178;"525342";"E2806995200040028405AD85";"3DBAE130";"";"";"";"";"2025-12-27 07:47:58.615"
91;178;"525343";"E2806995200050028407AD85";"0EBB0430";"";"";"";"";"2025-12-27 07:47:58.615"
91;178;"525344";"E28069952000500284083185";"E3BAF430";"";"";"";"";"2025-12-27 07:47:58.616"
91;178;"525347";"E28069952000500284040D85";"93BAC530";"";"";"";"";"2025-12-27 07:47:58.616"
91;178;"525348";"E2806995200050028408B585";"B2BABF30";"";"";"";"";"2025-12-27 07:47:58.616"
91;178;"525349";"E28069952000500284071585";"4DBAD030";"";"";"";"";"2025-12-27 07:47:58.616"
91;178;"525350";"E28069952000400284082984";"7DBACC30";"";"";"";"";"2025-12-27 07:47:58.616"
91;178;"525351";"E28069952000400284099587";"A0BABA30";"";"";"";"";"2025-12-27 07:47:58.616"
91;178;"525353";"E2806995200050028406D186";"3EBAD330";"";"";"";"";"2025-12-27 07:47:58.617"
91;178;"525354";"E2806995200050028406A985";"03BAEE30";"";"";"";"";"2025-12-27 07:47:58.617"
91;178;"525355";"E2806995200040028408B185";"7DBAAF30";"";"";"";"";"2025-12-27 07:47:58.617"
91;178;"525356";"E2806995200040028409A984";"EBBB0530";"";"";"";"";"2025-12-27 07:47:58.617"
91;178;"525357";"E2806995200040028407A985";"91BAF730";"";"";"";"";"2025-12-27 07:47:58.617"
91;178;"525358";"E2806995200050028407CD86";"8ABAF030";"";"";"";"";"2025-12-27 07:47:58.617"
91;178;"525359";"E28069952000400284092D84";"D9BABE30";"";"";"";"";"2025-12-27 07:47:58.618"
91;178;"525360";"E2806995200040028408158B";"12BB0030";"";"";"";"";"2025-12-27 07:47:58.618"
91;28;"525361";"E28069952000400284083D84";"63BB0630";"";"";"";"";"2025-12-27 07:47:57.861"
91;28;"525362";"E28069952000400284061585";"E8BB0230";"";"";"";"";"2025-12-27 07:47:57.861"
91;28;"525363";"E28069952000400284051585";"1BBB0130";"";"";"";"";"2025-12-27 07:47:57.862"
91;28;"525364";"E28069952000500284074184";"94BAE430";"";"";"";"";"2025-12-27 07:47:57.862"
91;28;"525365";"E28069952000500284031185";"26BAC030";"";"";"";"";"2025-12-27 07:47:57.862"
91;28;"525366";"E28069952000500284051185";"43BADC30";"";"";"";"";"2025-12-27 07:47:57.862"
91;71;"525367";"E28069952000500284052D85";"F9BAD530";"";"";"";"";"2025-12-27 07:47:58.103"
91;71;"525368";"E28069952000500284059585";"8FBAD630";"";"";"";"";"2025-12-27 07:47:58.103"
91;71;"525369";"E2806995200040028408C184";"39BAE830";"";"";"";"";"2025-12-27 07:47:58.103"
91;71;"525370";"E2806995200040028406AD85";"6DBAF630";"";"";"";"";"2025-12-27 07:47:58.103"
91;71;"525371";"E28069952000400284072D85";"68BACA30";"";"";"";"";"2025-12-27 07:47:58.104"
91;71;"525373";"E2806995200040028409C584";"05BAED30";"";"";"";"";"2025-12-27 07:47:58.104"
91;71;"525374";"E28069952000500284063586";"11BAB830";"";"";"";"";"2025-12-27 07:47:58.104"
91;5;"525377";"E2806995200050028405158B";"D8BADA30";"";"";"";"";"2025-12-27 07:47:57.744"
91;5;"525378";"E2806995200050028403418A";"F9BAB330";"";"";"";"";"2025-12-27 07:47:57.744"
91;5;"525380";"E28069952000500284062D85";"6CBB1030";"";"";"";"";"2025-12-27 07:47:57.744"
91;5;"525381";"E28069952000500284094584";"34BB0A30";"";"";"";"";"2025-12-27 07:47:57.744"
91;5;"525382";"E28069952000500284063D84";"FCBAFD30";"";"";"";"";"2025-12-27 07:47:57.745"
91;5;"525383";"E28069952000400284069185";"B0BAD730";"";"";"";"";"2025-12-27 07:47:57.745"
91;5;"525384";"E2806995200050028404AD85";"3DBB0330";"";"";"";"";"2025-12-27 07:47:57.745"
91;5;"525385";"E2806995200040028406C18A";"F6BADD30";"";"";"";"";"2025-12-27 07:47:57.745"
91;5;"525386";"E28069952000400284099D85";"7DBAFE30";"";"";"";"";"2025-12-27 07:47:57.745"
91;5;"525387";"E2806995200050028409AD84";"E6BB0D30";"";"";"";"";"2025-12-27 07:47:57.745"
91;5;"525388";"E2806995200040028405CD86";"BEBADF30";"";"";"";"";"2025-12-27 07:47:57.745"
91;5;"525389";"E2806995200040028405998B";"B4BAB730";"";"";"";"";"2025-12-27 07:47:57.746"
91;5;"525390";"E28069952000500284030D87";"78BAEF30";"";"";"";"";"2025-12-27 07:47:57.746"
91;5;"525392";"E2806995200040028407C182";"FCBACB30";"";"";"";"";"2025-12-27 07:47:57.746"
91;5;"525393";"E2806995200050028409A583";"F2BADB30";"";"";"";"";"2025-12-27 07:47:57.746"
91;5;"525394";"E28069952000400284053D83";"26BB0E30";"";"";"";"";"2025-12-27 07:47:57.746"
91;5;"525395";"E2806995200040028405B983";"15BABB30";"";"";"";"";"2025-12-27 07:47:57.746"
91;5;"525396";"E2806995200040028406A183";"F4BAF530";"";"";"";"";"2025-12-27 07:47:57.747"
91;5;"525397";"E28069952000500284073D83";"EABAB430";"";"";"";"";"2025-12-27 07:47:57.747"
91;5;"525398";"E2806995200050028408A183";"3DBAC930";"";"";"";"";"2025-12-27 07:47:57.747"
91;5;"525399";"E28069952000500284062183";"96BAE330";"";"";"";"";"2025-12-27 07:47:57.747"
91;5;"525400";"E28069952000500284072583";"9ABB0730";"";"";"";"";"2025-12-27 07:47:57.744"
91;52;"525409";"E28069952000400284038D87";"33D9FA30";"";"";"";"";"2025-12-27 07:47:57.983"
91;52;"525412";"E2806995200050028402A587";"02DA1430";"";"";"";"";"2025-12-27 07:47:57.983"
91;52;"525413";"E2806995200040028406B187";"E9DA3330";"";"";"";"";"2025-12-27 07:47:57.984"
91;191;"525414";"E28069952000500284064588";"51DA5230";"";"";"";"";"2025-12-27 07:47:58.676"
91;191;"525415";"E28069952000500284024188";"A9DA5730";"";"";"";"";"2025-12-27 07:47:58.676"
91;140;"525416";"E28069952000400284083188";"96DA3230";"";"";"";"";"2025-12-27 07:47:58.458"
91;140;"525418";"E28069952000400284044588";"CEDA1930";"";"";"";"";"2025-12-27 07:47:58.458"
91;189;"525421";"E28069952000400284084588";"6FDA4130";"";"";"";"";"2025-12-27 07:47:58.668"
91;189;"525422";"E28069952000400284062D87";"68DA2D30";"";"";"";"";"2025-12-27 07:47:58.669"
91;189;"525423";"E28069952000400284008D87";"A3DA1730";"";"";"";"";"2025-12-27 07:47:58.669"
91;189;"525424";"E28069952000500284014188";"59DA4630";"";"";"";"";"2025-12-27 07:47:58.669"
91;191;"525425";"E2806995200050028402A988";"D5D9FC30";"";"";"";"";"2025-12-27 07:47:58.677"
91;191;"525426";"E2806995200050028405AD88";"1EDA0030";"";"";"";"";"2025-12-27 07:47:58.677"
91;191;"525427";"E2806995200050028409AD88";"8FDA5930";"";"";"";"";"2025-12-27 07:47:58.677"
91;191;"525428";"E28069952000400284059587";"15DA5830";"";"";"";"";"2025-12-27 07:47:58.677"
91;191;"525429";"E2806995200050028404C588";"09DA3F30";"";"";"";"";"2025-12-27 07:47:58.677"
91;191;"525430";"E28069952000400284003988";"F7DA3130";"";"";"";"";"2025-12-27 07:47:58.677"
91;191;"525431";"E28069952000400284069587";"89D9FD30";"";"";"";"";"2025-12-27 07:47:58.677"
91;191;"525432";"E28069952000400284032D88";"EBDA1330";"";"";"";"";"2025-12-27 07:47:58.677"
91;191;"525433";"E28069952000400284092D88";"B1DA0430";"";"";"";"";"2025-12-27 07:47:58.678"
91;191;"525434";"E2806995200050028406AD88";"8FDA1D30";"";"";"";"";"2025-12-27 07:47:58.678"
91;191;"525435";"E2806995200050028400C188";"53DA2030";"";"";"";"";"2025-12-27 07:47:58.678"
91;191;"525436";"E28069952000500284054588";"38DA3A30";"";"";"";"";"2025-12-27 07:47:58.678"
91;191;"525437";"E28069952000500284051587";"ECDA2B30";"";"";"";"";"2025-12-27 07:47:58.678"
91;191;"525438";"E2806995200040028403A587";"05DA3C30";"";"";"";"";"2025-12-27 07:47:58.678"
91;191;"525439";"E2806995200050028404A988";"E6DA3930";"";"";"";"";"2025-12-27 07:47:58.678"
91;191;"525440";"E28069952000500284034588";"ADDA2330";"";"";"";"";"2025-12-27 07:47:58.679"
91;191;"525441";"E28069952000400284069987";"2ED9FE30";"";"";"";"";"2025-12-27 07:47:58.679"
91;191;"525442";"E28069952000500284072D88";"8ADA2130";"";"";"";"";"2025-12-27 07:47:58.679"
91;191;"525443";"E2806995200040028402AD88";"E4DA4330";"";"";"";"";"2025-12-27 07:47:58.679"
91;191;"525444";"E2806995200050028401C588";"A8DA0B30";"";"";"";"";"2025-12-27 07:47:58.679"
91;191;"525445";"E28069952000500284032988";"27DA1130";"";"";"";"";"2025-12-27 07:47:58.679"
91;191;"525446";"E28069952000400284042988";"DEDA4030";"";"";"";"";"2025-12-27 07:47:58.679"
91;191;"525447";"E2806995200040028400A587";"C7DA3030";"";"";"";"";"2025-12-27 07:47:58.680"
91;191;"525448";"E28069952000500284053188";"31DA4C30";"";"";"";"";"2025-12-27 07:47:58.680"
91;191;"525449";"E28069952000500284022D88";"19DA0830";"";"";"";"";"2025-12-27 07:47:58.680"
91;191;"525450";"E28069952000500284052987";"0CDA4D30";"";"";"";"";"2025-12-27 07:47:58.680"
91;73;"525451";"E28069952000400284019187";"76DA3830";"";"";"";"";"2025-12-27 07:47:58.111"
91;73;"525452";"E2806995200040028405A987";"03DA1F30";"";"";"";"";"2025-12-27 07:47:58.112"
91;73;"525453";"E28069952000500284094588";"ACDA5530";"";"";"";"";"2025-12-27 07:47:58.112"
91;73;"525454";"E28069952000400284024588";"A5DA5130";"";"";"";"";"2025-12-27 07:47:58.112"
91;73;"525455";"E28069952000500284003D88";"92DA4B30";"";"";"";"";"2025-12-27 07:47:58.112"
91;73;"525457";"E28069952000400284074588";"F9DA2630";"";"";"";"";"2025-12-27 07:47:58.113"
91;73;"525460";"E28069952000400284029187";"7DDA4E30";"";"";"";"";"2025-12-27 07:47:58.113"
91;73;"525461";"E28069952000500284044188";"32DA1A30";"";"";"";"";"2025-12-27 07:47:58.113"
91;73;"525462";"E2806995200040028409B589";"76DA4930";"";"";"";"";"2025-12-27 07:47:58.113"
91;73;"525464";"E28069952000400284003D86";"08DA0D30";"";"";"";"";"2025-12-27 07:47:58.113"
91;73;"525465";"E2806995200040028403B586";"C7DA2E30";"";"";"";"";"2025-12-27 07:47:58.114"
91;73;"525466";"E28069952000400284012185";"27DA1630";"";"";"";"";"2025-12-27 07:47:58.114"
91;73;"525467";"E2806995200040028402D186";"78DA4830";"";"";"";"";"2025-12-27 07:47:58.114"
91;2;"525469";"E2806995200050028402B986";"60DA2F30";"";"";"";"";"2025-12-27 07:47:57.730"
91;2;"525470";"E28069952000400284018D85";"E6DA4730";"";"";"";"";"2025-12-27 07:47:57.730"
91;2;"525471";"E28069952000400284043586";"56DA0530";"";"";"";"";"2025-12-27 07:47:57.730"
91;2;"525472";"E2806995200040028403CD86";"69DA5B30";"";"";"";"";"2025-12-27 07:47:57.730"
91;2;"525473";"E2806995200050028400C586";"63DA4230";"";"";"";"";"2025-12-27 07:47:57.730"
91;2;"525474";"E2806995200050028402CD86";"91DA2C30";"";"";"";"";"2025-12-27 07:47:57.730"
91;2;"525475";"E28069952000400284013586";"02DA0230";"";"";"";"";"2025-12-27 07:47:57.731"
91;2;"525476";"E28069952000500284008185";"79DA3730";"";"";"";"";"2025-12-27 07:47:57.731"
91;2;"525477";"E28069952000500284038D85";"19DA0E30";"";"";"";"";"2025-12-27 07:47:57.731"
91;2;"525478";"E28069952000400284035186";"BBDA5430";"";"";"";"";"2025-12-27 07:47:57.731"
91;2;"525479";"E2806995200050028404B586";"99DA5330";"";"";"";"";"2025-12-27 07:47:57.731"
91;124;"525480";"E2806995200040028403B986";"9BDA4A30";"";"";"";"";"2025-12-27 07:47:58.382"
91;124;"525481";"E28069952000500284033586";"91D9FF30";"";"";"";"";"2025-12-27 07:47:58.382"
91;124;"525482";"E28069952000400284020985";"E5DA0730";"";"";"";"";"2025-12-27 07:47:58.383"
91;124;"525484";"E28069952000400284032585";"ECDA2830";"";"";"";"";"2025-12-27 07:47:58.383"
91;124;"525485";"E28069952000500284010D85";"2FDA3530";"";"";"";"";"2025-12-27 07:47:58.383"
91;124;"525488";"E28069952000400284010985";"B7DA0C30";"";"";"";"";"2025-12-27 07:47:58.383"
91;124;"525489";"E28069952000500284022585";"1FDA3D30";"";"";"";"";"2025-12-27 07:47:58.383"
91;71;"525491";"E28069952000400284014D86";"59DA4430";"";"";"";"";"2025-12-27 07:47:58.104"
91;71;"525492";"E28069952000400284023586";"C4DA3630";"";"";"";"";"2025-12-27 07:47:58.104"
91;71;"525493";"E28069952000500284012585";"DBDA1530";"";"";"";"";"2025-12-27 07:47:58.105"
91;71;"525494";"E28069952000400284023986";"92DA3E30";"";"";"";"";"2025-12-27 07:47:58.105"
91;71;"525495";"E28069952000500284018985";"47DA0130";"";"";"";"";"2025-12-27 07:47:58.105"
91;71;"525496";"E2806995200040028400C186";"55DA2930";"";"";"";"";"2025-12-27 07:47:58.105"
91;139;"525497";"E2806995200040028401D186";"D5DA1C30";"";"";"";"";"2025-12-27 07:47:58.457"
91;139;"525498";"E28069952000500284034D86";"94DA1030";"";"";"";"";"2025-12-27 07:47:58.457"
91;101;"525501";"E28069952000400284008585";"EEDBB430";"";"";"";"";"2025-12-27 07:47:58.247"
91;101;"525502";"E28069952000400284002986";"70DBE130";"";"";"";"";"2025-12-27 07:47:58.247"
91;101;"525503";"E2806995200050028400A986";"21DBE430";"";"";"";"";"2025-12-27 07:47:58.248"
91;101;"525504";"E2806995200040028400AD86";"4ADBCA30";"";"";"";"";"2025-12-27 07:47:58.248"
91;101;"525505";"E28069952000500284025186";"10DBD230";"";"";"";"";"2025-12-27 07:47:58.248"
91;101;"525506";"E2806995200040028400A185";"89DBAE30";"";"";"";"";"2025-12-27 07:47:58.250"
91;101;"525507";"E28069952000500284004186";"9BDB9130";"";"";"";"";"2025-12-27 07:47:58.250"
91;101;"525508";"E2806995200050028401B586";"CADB9E30";"";"";"";"";"2025-12-27 07:47:58.251"
91;101;"525509";"E2806995200050028401CD86";"C2DBC930";"";"";"";"";"2025-12-27 07:47:58.251"
91;101;"525510";"E2806995200050028402B586";"A1DBEA30";"";"";"";"";"2025-12-27 07:47:58.251"
91;101;"525511";"E28069952000400284002586";"1FDB9630";"";"";"";"";"2025-12-27 07:47:58.251"
91;101;"525512";"E28069952000400284028D85";"28DBE330";"";"";"";"";"2025-12-27 07:47:58.252"
91;101;"525513";"E28069952000400284024D86";"FFDB9230";"";"";"";"";"2025-12-27 07:47:58.252"
91;101;"525514";"E28069952000500284033986";"36DBE230";"";"";"";"";"2025-12-27 07:47:58.252"
91;101;"525515";"E28069952000400284044D86";"6EDBB330";"";"";"";"";"2025-12-27 07:47:58.252"
91;101;"525516";"E2806995200050028401B986";"91DBD030";"";"";"";"";"2025-12-27 07:47:58.252"
91;101;"525519";"E28069952000400284063984";"BEDBCE30";"";"";"";"";"2025-12-27 07:47:58.252"
91;106;"525522";"E28069952000400284062184";"63DBDD30";"";"";"";"";"2025-12-27 07:47:58.273"
91;106;"525523";"E2806995200040028406A584";"A3DB9F30";"";"";"";"";"2025-12-27 07:47:58.273"
91;106;"525524";"E2806995200040028405A584";"AEDBCD30";"";"";"";"";"2025-12-27 07:47:58.274"
91;106;"525525";"E2806995200050028406C184";"B9DBCB30";"";"";"";"";"2025-12-27 07:47:58.274"
91;106;"525526";"E28069952000400284062985";"E1DB9D30";"";"";"";"";"2025-12-27 07:47:58.274"
91;106;"525527";"E28069952000400284072984";"54DB9530";"";"";"";"";"2025-12-27 07:47:58.274"
91;106;"525528";"E2806995200040028406A984";"C0DBA030";"";"";"";"";"2025-12-27 07:47:58.274"
91;106;"525529";"E28069952000500284062584";"F1DB8830";"";"";"";"";"2025-12-27 07:47:58.274"
91;106;"525530";"E28069952000500284053D84";"D1DBCC30";"";"";"";"";"2025-12-27 07:47:58.274"
91;106;"525531";"E2806995200040028405BD84";"8DDB8F30";"";"";"";"";"2025-12-27 07:47:58.275"
91;106;"525532";"E2806995200040028406BD84";"8BDBBF30";"";"";"";"";"2025-12-27 07:47:58.275"
91;74;"525534";"E2806995200040028402B984";"79DBD630";"";"";"";"";"2025-12-27 07:47:58.117"
91;74;"525535";"E28069952000400284032184";"36DBD430";"";"";"";"";"2025-12-27 07:47:58.117"
91;121;"525540";"E28069952000400284023D84";"71DBE030";"";"";"";"";"2025-12-27 07:47:58.371"
91;121;"525541";"E28069952000500284032584";"66DB9930";"";"";"";"";"2025-12-27 07:47:58.371"
91;121;"525542";"E28069952000400284052184";"60DBDB30";"";"";"";"";"2025-12-27 07:47:58.371"
91;121;"525543";"E2806995200040028404B984";"72DB9C30";"";"";"";"";"2025-12-27 07:47:58.371"
91;121;"525544";"E2806995200040028403A584";"C8DBC330";"";"";"";"";"2025-12-27 07:47:58.371"
91;121;"525545";"E28069952000400284022584";"62DBA330";"";"";"";"";"2025-12-27 07:47:58.371"
91;121;"525546";"E28069952000400284043D84";"B0DBC230";"";"";"";"";"2025-12-27 07:47:58.371"
91;121;"525547";"E28069952000500284023984";"24DB9B30";"";"";"";"";"2025-12-27 07:47:58.372"
91;121;"525548";"E2806995200040028404A184";"F8DBA630";"";"";"";"";"2025-12-27 07:47:58.372"
91;101;"525550";"E28069952000500284052584";"5CDBDC30";"";"";"";"";"2025-12-27 07:47:58.252"
91;140;"525557";"E2806995200040028403BD84";"E6DBC730";"";"";"";"";"2025-12-27 07:47:58.460"
91;140;"525559";"E28069952000500284033D84";"49DB9330";"";"";"";"";"2025-12-27 07:47:58.460"
91;140;"525564";"E28069952000400284022183";"1FDBC630";"";"";"";"";"2025-12-27 07:47:58.460"
91;140;"525565";"E28069952000500284022184";"C2DBEB30";"";"";"";"";"2025-12-27 07:47:58.461"
91;140;"525570";"E2806995200050028404B983";"9CDBA230";"";"";"";"";"2025-12-27 07:47:58.461"
91;140;"525571";"E28069952000500284042583";"DCDBB630";"";"";"";"";"2025-12-27 07:47:58.461"
91;140;"525572";"E2806995200040028403B983";"A6DBE530";"";"";"";"";"2025-12-27 07:47:58.461"
91;140;"525574";"E28069952000500284002D83";"18DBD530";"";"";"";"";"2025-12-27 07:47:58.461"
91;140;"525576";"E28069952000500284002984";"CCDBC830";"";"";"";"";"2025-12-27 07:47:58.461"
91;140;"525578";"E2806995200040028404BD83";"99DBDA30";"";"";"";"";"2025-12-27 07:47:58.462"
91;140;"525579";"E2806995200040028400B184";"EBDBBA30";"";"";"";"";"2025-12-27 07:47:58.462"
91;140;"525582";"E28069952000400284023583";"54DBD930";"";"";"";"";"2025-12-27 07:47:58.462"
91;140;"525585";"E2806995200050028402B983";"96DBE630";"";"";"";"";"2025-12-27 07:47:58.462"
91;140;"525586";"E28069952000500284033983";"58DBBC30";"";"";"";"";"2025-12-27 07:47:58.462"
91;140;"525590";"E28069952000500284009D84";"15DBB830";"";"";"";"";"2025-12-27 07:47:58.462"
91;140;"525591";"E28069952000400284012183";"ECDBC530";"";"";"";"";"2025-12-27 07:47:58.463"
91;140;"525592";"E28069952000500284032183";"15DBA830";"";"";"";"";"2025-12-27 07:47:58.463"
91;140;"525593";"E28069952000400284002D84";"6ADBA430";"";"";"";"";"2025-12-27 07:47:58.463"
91;140;"525594";"E2806995200040028401A184";"A1DBE730";"";"";"";"";"2025-12-27 07:47:58.463"
91;140;"525595";"E28069952000400284023983";"3DDB8A30";"";"";"";"";"2025-12-27 07:47:58.463"
91;140;"525596";"E28069952000500284052183";"EBDBD130";"";"";"";"";"2025-12-27 07:47:58.463"
91;140;"525597";"E28069952000400284002983";"DBDB8D30";"";"";"";"";"2025-12-27 07:47:58.464"
91;140;"525598";"E2806995200040028400B983";"0FDB8930";"";"";"";"";"2025-12-27 07:47:58.464"
91;140;"525599";"E28069952000500284029D83";"FBDB9030";"";"";"";"";"2025-12-27 07:47:58.464"
91;140;"525600";"E28069952000400284021D83";"F3DBE830";"";"";"";"";"2025-12-27 07:47:58.457"
91;76;"525603";"E28069952000400284009D83";"7C021830";"";"";"";"";"2025-12-27 07:47:58.131"
91;76;"525605";"E2806995200040028403A183";"68025730";"";"";"";"";"2025-12-27 07:47:58.131"
91;76;"525606";"E2806995200050028406A583";"9A023C30";"";"";"";"";"2025-12-27 07:47:58.131"
91;76;"525607";"E28069952000500284092183";"FD021630";"";"";"";"";"2025-12-27 07:47:58.132"
91;76;"525609";"E2806995200040028409A183";"62024330";"";"";"";"";"2025-12-27 07:47:58.132"
91;76;"525610";"E28069952000500284094982";"5C023330";"";"";"";"";"2025-12-27 07:47:58.132"
91;76;"525611";"E28069952000400284072183";"C8026730";"";"";"";"";"2025-12-27 07:47:58.132"
91;76;"525612";"E28069952000500284084182";"6C025130";"";"";"";"";"2025-12-27 07:47:58.132"
91;76;"525615";"E2806995200050028408C982";"35024530";"";"";"";"";"2025-12-27 07:47:58.133"
91;76;"525616";"E28069952000400284084582";"3A023830";"";"";"";"";"2025-12-27 07:47:58.133"
91;76;"525617";"E2806995200050028408B182";"CA023D30";"";"";"";"";"2025-12-27 07:47:58.133"
91;76;"525618";"E2806995200050028407B983";"86026930";"";"";"";"";"2025-12-27 07:47:58.133"
91;76;"525619";"E28069952000500284082D82";"B5027230";"";"";"";"";"2025-12-27 07:47:58.133"
91;76;"525620";"E2806995200040028408AD82";"1A022630";"";"";"";"";"2025-12-27 07:47:58.133"
91;76;"525623";"E28069952000400284052583";"93025E30";"";"";"";"";"2025-12-27 07:47:58.133"
91;76;"525626";"E2806995200040028400B583";"11024130";"";"";"";"";"2025-12-27 07:47:58.134"
91;76;"525627";"E2806995200050028405A583";"6F021B30";"";"";"";"";"2025-12-27 07:47:58.134"
91;76;"525629";"E28069952000500284074182";"A3024B30";"";"";"";"";"2025-12-27 07:47:58.134"
91;76;"525632";"E2806995200040028403B182";"9B024A30";"";"";"";"";"2025-12-27 07:47:58.134"
91;76;"525634";"E2806995200050028406A182";"20022230";"";"";"";"";"2025-12-27 07:47:58.134"
91;76;"525635";"E28069952000400284041582";"FA025630";"";"";"";"";"2025-12-27 07:47:58.134"
91;12;"525648";"E28069952000500284052582";"D7025F30";"";"";"";"";"2025-12-27 07:47:57.777"
91;12;"525649";"E2806995200040028406BD82";"91023530";"";"";"";"";"2025-12-27 07:47:57.778"
91;193;"525650";"E28069952000400284043182";"A3021930";"";"";"";"";"2025-12-27 07:47:58.686"
91;36;"525651";"E28069952000400284041982";"6E024630";"";"";"";"";"2025-12-27 07:47:57.913"
91;36;"525652";"E28069952000500284062582";"B6024730";"";"";"";"";"2025-12-27 07:47:57.913"
91;36;"525653";"E2806995200050028403AD82";"11023E30";"";"";"";"";"2025-12-27 07:47:57.914"
91;36;"525654";"E28069952000400284063982";"F7025530";"";"";"";"";"2025-12-27 07:47:57.914"
91;36;"525655";"E2806995200040028405A582";"4C023230";"";"";"";"";"2025-12-27 07:47:57.914"
91;36;"525659";"E28069952000500284002582";"44027630";"";"";"";"";"2025-12-27 07:47:57.914"
91;36;"525660";"E2806995200040028400A581";"ED025B30";"";"";"";"";"2025-12-27 07:47:57.914"
91;36;"525661";"E2806995200050028401A581";"D9026030";"";"";"";"";"2025-12-27 07:47:57.915"
91;36;"525662";"E28069952000400284009582";"F5023A30";"";"";"";"";"2025-12-27 07:47:57.915"
91;36;"525663";"E28069952000500284003181";"A2027430";"";"";"";"";"2025-12-27 07:47:57.915"
91;36;"525665";"E28069952000500284019582";"A3021F30";"";"";"";"";"2025-12-27 07:47:57.915"
91;36;"525666";"E28069952000500284012D82";"2B024D30";"";"";"";"";"2025-12-27 07:47:57.915"
91;36;"525668";"E28069952000400284012581";"E0021730";"";"";"";"";"2025-12-27 07:47:57.915"
91;36;"525669";"E2806995200040028400BD81";"6B022930";"";"";"";"";"2025-12-27 07:47:57.915"
91;36;"525670";"E28069952000400284022981";"48025A30";"";"";"";"";"2025-12-27 07:47:57.916"
91;36;"525671";"E2806995200050028401A981";"4B025430";"";"";"";"";"2025-12-27 07:47:57.916"
91;36;"525673";"E28069952000500284014181";"90022D30";"";"";"";"";"2025-12-27 07:47:57.916"
91;36;"525674";"E28069952000400284034181";"FC027130";"";"";"";"";"2025-12-27 07:47:57.916"
91;36;"525676";"E2806995200040028403C581";"CB021C30";"";"";"";"";"2025-12-27 07:47:57.916"
91;36;"525677";"E28069952000500284034581";"07025830";"";"";"";"";"2025-12-27 07:47:57.916"
91;36;"525678";"E28069952000400284044981";"0B021530";"";"";"";"";"2025-12-27 07:47:57.916"
91;36;"525679";"E28069952000400284044581";"F9022330";"";"";"";"";"2025-12-27 07:47:57.917"
91;121;"525681";"E2806995200050028404B181";"5A023730";"";"";"";"";"2025-12-27 07:47:58.372"
91;121;"525682";"E2806995200040028402C181";"CB025030";"";"";"";"";"2025-12-27 07:47:58.372"
91;121;"525683";"E28069952000500284042D81";"29023030";"";"";"";"";"2025-12-27 07:47:58.372"
91;121;"525684";"E28069952000400284032D81";"47024C30";"";"";"";"";"2025-12-27 07:47:58.372"
91;121;"525685";"E2806995200040028403C981";"91025C30";"";"";"";"";"2025-12-27 07:47:58.372"
91;121;"525686";"E28069952000400284043181";"F9022B30";"";"";"";"";"2025-12-27 07:47:58.373"
91;38;"525687";"E2806995200040028405B181";"0A023630";"";"";"";"";"2025-12-27 07:47:57.924"
91;38;"525688";"E28069952000500284064581";"F4027330";"";"";"";"";"2025-12-27 07:47:57.924"
91;38;"525689";"E28069952000500284054981";"3E022030";"";"";"";"";"2025-12-27 07:47:57.924"
91;38;"525690";"E2806995200040028406B181";"98023930";"";"";"";"";"2025-12-27 07:47:57.924"
91;38;"525691";"E2806995200040028405C581";"CB023430";"";"";"";"";"2025-12-27 07:47:57.924"
91;38;"525692";"E28069952000500284054581";"65026E30";"";"";"";"";"2025-12-27 07:47:57.925"
91;38;"525693";"E28069952000500284053181";"09022C30";"";"";"";"";"2025-12-27 07:47:57.925"
91;38;"525694";"E2806995200050028404C581";"5B023130";"";"";"";"";"2025-12-27 07:47:57.925"
91;38;"525695";"E28069952000500284064981";"69021D30";"";"";"";"";"2025-12-27 07:47:57.925"
91;38;"525696";"E2806995200050028406AD81";"70025330";"";"";"";"";"2025-12-27 07:47:57.925"
91;38;"525697";"E2806995200050028405AD81";"4B022430";"";"";"";"";"2025-12-27 07:47:57.925"
91;38;"525698";"E28069952000400284052D81";"B7026130";"";"";"";"";"2025-12-27 07:47:57.925"
91;38;"525699";"E28069952000400284062D81";"85026830";"";"";"";"";"2025-12-27 07:47:57.926"
91;106;"525701";"E28069952000500284072D82";"76C2F430";"";"";"";"";"2025-12-27 07:47:58.272"
91;106;"525702";"E2806995200050028406BD83";"D3C32430";"";"";"";"";"2025-12-27 07:47:58.272"
91;106;"525703";"E2806995200050028409B582";"97C30030";"";"";"";"";"2025-12-27 07:47:58.272"
91;106;"525704";"E28069952000400284094D82";"C3C31430";"";"";"";"";"2025-12-27 07:47:58.272"
91;106;"525705";"E2806995200040028409C982";"08C33430";"";"";"";"";"2025-12-27 07:47:58.273"
91;106;"525706";"E2806995200050028409CD82";"30C30B30";"";"";"";"";"2025-12-27 07:47:58.273"
91;106;"525707";"E28069952000500284093182";"ABC2EF30";"";"";"";"";"2025-12-27 07:47:58.273"
91;106;"525708";"E2806995200050028409BD83";"78C30430";"";"";"";"";"2025-12-27 07:47:58.273"
91;106;"525709";"E28069952000500284083D83";"4BC2FD30";"";"";"";"";"2025-12-27 07:47:58.273"
91;121;"525710";"E2806995200040028408BD83";"D4C34830";"";"";"";"";"2025-12-27 07:47:58.369"
91;121;"525711";"E2806995200050028408B983";"D6C2FA30";"";"";"";"";"2025-12-27 07:47:58.369"
91;121;"525712";"E2806995200050028406C182";"CBC30730";"";"";"";"";"2025-12-27 07:47:58.370"
91;121;"525713";"E2806995200040028409B182";"57C34A30";"";"";"";"";"2025-12-27 07:47:58.370"
91;121;"525714";"E2806995200040028407A583";"58C2F230";"";"";"";"";"2025-12-27 07:47:58.370"
91;121;"525715";"E28069952000500284063983";"78C30630";"";"";"";"";"2025-12-27 07:47:58.370"
91;121;"525716";"E28069952000500284043D83";"E3C33B30";"";"";"";"";"2025-12-27 07:47:58.370"
91;121;"525717";"E28069952000400284093D83";"4BC2FF30";"";"";"";"";"2025-12-27 07:47:58.370"
91;121;"525718";"E28069952000400284092583";"A6C30D30";"";"";"";"";"2025-12-27 07:47:58.370"
91;38;"525719";"E28069952000500284093983";"D4C2EC30";"";"";"";"";"2025-12-27 07:47:57.922"
91;38;"525720";"E28069952000500284082583";"AAC34730";"";"";"";"";"2025-12-27 07:47:57.922"
91;38;"525721";"E28069952000400284062583";"FBC30C30";"";"";"";"";"2025-12-27 07:47:57.922"
91;38;"525722";"E2806995200050028405BD83";"27C2ED30";"";"";"";"";"2025-12-27 07:47:57.922"
91;38;"525723";"E2806995200050028408C582";"0EC33D30";"";"";"";"";"2025-12-27 07:47:57.922"
91;38;"525724";"E28069952000400284074582";"A3C33130";"";"";"";"";"2025-12-27 07:47:57.923"
91;38;"525725";"E28069952000400284092D82";"15C34230";"";"";"";"";"2025-12-27 07:47:57.923"
91;38;"525726";"E2806995200040028405A183";"66C31F30";"";"";"";"";"2025-12-27 07:47:57.923"
91;38;"525727";"E28069952000400284083983";"E6C2F330";"";"";"";"";"2025-12-27 07:47:57.923"
91;38;"525728";"E28069952000400284082982";"25C30F30";"";"";"";"";"2025-12-27 07:47:57.923"
91;38;"525729";"E2806995200040028408A583";"65C31130";"";"";"";"";"2025-12-27 07:47:57.923"
91;38;"525730";"E2806995200040028407BD83";"17C31A30";"";"";"";"";"2025-12-27 07:47:57.923"
91;11;"525731";"E28069952000400284063D83";"16C31E30";"";"";"";"";"2025-12-27 07:47:57.774"
91;11;"525732";"E28069952000400284021982";"56C32B30";"";"";"";"";"2025-12-27 07:47:57.774"
91;11;"525733";"E2806995200040028409B983";"73C32830";"";"";"";"";"2025-12-27 07:47:57.774"
91;11;"525734";"E28069952000400284039982";"3DC34130";"";"";"";"";"2025-12-27 07:47:57.774"
91;11;"525735";"E28069952000500284033182";"F0C31630";"";"";"";"";"2025-12-27 07:47:57.774"
91;11;"525736";"E2806995200040028407AD82";"87C2F730";"";"";"";"";"2025-12-27 07:47:57.775"
91;11;"525737";"E28069952000400284082183";"0BC30130";"";"";"";"";"2025-12-27 07:47:57.775"
91;11;"525738";"E2806995200050028400AD82";"74C32A30";"";"";"";"";"2025-12-27 07:47:57.775"
91;11;"525739";"E2806995200050028402B182";"55C32C30";"";"";"";"";"2025-12-27 07:47:57.775"
91;11;"525740";"E28069952000500284031582";"F7C2EE30";"";"";"";"";"2025-12-27 07:47:57.775"
91;11;"525741";"E28069952000400284011982";"C0C2FC30";"";"";"";"";"2025-12-27 07:47:57.775"
91;11;"525742";"E28069952000500284022D82";"15C33830";"";"";"";"";"2025-12-27 07:47:57.775"
91;11;"525743";"E2806995200040028400B182";"3CC34630";"";"";"";"";"2025-12-27 07:47:57.776"
91;11;"525744";"E28069952000400284023182";"51C31C30";"";"";"";"";"2025-12-27 07:47:57.776"
91;11;"525745";"E28069952000500284031982";"52C2F130";"";"";"";"";"2025-12-27 07:47:57.776"
91;11;"525746";"E28069952000400284013182";"37C32E30";"";"";"";"";"2025-12-27 07:47:57.776"
91;11;"525747";"E28069952000400284039582";"07C30330";"";"";"";"";"2025-12-27 07:47:57.776"
91;11;"525748";"E2806995200040028401AD82";"D2C30A30";"";"";"";"";"2025-12-27 07:47:57.776"
91;11;"525749";"E28069952000400284021582";"3BC34030";"";"";"";"";"2025-12-27 07:47:57.776"
91;11;"525750";"E28069952000400284032D82";"B5C33C30";"";"";"";"";"2025-12-27 07:47:57.777"
91;11;"525751";"E2806995200050028401B182";"64C33730";"";"";"";"";"2025-12-27 07:47:57.777"
91;11;"525752";"E28069952000500284029582";"A4C31530";"";"";"";"";"2025-12-27 07:47:57.777"
91;11;"525753";"E28069952000500284029982";"36C32130";"";"";"";"";"2025-12-27 07:47:57.777"
91;11;"525754";"E28069952000500284053983";"7AC30E30";"";"";"";"";"2025-12-27 07:47:57.777"
91;74;"525756";"E2806995200040028403B181";"FEC31730";"";"";"";"";"2025-12-27 07:47:58.117"
91;74;"525757";"E2806995200040028402AD82";"15C33030";"";"";"";"";"2025-12-27 07:47:58.118"
91;74;"525758";"E28069952000500284019982";"F2C30930";"";"";"";"";"2025-12-27 07:47:58.118"
91;74;"525759";"E28069952000500284024181";"34C33330";"";"";"";"";"2025-12-27 07:47:58.118"
91;74;"525760";"E2806995200050028402A581";"B2C32030";"";"";"";"";"2025-12-27 07:47:58.118"
91;74;"525761";"E28069952000400284022581";"82C32930";"";"";"";"";"2025-12-27 07:47:58.118"
91;74;"525762";"E28069952000400284012981";"B2C31330";"";"";"";"";"2025-12-27 07:47:58.119"
91;74;"525763";"E28069952000400284023D81";"A8C2F530";"";"";"";"";"2025-12-27 07:47:58.119"
91;74;"525765";"E2806995200050028403AD81";"DDC31B30";"";"";"";"";"2025-12-27 07:47:58.119"
91;74;"525766";"E2806995200050028402BD81";"68C31930";"";"";"";"";"2025-12-27 07:47:58.119"
91;74;"525768";"E28069952000500284032981";"B5C32F30";"";"";"";"";"2025-12-27 07:47:58.119"
91;74;"525770";"E28069952000500284074D81";"54C32230";"";"";"";"";"2025-12-27 07:47:58.119"
91;74;"525771";"E28069952000500284073581";"54C30530";"";"";"";"";"2025-12-27 07:47:58.120"
91;74;"525772";"E28069952000400284073181";"A9C30830";"";"";"";"";"2025-12-27 07:47:58.120"
91;74;"525773";"E2806995200040028406C981";"3EC2E830";"";"";"";"";"2025-12-27 07:47:58.121"
91;74;"525776";"E2806995200050028408C981";"F2C30230";"";"";"";"";"2025-12-27 07:47:58.122"
91;74;"525777";"E2806995200050028407C981";"9CC2F030";"";"";"";"";"2025-12-27 07:47:58.122"
91;74;"525778";"E2806995200040028407B581";"68C34430";"";"";"";"";"2025-12-27 07:47:58.122"
91;74;"525780";"E28069952000500284093181";"91C33F30";"";"";"";"";"2025-12-27 07:47:58.122"
91;74;"525781";"E28069952000500284093980";"77C34530";"";"";"";"";"2025-12-27 07:47:58.122"
91;74;"525782";"E28069952000500284094981";"AEC34330";"";"";"";"";"2025-12-27 07:47:58.122"
91;74;"525783";"E28069952000400284094D81";"A3C34B30";"";"";"";"";"2025-12-27 07:47:58.123"
91;74;"525784";"E28069952000400284093581";"5BC2F930";"";"";"";"";"2025-12-27 07:47:58.123"
91;74;"525785";"E28069952000500284084D81";"5EC2EA30";"";"";"";"";"2025-12-27 07:47:58.123"
91;74;"525786";"E28069952000500284083581";"ADC33A30";"";"";"";"";"2025-12-27 07:47:58.123"
91;74;"525787";"E2806995200040028407CD81";"96C33230";"";"";"";"";"2025-12-27 07:47:58.123"
91;74;"525788";"E2806995200040028409B181";"35C2E930";"";"";"";"";"2025-12-27 07:47:58.124"
91;74;"525790";"E2806995200040028409B980";"E8C31030";"";"";"";"";"2025-12-27 07:47:58.124"
91;74;"525792";"E2806995200050028409B581";"6EC32630";"";"";"";"";"2025-12-27 07:47:58.124"
91;74;"525793";"E2806995200050028407B181";"6BC2F830";"";"";"";"";"2025-12-27 07:47:58.124"
91;74;"525794";"E2806995200040028408B581";"5CC33930";"";"";"";"";"2025-12-27 07:47:58.124"
91;74;"525795";"E28069952000500284093580";"4BC32330";"";"";"";"";"2025-12-27 07:47:58.125"
91;74;"525797";"E28069952000500284091D80";"78C32D30";"";"";"";"";"2025-12-27 07:47:58.125"
91;74;"525798";"E28069952000500284089D80";"18C32530";"";"";"";"";"2025-12-27 07:47:58.125"
91;74;"525799";"E2806995200040028407B180";"EFC31D30";"";"";"";"";"2025-12-27 07:47:58.125"
91;74;"525800";"E2806995200050028409CD81";"0BC33530";"";"";"";"";"2025-12-27 07:47:58.117"
91;109;"525801";"E2806995200040028405C981";"29131D30";"";"";"";"";"2025-12-27 07:47:58.295"
91;109;"525802";"E28069952000500284063181";"2F12E230";"";"";"";"";"2025-12-27 07:47:58.295"
91;109;"525803";"E2806995200050028408B580";"9C132C30";"";"";"";"";"2025-12-27 07:47:58.295"
91;109;"525804";"E28069952000400284089980";"5A12BF30";"";"";"";"";"2025-12-27 07:47:58.295"
91;97;"525806";"E28069952000500284073180";"AF12DD30";"";"";"";"";"2025-12-27 07:47:58.225"
91;97;"525807";"E28069952000500284071980";"6912E030";"";"";"";"";"2025-12-27 07:47:58.225"
91;97;"525808";"E28069952000400284062980";"BA12B830";"";"";"";"";"2025-12-27 07:47:58.225"
91;97;"525809";"E28069952000500284069980";"9E132530";"";"";"";"";"2025-12-27 07:47:58.225"
91;97;"525810";"E2806995200040028408B180";"9012CA30";"";"";"";"";"2025-12-27 07:47:58.226"
91;97;"525811";"E2806995200050028406B180";"6A130530";"";"";"";"";"2025-12-27 07:47:58.226"
91;97;"525812";"E28069952000400284099D80";"AD12DC30";"";"";"";"";"2025-12-27 07:47:58.226"
91;97;"525813";"E2806995200040028409B580";"6912FD30";"";"";"";"";"2025-12-27 07:47:58.226"
91;97;"525814";"E28069952000500284092180";"1612D330";"";"";"";"";"2025-12-27 07:47:58.226"
91;97;"525815";"E28069952000400284074981";"DF132230";"";"";"";"";"2025-12-27 07:47:58.226"
91;97;"525817";"E28069952000400284083580";"FF12D430";"";"";"";"";"2025-12-27 07:47:58.227"
91;97;"525818";"E2806995200050028404B57F";"00132A30";"";"";"";"";"2025-12-27 07:47:58.227"
91;97;"525819";"E2806995200050028404497F";"5812D830";"";"";"";"";"2025-12-27 07:47:58.227"
91;97;"525820";"E2806995200040028404357F";"3612E730";"";"";"";"";"2025-12-27 07:47:58.227"
91;97;"525821";"E2806995200040028407D17F";"E312F130";"";"";"";"";"2025-12-27 07:47:58.227"
91;97;"525822";"E2806995200040028403B57F";"52131F30";"";"";"";"";"2025-12-27 07:47:58.227"
91;97;"525823";"E2806995200050028402CD7F";"5212DA30";"";"";"";"";"2025-12-27 07:47:58.228"
91;97;"525824";"E28069952000400284044D7F";"C0130130";"";"";"";"";"2025-12-27 07:47:58.228"
91;97;"525825";"E2806995200040028401B17F";"AD12F830";"";"";"";"";"2025-12-27 07:47:58.228"
91;97;"525826";"E2806995200050028404317F";"AD12CC30";"";"";"";"";"2025-12-27 07:47:58.228"
91;97;"525827";"E2806995200050028404CD7F";"37132630";"";"";"";"";"2025-12-27 07:47:58.228"
91;97;"525828";"E2806995200040028404B17F";"9A12EF30";"";"";"";"";"2025-12-27 07:47:58.228"
91;97;"525829";"E28069952000400284008580";"1A12CD30";"";"";"";"";"2025-12-27 07:47:58.229"
91;97;"525830";"E28069952000500284034D7F";"56130830";"";"";"";"";"2025-12-27 07:47:58.229"
91;132;"525831";"E28069952000400284024D7F";"91132430";"";"";"";"";"2025-12-27 07:47:58.421"
91;132;"525832";"E2806995200040028400CD7F";"35130430";"";"";"";"";"2025-12-27 07:47:58.421"
91;132;"525833";"E2806995200050028407B97F";"6712D930";"";"";"";"";"2025-12-27 07:47:58.421"
91;132;"525834";"E2806995200040028400297F";"7F12BB30";"";"";"";"";"2025-12-27 07:47:58.422"
91;132;"525835";"E2806995200040028402357F";"0412D230";"";"";"";"";"2025-12-27 07:47:58.422"
91;132;"525836";"E2806995200050028405B17F";"0C12CE30";"";"";"";"";"2025-12-27 07:47:58.422"
91;132;"525839";"E2806995200040028405CD7F";"5312FE30";"";"";"";"";"2025-12-27 07:47:58.422"
91;132;"525840";"E2806995200040028401357F";"0512C830";"";"";"";"";"2025-12-27 07:47:58.422"
91;132;"525841";"E2806995200050028403357F";"0412D030";"";"";"";"";"2025-12-27 07:47:58.422"
91;132;"525842";"E2806995200050028407AD80";"1812E630";"";"";"";"";"2025-12-27 07:47:58.423"
91;132;"525843";"E2806995200050028401A180";"BD12D130";"";"";"";"";"2025-12-27 07:47:58.423"
91;132;"525844";"E2806995200050028400417F";"0112FA30";"";"";"";"";"2025-12-27 07:47:58.423"
91;132;"525845";"E2806995200050028401497F";"AF12CB30";"";"";"";"";"2025-12-27 07:47:58.423"
91;195;"525846";"E2806995200050028401CD7F";"6212CF30";"";"";"";"";"2025-12-27 07:47:58.692"
91;195;"525847";"E28069952000400284030D80";"D712F230";"";"";"";"";"2025-12-27 07:47:58.692"
91;195;"525848";"E28069952000500284081980";"0212C430";"";"";"";"";"2025-12-27 07:47:58.693"
91;195;"525849";"E2806995200050028405357F";"9212DB30";"";"";"";"";"2025-12-27 07:47:58.693"
91;195;"525850";"E2806995200040028400A180";"1812E330";"";"";"";"";"2025-12-27 07:47:58.693"
91;195;"525851";"E2806995200050028403B17F";"AE131C30";"";"";"";"";"2025-12-27 07:47:58.693"
91;195;"525852";"E2806995200050028406357F";"A3132030";"";"";"";"";"2025-12-27 07:47:58.693"
91;195;"525853";"E2806995200040028401A580";"84130030";"";"";"";"";"2025-12-27 07:47:58.693"
91;195;"525854";"E28069952000500284083D7F";"F512C030";"";"";"";"";"2025-12-27 07:47:58.694"
91;195;"525855";"E28069952000400284079580";"F012BE30";"";"";"";"";"2025-12-27 07:47:58.694"
91;195;"525856";"E2806995200050028402B57F";"9012E530";"";"";"";"";"2025-12-27 07:47:58.694"
91;195;"525857";"E28069952000500284012580";"4312C630";"";"";"";"";"2025-12-27 07:47:58.694"
91;195;"525858";"E2806995200050028402317F";"CC12E830";"";"";"";"";"2025-12-27 07:47:58.694"
91;195;"525859";"E2806995200040028405317F";"F512BD30";"";"";"";"";"2025-12-27 07:47:58.694"
91;195;"525860";"E2806995200050028400C97F";"CA12F530";"";"";"";"";"2025-12-27 07:47:58.695"
91;195;"525861";"E28069952000500284010D80";"47130330";"";"";"";"";"2025-12-27 07:47:58.695"
91;195;"525862";"E2806995200040028400257F";"D7130230";"";"";"";"";"2025-12-27 07:47:58.695"
91;195;"525863";"E2806995200040028401C97F";"0912E130";"";"";"";"";"2025-12-27 07:47:58.695"
91;195;"525864";"E2806995200050028403C97F";"9D132830";"";"";"";"";"2025-12-27 07:47:58.695"
91;195;"525865";"E28069952000500284020D80";"B112D630";"";"";"";"";"2025-12-27 07:47:58.695"
91;195;"525866";"E28069952000400284018D80";"7612E430";"";"";"";"";"2025-12-27 07:47:58.696"
91;195;"525867";"E28069952000500284018980";"B512BC30";"";"";"";"";"2025-12-27 07:47:58.696"
91;195;"525868";"E2806995200060039D9904DE";"1B44AB30";"";"";"";"";"2025-12-27 07:47:58.696"
91;195;"525869";"E2806995200040028404C97F";"9F131E30";"";"";"";"";"2025-12-27 07:47:58.696"
91;195;"525870";"E28069952000400284014D7F";"A2132330";"";"";"";"";"2025-12-27 07:47:58.696"
91;195;"525871";"E28069952000400284022180";"1912F330";"";"";"";"";"2025-12-27 07:47:58.696"
91;195;"525872";"E2806995200040028400B57F";"08E80730";"";"";"";"";"2025-12-27 07:47:58.697"
91;195;"525873";"E2806995200040028403CD7F";"A012C130";"";"";"";"";"2025-12-27 07:47:58.697"
91;195;"525874";"E2806995200050028401317F";"6E130630";"";"";"";"";"2025-12-27 07:47:58.697"
91;195;"525875";"E28069952000500284081580";"F212EE30";"";"";"";"";"2025-12-27 07:47:58.697"
91;195;"525876";"E28069952000500284028980";"29130730";"";"";"";"";"2025-12-27 07:47:58.697"
91;195;"525877";"E2806995200050028400A580";"1512EB30";"";"";"";"";"2025-12-27 07:47:58.697"
91;195;"525878";"E28069952000400284003D7F";"6F12C530";"";"";"";"";"2025-12-27 07:47:58.698"
91;195;"525880";"E28069952000400284020980";"4912ED30";"";"";"";"";"2025-12-27 07:47:58.698"
91;195;"525882";"E28069952000400284072D80";"8F12C330";"";"";"";"";"2025-12-27 07:47:58.698"
91;195;"525883";"E28069952000500284008180";"7712C730";"";"";"";"";"2025-12-27 07:47:58.698"
91;195;"525884";"E2806995200040028402C97F";"6C132130";"";"";"";"";"2025-12-27 07:47:58.698"
91;195;"525885";"E2806995200040028403317F";"5812D530";"";"";"";"";"2025-12-27 07:47:58.698"
91;195;"525886";"E2806995200040028402A580";"E412F630";"";"";"";"";"2025-12-27 07:47:58.699"
91;195;"525888";"E28069952000500284031180";"C412FF30";"";"";"";"";"2025-12-27 07:47:58.699"
91;195;"525889";"E28069952000400284010980";"DA12EC30";"";"";"";"";"2025-12-27 07:47:58.699"
91;195;"525890";"E2806995200040028402B17F";"5812DF30";"";"";"";"";"2025-12-27 07:47:58.699"
91;195;"525892";"E2806995200040028407357C";"9512BA30";"";"";"";"";"2025-12-27 07:47:58.699"
91;195;"525893";"E2806995200050028406457D";"D412C930";"";"";"";"";"2025-12-27 07:47:58.699"
91;195;"525895";"E28069952000400284002D7B";"9F12C230";"";"";"";"";"2025-12-27 07:47:58.700"
91;195;"525896";"E2806995200050028404017C";"EA12F430";"";"";"";"";"2025-12-27 07:47:58.700"
91;195;"525897";"E2806995200040028403017C";"2D12F030";"";"";"";"";"2025-12-27 07:47:58.700"
91;195;"525898";"E2806995200040028407AD7D";"5212F730";"";"";"";"";"2025-12-27 07:47:58.700"
91;195;"525899";"E2806995200040028403FD7C";"1712FC30";"";"";"";"";"2025-12-27 07:47:58.700"
91;195;"525900";"E2806995200050028404417D";"1E12F930";"";"";"";"";"2025-12-27 07:47:58.690"
91;35;"525902";"E28069952000400284032980";"C43A6430";"";"";"";"";"2025-12-27 07:47:57.907"
91;35;"525903";"E28069952000500284049180";"703A5530";"";"";"";"";"2025-12-27 07:47:57.907"
91;35;"525905";"E28069952000400284049580";"753A2D30";"";"";"";"";"2025-12-27 07:47:57.907"
91;35;"525907";"E2806995200040028404A980";"AC3A3430";"";"";"";"";"2025-12-27 07:47:57.907"
91;35;"525908";"E28069952000400284051580";"493A6E30";"";"";"";"";"2025-12-27 07:47:57.907"
91;35;"525909";"E28069952000400284032580";"CA3A1F30";"";"";"";"";"2025-12-27 07:47:57.907"
91;35;"525910";"E28069952000400284059180";"493A2830";"";"";"";"";"2025-12-27 07:47:57.908"
91;35;"525911";"E28069952000400284028D80";"F13A6B30";"";"";"";"";"2025-12-27 07:47:57.908"
91;35;"525912";"E28069952000400284041180";"7D3A1B30";"";"";"";"";"2025-12-27 07:47:57.908"
91;35;"525913";"E2806995200050028404AD80";"613A3830";"";"";"";"";"2025-12-27 07:47:57.908"
91;35;"525914";"E28069952000500284039580";"ED3A7030";"";"";"";"";"2025-12-27 07:47:57.908"
91;35;"525915";"E28069952000400284061580";"143A3F30";"";"";"";"";"2025-12-27 07:47:57.908"
91;35;"525916";"E2806995200050028403A980";"A03A5630";"";"";"";"";"2025-12-27 07:47:57.909"
91;35;"525917";"E28069952000400284042D80";"063A1830";"";"";"";"";"2025-12-27 07:47:57.909"
91;35;"525918";"E2806995200040028403AD80";"3C3A5730";"";"";"";"";"2025-12-27 07:47:57.909"
91;35;"525919";"E28069952000500284059580";"4C3A5030";"";"";"";"";"2025-12-27 07:47:57.909"
91;35;"525920";"E28069952000500284022580";"5D3A3030";"";"";"";"";"2025-12-27 07:47:57.909"
91;164;"525921";"E28069952000500284071580";"EC3A4830";"";"";"";"";"2025-12-27 07:47:58.558"
91;164;"525922";"E28069952000500284041580";"D83A6530";"";"";"";"";"2025-12-27 07:47:58.558"
91;140;"525926";"E2806995200040028406AD80";"513A2F30";"";"";"";"";"2025-12-27 07:47:58.458"
91;140;"525927";"E28069952000500284061180";"833A5C30";"";"";"";"";"2025-12-27 07:47:58.458"
91;140;"525928";"E28069952000500284069580";"4E3A5830";"";"";"";"";"2025-12-27 07:47:58.459"
91;140;"525931";"E2806995200050028406B57E";"693A2C30";"";"";"";"";"2025-12-27 07:47:58.459"
91;140;"525932";"E2806995200050028401B17E";"CB3A5230";"";"";"";"";"2025-12-27 07:47:58.459"
91;140;"525934";"E2806995200050028409D17F";"C43A2A30";"";"";"";"";"2025-12-27 07:47:58.459"
91;140;"525936";"E28069952000500284054D7F";"853A6030";"";"";"";"";"2025-12-27 07:47:58.459"
91;140;"525939";"E2806995200050028404957E";"623A2430";"";"";"";"";"2025-12-27 07:47:58.459"
91;140;"525940";"E2806995200050028407357E";"623A4430";"";"";"";"";"2025-12-27 07:47:58.459"
91;140;"525941";"E2806995200050028405317E";"0C3A4A30";"";"";"";"";"2025-12-27 07:47:58.460"
91;140;"525946";"E28069952000400284052D7E";"283A6C30";"";"";"";"";"2025-12-27 07:47:58.460"
91;140;"525947";"E2806995200050028408B97F";"ED3A4030";"";"";"";"";"2025-12-27 07:47:58.460"
91;117;"525951";"E2806995200050028404B17E";"F73A2730";"";"";"";"";"2025-12-27 07:47:58.353"
91;117;"525952";"E2806995200040028406B17E";"903A1930";"";"";"";"";"2025-12-27 07:47:58.353"
91;117;"525953";"E2806995200050028407517F";"CC3A1430";"";"";"";"";"2025-12-27 07:47:58.354"
91;117;"525954";"E28069952000500284081D7E";"F43A3E30";"";"";"";"";"2025-12-27 07:47:58.354"
91;117;"525955";"E2806995200040028408D17F";"603A1630";"";"";"";"";"2025-12-27 07:47:58.354"
91;117;"525956";"E2806995200050028409557F";"933A4530";"";"";"";"";"2025-12-27 07:47:58.354"
91;117;"525957";"E2806995200050028408B17E";"F03A5D30";"";"";"";"";"2025-12-27 07:47:58.354"
91;117;"525958";"E2806995200050028409B57E";"AD3A5430";"";"";"";"";"2025-12-27 07:47:58.354"
91;117;"525960";"E2806995200050028405AD7E";"1E3A4130";"";"";"";"";"2025-12-27 07:47:58.355"
91;117;"525961";"E2806995200040028407357F";"813A6930";"";"";"";"";"2025-12-27 07:47:58.355"
91;117;"525962";"E2806995200050028405197E";"973A3230";"";"";"";"";"2025-12-27 07:47:58.355"
91;117;"525963";"E2806995200050028409317E";"5D3A1730";"";"";"";"";"2025-12-27 07:47:58.355"
91;117;"525964";"E2806995200040028408557F";"923A4930";"";"";"";"";"2025-12-27 07:47:58.355"
91;117;"525965";"E2806995200050028404997E";"663A3330";"";"";"";"";"2025-12-27 07:47:58.356"
91;117;"525966";"E2806995200040028402AD7E";"2E3A6A30";"";"";"";"";"2025-12-27 07:47:58.356"
91;117;"525967";"E2806995200040028408BD7F";"273A6630";"";"";"";"";"2025-12-27 07:47:58.356"
91;117;"525968";"E2806995200050028403AD7E";"DF3A6330";"";"";"";"";"2025-12-27 07:47:58.356"
91;117;"525969";"E2806995200040028404197E";"0A3A7130";"";"";"";"";"2025-12-27 07:47:58.356"
91;117;"525970";"E2806995200040028404AD7E";"2B3A7430";"";"";"";"";"2025-12-27 07:47:58.356"
91;117;"525971";"E2806995200040028409D57F";"FA3A3130";"";"";"";"";"2025-12-27 07:47:58.357"
91;117;"525972";"E2806995200040028409B17E";"573A7330";"";"";"";"";"2025-12-27 07:47:58.357"
91;117;"525973";"E2806995200040028409517F";"363A3B30";"";"";"";"";"2025-12-27 07:47:58.357"
91;117;"525974";"E2806995200050028402B17E";"003A2030";"";"";"";"";"2025-12-27 07:47:58.357"
91;117;"525975";"E2806995200040028405B57F";"2D3A3930";"";"";"";"";"2025-12-27 07:47:58.357"
91;170;"525976";"E2806995200040028405957E";"583A4B30";"";"";"";"";"2025-12-27 07:47:58.581"
91;170;"525977";"E2806995200060039D9884DE";"2844B230";"";"";"";"";"2025-12-27 07:47:58.581"
91;170;"525978";"E2806995200040028405B17E";"0B3A6830";"";"";"";"";"2025-12-27 07:47:58.581"
91;170;"525979";"E2806995200040028407397F";"1F3A1530";"";"";"";"";"2025-12-27 07:47:58.582"
91;170;"525980";"E2806995200040028402197E";"373A1E30";"";"";"";"";"2025-12-27 07:47:58.582"
91;170;"525981";"E28069952000400284093D7F";"1E3A1330";"";"";"";"";"2025-12-27 07:47:58.582"
91;170;"525982";"E2806995200040028409357E";"573A3530";"";"";"";"";"2025-12-27 07:47:58.582"
91;170;"525983";"E2806995200040028407B57E";"513A5F30";"";"";"";"";"2025-12-27 07:47:58.582"
91;170;"525984";"E2806995200050028409197E";"A93A3730";"";"";"";"";"2025-12-27 07:47:58.582"
91;170;"525985";"E2806995200050028407B57F";"4C3A2330";"";"";"";"";"2025-12-27 07:47:58.583"
91;170;"525986";"E2806995200040028406517F";"F13A5130";"";"";"";"";"2025-12-27 07:47:58.583"
91;170;"525987";"E2806995200050028406397F";"8A3A2630";"";"";"";"";"2025-12-27 07:47:58.583"
91;170;"525988";"E2806995200050028407997E";"0D3A4730";"";"";"";"";"2025-12-27 07:47:58.583"
91;170;"525989";"E2806995200040028407317E";"AC3A5A30";"";"";"";"";"2025-12-27 07:47:58.583"
91;170;"525990";"E2806995200040028405997E";"373A3C30";"";"";"";"";"2025-12-27 07:47:58.583"
91;170;"525991";"E2806995200040028406997E";"973A2E30";"";"";"";"";"2025-12-27 07:47:58.584"
91;170;"525992";"E28069952000400284089D7E";"AE3A5930";"";"";"";"";"2025-12-27 07:47:58.584"
91;170;"525993";"E2806995200040028408C17D";"323A5E30";"";"";"";"";"2025-12-27 07:47:58.584"
91;170;"525994";"E2806995200040028403A97D";"E03A2B30";"";"";"";"";"2025-12-27 07:47:58.584"
91;170;"525995";"E28069952000500284042D7E";"8E3A4C30";"";"";"";"";"2025-12-27 07:47:58.584"
91;170;"525996";"E2806995200040028402157E";"F83A6F30";"";"";"";"";"2025-12-27 07:47:58.585"
91;170;"525997";"E2806995200040028406B97F";"E13A4E30";"";"";"";"";"2025-12-27 07:47:58.585"
91;170;"525998";"E2806995200050028405D17F";"C03A4230";"";"";"";"";"2025-12-27 07:47:58.585"
91;170;"525999";"E2806995200050028408D57F";"583A2930";"";"";"";"";"2025-12-27 07:47:58.585"
91;170;"526000";"E2806995200050028402A57D";"BB3A6730";"";"";"";"";"2025-12-27 07:47:58.581"
91;92;"526001";"E2806995200050028408997E";"090E3630";"";"";"";"";"2025-12-27 07:47:58.201"
91;92;"526002";"E2806995200040028400BD7D";"F20E5030";"";"";"";"";"2025-12-27 07:47:58.201"
91;92;"526003";"E2806995200050028409BD7F";"430E5330";"";"";"";"";"2025-12-27 07:47:58.202"
91;92;"526008";"E2806995200040028403997E";"F60E1330";"";"";"";"";"2025-12-27 07:47:58.202"
91;92;"526009";"E2806995200040028408397F";"8D0E4730";"";"";"";"";"2025-12-27 07:47:58.202"
91;92;"526010";"E2806995200040028403BD7D";"590E2030";"";"";"";"";"2025-12-27 07:47:58.202"
91;92;"526011";"E2806995200050028403317E";"3B0E4430";"";"";"";"";"2025-12-27 07:47:58.202"
91;92;"526013";"E2806995200040028403A57D";"E10E0730";"";"";"";"";"2025-12-27 07:47:58.202"
91;92;"526014";"E2806995200040028409C981";"000E6930";"";"";"";"";"2025-12-27 07:47:58.202"
91;92;"526015";"E2806995200050028407CD7F";"2B0E2130";"";"";"";"";"2025-12-27 07:47:58.203"
91;92;"526016";"E28069952000400284079D7E";"690E3E30";"";"";"";"";"2025-12-27 07:47:58.203"
91;92;"526017";"E2806995200040028408197E";"C10E4A30";"";"";"";"";"2025-12-27 07:47:58.203"
91;92;"526018";"E28069952000500284071D7E";"A70E6630";"";"";"";"";"2025-12-27 07:47:58.203"
91;92;"526019";"E2806995200040028404317E";"5E0E5A30";"";"";"";"";"2025-12-27 07:47:58.203"
91;92;"526020";"E2806995200040028401AD7E";"150E1030";"";"";"";"";"2025-12-27 07:47:58.203"
91;92;"526021";"E2806995200040028406B57F";"ED0E2430";"";"";"";"";"2025-12-27 07:47:58.203"
91;92;"526022";"E2806995200040028408B57E";"CD0E5930";"";"";"";"";"2025-12-27 07:47:58.204"
91;92;"526023";"E2806995200050028406197E";"630E1630";"";"";"";"";"2025-12-27 07:47:58.206"
91;92;"526024";"E2806995200040028400B17E";"500E3830";"";"";"";"";"2025-12-27 07:47:58.206"
91;92;"526025";"E28069952000400284074D7F";"470E6330";"";"";"";"";"2025-12-27 07:47:58.206"
91;92;"526026";"E2806995200050028408357E";"CC0E5F30";"";"";"";"";"2025-12-27 07:47:58.206"
91;92;"526028";"E2806995200050028406D17F";"600E5D30";"";"";"";"";"2025-12-27 07:47:58.206"
91;92;"526029";"E2806995200050028402997E";"610E3C30";"";"";"";"";"2025-12-27 07:47:58.206"
91;92;"526030";"E28069952000500284022D7E";"1F0E6030";"";"";"";"";"2025-12-27 07:47:58.207"
91;92;"526032";"E28069952000500284099D7E";"910E0D30";"";"";"";"";"2025-12-27 07:47:58.207"
91;92;"526033";"E2806995200040028403B17E";"C90E5530";"";"";"";"";"2025-12-27 07:47:58.207"
91;192;"526035";"E2806995200050028403197E";"F60E1B30";"";"";"";"";"2025-12-27 07:47:58.682"
91;192;"526036";"E28069952000400284032D7E";"210E3730";"";"";"";"";"2025-12-27 07:47:58.682"
91;192;"526037";"E28069952000500284051180";"8C0E1F30";"";"";"";"";"2025-12-27 07:47:58.683"
91;192;"526038";"E2806995200040028406CD7F";"2B0E2330";"";"";"";"";"2025-12-27 07:47:58.683"
91;192;"526039";"E28069952000500284094179";"4D0E3330";"";"";"";"";"2025-12-27 07:47:58.683"
91;92;"526048";"E28069952000400284099578";"580E4330";"";"";"";"";"2025-12-27 07:47:58.207"
91;92;"526049";"E28069952000400284013177";"430E6230";"";"";"";"";"2025-12-27 07:47:58.207"
91;92;"526051";"E2806995200050028409D97B";"400E4B30";"";"";"";"";"2025-12-27 07:47:58.208"
91;92;"526052";"E2806995200050028402B979";"780E5130";"";"";"";"";"2025-12-27 07:47:58.208"
91;92;"526053";"E28069952000400284042978";"2F0E5230";"";"";"";"";"2025-12-27 07:47:58.208"
91;92;"526065";"E2806995200040028402AD78";"E80E1230";"";"";"";"";"2025-12-27 07:47:58.209"
91;92;"526067";"E2806995200050028407A978";"E40E2830";"";"";"";"";"2025-12-27 07:47:58.209"
91;92;"526068";"E2806995200050028403057A";"CF0E4930";"";"";"";"";"2025-12-27 07:47:58.209"
91;92;"526070";"E28069952000500284035579";"FC0E3D30";"";"";"";"";"2025-12-27 07:47:58.209"
91;92;"526071";"E2806995200040028405397B";"5A0E0930";"";"";"";"";"2025-12-27 07:47:58.209"
91;92;"526072";"E2806995200040028407BD79";"E90E2A30";"";"";"";"";"2025-12-27 07:47:58.209"
91;92;"526073";"E28069952000500284049578";"C10E6830";"";"";"";"";"2025-12-27 07:47:58.209"
91;92;"526074";"E28069952000500284081178";"AA0E1E30";"";"";"";"";"2025-12-27 07:47:58.210"
91;92;"526076";"E2806995200040028402097A";"C20E2230";"";"";"";"";"2025-12-27 07:47:58.210"
91;92;"526078";"E28069952000500284002179";"070E4630";"";"";"";"";"2025-12-27 07:47:58.210"
91;92;"526079";"E28069952000500284019578";"3D0E1930";"";"";"";"";"2025-12-27 07:47:58.210"
91;92;"526080";"E28069952000400284022978";"410E2C30";"";"";"";"";"2025-12-27 07:47:58.210"
91;92;"526081";"E2806995200040028402D179";"CA0E5C30";"";"";"";"";"2025-12-27 07:47:58.210"
91;92;"526082";"E28069952000400284019178";"0C0E5830";"";"";"";"";"2025-12-27 07:47:58.210"
91;92;"526084";"E2806995200040028409DD7B";"E50E3530";"";"";"";"";"2025-12-27 07:47:58.211"
91;92;"526085";"E2806995200040028408C17B";"A30E0F30";"";"";"";"";"2025-12-27 07:47:58.211"
91;92;"526086";"E28069952000400284052D78";"160E6130";"";"";"";"";"2025-12-27 07:47:58.211"
91;92;"526088";"E28069952000500284054179";"EB0E4130";"";"";"";"";"2025-12-27 07:47:58.211"
91;92;"526089";"E2806995200040028401D179";"CA0E4830";"";"";"";"";"2025-12-27 07:47:58.211"
91;92;"526090";"E2806995200050028405A57A";"6E0E1D30";"";"";"";"";"2025-12-27 07:47:58.211"
91;92;"526091";"E2806995200050028406517B";"470E4C30";"";"";"";"";"2025-12-27 07:47:58.211"
91;92;"526092";"E2806995200040028409557B";"7C0E2530";"";"";"";"";"2025-12-27 07:47:58.212"
91;92;"526093";"E28069952000400284071578";"070E5430";"";"";"";"";"2025-12-27 07:47:58.212"
91;92;"526095";"E2806995200040028408A57A";"570E3030";"";"";"";"";"2025-12-27 07:47:58.212"
91;92;"526097";"E28069952000400284051178";"A40E1830";"";"";"";"";"2025-12-27 07:47:58.212"
91;92;"526098";"E2806995200050028408597B";"7C0E0830";"";"";"";"";"2025-12-27 07:47:58.212"
91;92;"526099";"E2806995200050028406CD7B";"350E4530";"";"";"";"";"2025-12-27 07:47:58.212"
91;92;"526100";"E2806995200040028407517B";"2C0E2E30";"";"";"";"";"2025-12-27 07:47:58.201"
91;133;"526101";"E2806995200040028404817C";"980CA830";"";"";"";"";"2025-12-27 07:47:58.423"
91;133;"526102";"E2806995200040028407217C";"600CBD30";"";"";"";"";"2025-12-27 07:47:58.423"
91;133;"526103";"E2806995200050028409BD7C";"E90C7A30";"";"";"";"";"2025-12-27 07:47:58.424"
91;133;"526104";"E2806995200050028402157C";"210C8E30";"";"";"";"";"2025-12-27 07:47:58.424"
91;133;"526105";"E28069952000500284007D7C";"540CBB30";"";"";"";"";"2025-12-27 07:47:58.424"
91;133;"526106";"E2806995200040028407397C";"D90C9430";"";"";"";"";"2025-12-27 07:47:58.424"
91;133;"526107";"E2806995200050028404197C";"B40CB830";"";"";"";"";"2025-12-27 07:47:58.424"
91;133;"526108";"E2806995200050028406C17D";"CE0CA930";"";"";"";"";"2025-12-27 07:47:58.424"
91;164;"526109";"E2806995200040028402957C";"420C9630";"";"";"";"";"2025-12-27 07:47:58.558"
91;164;"526110";"E2806995200050028405297D";"BA0C7730";"";"";"";"";"2025-12-27 07:47:58.558"
91;133;"526111";"E2806995200050028407B97C";"D70CC830";"";"";"";"";"2025-12-27 07:47:58.425"
91;133;"526112";"E2806995200040028407457D";"F30CAA30";"";"";"";"";"2025-12-27 07:47:58.425"
91;133;"526113";"E2806995200040028409297C";"C10C7D30";"";"";"";"";"2025-12-27 07:47:58.425"
91;133;"526114";"E2806995200040028404997C";"830C9B30";"";"";"";"";"2025-12-27 07:47:58.425"
91;133;"526115";"E2806995200040028406417D";"AD0CB130";"";"";"";"";"2025-12-27 07:47:58.425"
91;133;"526116";"E28069952000500284079D7C";"D90CAE30";"";"";"";"";"2025-12-27 07:47:58.425"
91;192;"526117";"E2806995200040028401817C";"C80C9730";"";"";"";"";"2025-12-27 07:47:58.682"
91;192;"526118";"E2806995200050028409417C";"DD0CCD30";"";"";"";"";"2025-12-27 07:47:58.682"
91;192;"526120";"E2806995200040028407297D";"8F0CB930";"";"";"";"";"2025-12-27 07:47:58.682"
91;133;"526121";"E2806995200050028403957C";"240CB230";"";"";"";"";"2025-12-27 07:47:58.426"
91;133;"526122";"E2806995200050028409A97C";"010C9E30";"";"";"";"";"2025-12-27 07:47:58.426"
91;133;"526124";"E2806995200040028405417D";"A50CD530";"";"";"";"";"2025-12-27 07:47:58.426"
91;133;"526125";"E28069952000500284049D7C";"BE0C9230";"";"";"";"";"2025-12-27 07:47:58.426"
91;168;"526126";"E2806995200040028408217C";"6A0C9530";"";"";"";"";"2025-12-27 07:47:58.577"
91;168;"526127";"E2806995200050028403257D";"B60CD730";"";"";"";"";"2025-12-27 07:47:58.577"
91;168;"526128";"E2806995200040028401317B";"A20CD230";"";"";"";"";"2025-12-27 07:47:58.577"
91;168;"526129";"E2806995200040028401317E";"6C0C8A30";"";"";"";"";"2025-12-27 07:47:58.578"
91;168;"526130";"E2806995200050028408A17C";"A60CD130";"";"";"";"";"2025-12-27 07:47:58.578"
91;133;"526131";"E2806995200050028402FD7C";"310C7E30";"";"";"";"";"2025-12-27 07:47:58.426"
91;133;"526132";"E2806995200040028400957E";"5B0C9930";"";"";"";"";"2025-12-27 07:47:58.426"
91;133;"526133";"E2806995200050028409297D";"EB0CC530";"";"";"";"";"2025-12-27 07:47:58.427"
91;133;"526134";"E2806995200040028408297D";"140C9830";"";"";"";"";"2025-12-27 07:47:58.427"
91;133;"526135";"E2806995200040028408457D";"3F0CA230";"";"";"";"";"2025-12-27 07:47:58.427"
91;133;"526137";"E2806995200040028401157E";"060CD630";"";"";"";"";"2025-12-27 07:47:58.427"
91;133;"526138";"E2806995200050028408257C";"360C7F30";"";"";"";"";"2025-12-27 07:47:58.427"
91;133;"526151";"E2806995200050028400297E";"160CB730";"";"";"";"";"2025-12-27 07:47:58.427"
91;133;"526152";"E2806995200040028406B97C";"1E0CB030";"";"";"";"";"2025-12-27 07:47:58.428"
91;133;"526153";"E2806995200050028405C17D";"080C9D30";"";"";"";"";"2025-12-27 07:47:58.428"
91;133;"526154";"E28069952000500284061D7C";"8E0C8D30";"";"";"";"";"2025-12-27 07:47:58.428"
91;192;"526155";"E2806995200050028401217D";"E10CA630";"";"";"";"";"2025-12-27 07:47:58.683"
91;192;"526156";"E2806995200050028404157C";"7B0CC930";"";"";"";"";"2025-12-27 07:47:58.683"
91;133;"526161";"E2806995200040028409A97D";"E40C7830";"";"";"";"";"2025-12-27 07:47:58.428"
91;133;"526162";"E2806995200050028401C97B";"5C0CAC30";"";"";"";"";"2025-12-27 07:47:58.428"
91;133;"526163";"E2806995200050028409457D";"AB0C9F30";"";"";"";"";"2025-12-27 07:47:58.428"
91;133;"526164";"E28069952000400284043D7D";"510C8330";"";"";"";"";"2025-12-27 07:47:58.429"
91;133;"526165";"E2806995200050028403297D";"7F0C8230";"";"";"";"";"2025-12-27 07:47:58.429"
91;133;"526166";"E2806995200040028402317B";"C20CC430";"";"";"";"";"2025-12-27 07:47:58.429"
91;133;"526167";"E2806995200050028405457D";"6B0CCB30";"";"";"";"";"2025-12-27 07:47:58.429"
91;133;"526168";"E2806995200050028400457B";"3C0C8B30";"";"";"";"";"2025-12-27 07:47:58.429"
91;133;"526169";"E28069952000400284062D7D";"4A0CC730";"";"";"";"";"2025-12-27 07:47:58.429"
91;133;"526170";"E2806995200040028401957C";"200C9C30";"";"";"";"";"2025-12-27 07:47:58.430"
91;192;"526171";"E2806995200050028400297B";"230C8830";"";"";"";"";"2025-12-27 07:47:58.684"
91;192;"526172";"E2806995200040028408397C";"E70C8530";"";"";"";"";"2025-12-27 07:47:58.684"
91;192;"526174";"E2806995200040028400997E";"010CD930";"";"";"";"";"2025-12-27 07:47:58.684"
91;192;"526175";"E28069952000400284069D7C";"EA0CBF30";"";"";"";"";"2025-12-27 07:47:58.684"
91;192;"526176";"E2806995200050028401BD7D";"990CC330";"";"";"";"";"2025-12-27 07:47:58.684"
91;192;"526177";"E2806995200040028408A57C";"F10CB630";"";"";"";"";"2025-12-27 07:47:58.684"
91;133;"526181";"E28069952000500284052D7C";"570CAF30";"";"";"";"";"2025-12-27 07:47:58.430"
91;133;"526182";"E2806995200050028405AD7D";"430CA530";"";"";"";"";"2025-12-27 07:47:58.430"
91;133;"526183";"E2806995200050028402A97D";"BB0CB430";"";"";"";"";"2025-12-27 07:47:58.430"
91;133;"526184";"E28069952000400284059D7C";"EE0C7C30";"";"";"";"";"2025-12-27 07:47:58.430"
91;133;"526186";"E28069952000400284071D7C";"4D0C7630";"";"";"";"";"2025-12-27 07:47:58.430"
91;133;"526187";"E2806995200040028404C17D";"090C9130";"";"";"";"";"2025-12-27 07:47:58.431"
91;192;"526191";"E2806995200050028401C57B";"A00CCE30";"";"";"";"";"2025-12-27 07:47:58.685"
91;192;"526192";"E2806995200040028401197E";"6A0CB330";"";"";"";"";"2025-12-27 07:47:58.685"
91;192;"526193";"E28069952000400284052D7D";"770C7B30";"";"";"";"";"2025-12-27 07:47:58.685"
91;192;"526194";"E2806995200040028403157C";"ED0CC030";"";"";"";"";"2025-12-27 07:47:58.685"
91;192;"526195";"E2806995200040028406A17C";"990CCC30";"";"";"";"";"2025-12-27 07:47:58.685"
91;192;"526196";"E2806995200050028402197C";"130CBC30";"";"";"";"";"2025-12-27 07:47:58.685"
91;192;"526197";"E2806995200050028408417D";"020CAB30";"";"";"";"";"2025-12-27 07:47:58.686"
91;192;"526198";"E2806995200040028401A17D";"D00CA130";"";"";"";"";"2025-12-27 07:47:58.686"
91;158;"526201";"E2806995200040028401AD7B";"3411BD30";"";"";"";"";"2025-12-27 07:47:58.527"
91;158;"526203";"E28069952000400284017D7C";"7011DB30";"";"";"";"";"2025-12-27 07:47:58.527"
91;158;"526205";"E2806995200050028407A97D";"6211A930";"";"";"";"";"2025-12-27 07:47:58.527"
91;158;"526206";"E2806995200050028402017C";"B111AC30";"";"";"";"";"2025-12-27 07:47:58.528"
91;158;"526208";"E2806995200050028404A97D";"A5119330";"";"";"";"";"2025-12-27 07:47:58.528"
91;158;"526209";"E2806995200050028408A97D";"3E11A630";"";"";"";"";"2025-12-27 07:47:58.528"
91;158;"526210";"E2806995200040028403417D";"7D11D230";"";"";"";"";"2025-12-27 07:47:58.528"
91;158;"526213";"E2806995200040028408BD7C";"A811C130";"";"";"";"";"2025-12-27 07:47:58.528"
91;158;"526216";"E2806995200050028400817C";"B011BC30";"";"";"";"";"2025-12-27 07:47:58.528"
91;158;"526219";"E28069952000500284009178";"4811CB30";"";"";"";"";"2025-12-27 07:47:58.529"
91;158;"526220";"E28069952000400284085579";"2811D130";"";"";"";"";"2025-12-27 07:47:58.529"
91;158;"526222";"E2806995200040028405357B";"4711CA30";"";"";"";"";"2025-12-27 07:47:58.529"
91;158;"526223";"E28069952000400284009577";"F011E430";"";"";"";"";"2025-12-27 07:47:58.529"
91;158;"526224";"E28069952000500284019977";"A911B430";"";"";"";"";"2025-12-27 07:47:58.529"
91;158;"526226";"E28069952000500284055979";"1111D330";"";"";"";"";"2025-12-27 07:47:58.529"
91;158;"526230";"E28069952000500284033D7D";"D211E730";"";"";"";"";"2025-12-27 07:47:58.530"
91;158;"526231";"E28069952000400284021578";"2F11B330";"";"";"";"";"2025-12-27 07:47:58.530"
91;158;"526232";"E28069952000500284022D77";"B311C630";"";"";"";"";"2025-12-27 07:47:58.530"
91;158;"526233";"E28069952000500284042D78";"A111E530";"";"";"";"";"2025-12-27 07:47:58.530"
91;158;"526234";"E28069952000400284041D7A";"A911BE30";"";"";"";"";"2025-12-27 07:47:58.530"
91;13;"526236";"E2806995200050028409BD79";"06119930";"";"";"";"";"2025-12-27 07:47:57.781"
91;37;"526246";"E2806995200050028405117A";"5511DE30";"";"";"";"";"2025-12-27 07:47:57.917"
91;37;"526247";"E2806995200040028400A978";"A511A530";"";"";"";"";"2025-12-27 07:47:57.917"
91;37;"526249";"E2806995200040028400B979";"AF11C330";"";"";"";"";"2025-12-27 07:47:57.917"
91;37;"526250";"E28069952000500284095579";"74119830";"";"";"";"";"2025-12-27 07:47:57.917"
91;37;"526251";"E2806995200050028401A978";"9411A830";"";"";"";"";"2025-12-27 07:47:57.917"
91;37;"526252";"E28069952000500284064179";"C3118E30";"";"";"";"";"2025-12-27 07:47:57.917"
91;37;"526253";"E28069952000500284002578";"9A11D930";"";"";"";"";"2025-12-27 07:47:57.918"
91;37;"526254";"E2806995200050028403BD79";"3F119E30";"";"";"";"";"2025-12-27 07:47:57.918"
91;37;"526255";"E28069952000400284075579";"DF11BA30";"";"";"";"";"2025-12-27 07:47:57.918"
91;37;"526256";"E28069952000500284031577";"5A119230";"";"";"";"";"2025-12-27 07:47:57.918"
91;37;"526257";"E2806995200040028407A57A";"8411C830";"";"";"";"";"2025-12-27 07:47:57.918"
91;37;"526258";"E2806995200040028409917A";"FB11D430";"";"";"";"";"2025-12-27 07:47:57.918"
91;37;"526259";"E28069952000500284079578";"1511EA30";"";"";"";"";"2025-12-27 07:47:57.918"
91;37;"526260";"E28069952000400284093D79";"0F11EF30";"";"";"";"";"2025-12-27 07:47:57.918"
91;37;"526262";"E28069952000500284019D7A";"5211ED30";"";"";"";"";"2025-12-27 07:47:57.919"
91;37;"526263";"E28069952000500284080D7A";"2B11C530";"";"";"";"";"2025-12-27 07:47:57.921"
91;37;"526265";"E2806995200040028405C179";"0711AE30";"";"";"";"";"2025-12-27 07:47:57.921"
91;37;"526266";"E28069952000500284031977";"3D119530";"";"";"";"";"2025-12-27 07:47:57.921"
91;37;"526267";"E28069952000500284055579";"EF11AD30";"";"";"";"";"2025-12-27 07:47:57.921"
91;37;"526268";"E2806995200040028403C57B";"4F11DC30";"";"";"";"";"2025-12-27 07:47:57.921"
91;37;"526269";"E2806995200040028406917A";"3E11A230";"";"";"";"";"2025-12-27 07:47:57.922"
91;158;"526280";"E2806995200050028402897A";"E511AB30";"";"";"";"";"2025-12-27 07:47:58.531"
91;158;"526281";"E28069952000400284078D7A";"28119B30";"";"";"";"";"2025-12-27 07:47:58.532"
91;158;"526282";"E28069952000400284079178";"11119C30";"";"";"";"";"2025-12-27 07:47:58.532"
91;158;"526283";"E2806995200040028409D579";"B211B030";"";"";"";"";"2025-12-27 07:47:58.532"
91;158;"526288";"E2806995200040028400C57B";"2C11D830";"";"";"";"";"2025-12-27 07:47:58.532"
91;158;"526289";"E2806995200040028403A978";"6611A730";"";"";"";"";"2025-12-27 07:47:58.532"
91;158;"526290";"E2806995200050028400AD77";"8D118D30";"";"";"";"";"2025-12-27 07:47:58.532"
91;158;"526294";"E2806995200040028408B57B";"EF11E630";"";"";"";"";"2025-12-27 07:47:58.533"
91;158;"526297";"E2806995200040028409417D";"BC11A030";"";"";"";"";"2025-12-27 07:47:58.533"
91;158;"526299";"E28069952000400284013579";"FE11EB30";"";"";"";"";"2025-12-27 07:47:58.533"
91;158;"526300";"E2806995200050028400AD78";"CC119730";"";"";"";"";"2025-12-27 07:47:58.527"
91;192;"526301";"E2806995200050028400997C";"9F10B930";"";"";"";"";"2025-12-27 07:47:58.680"
91;192;"526302";"E28069952000400284075979";"BB10A030";"";"";"";"";"2025-12-27 07:47:58.680"
91;192;"526303";"E2806995200040028405D579";"8D10B430";"";"";"";"";"2025-12-27 07:47:58.680"
91;192;"526304";"E28069952000400284082978";"0B107130";"";"";"";"";"2025-12-27 07:47:58.681"
91;192;"526305";"E28069952000400284039578";"8F105F30";"";"";"";"";"2025-12-27 07:47:58.681"
91;192;"526306";"E28069952000500284073D79";"6C10B630";"";"";"";"";"2025-12-27 07:47:58.681"
91;192;"526307";"E28069952000500284091978";"47107430";"";"";"";"";"2025-12-27 07:47:58.681"
91;192;"526308";"E28069952000500284061578";"8E108A30";"";"";"";"";"2025-12-27 07:47:58.681"
91;192;"526309";"E2806995200050028408B178";"D5109730";"";"";"";"";"2025-12-27 07:47:58.681"
91;192;"526310";"E2806995200040028406D17B";"AF107B30";"";"";"";"";"2025-12-27 07:47:58.682"
91;125;"526311";"E28069952000400284011578";"EA107530";"";"";"";"";"2025-12-27 07:47:58.383"
91;125;"526312";"E2806995200050028404A978";"F010A130";"";"";"";"";"2025-12-27 07:47:58.384"
91;125;"526313";"E28069952000400284085979";"11108E30";"";"";"";"";"2025-12-27 07:47:58.384"
91;125;"526314";"E2806995200040028409297A";"82106D30";"";"";"";"";"2025-12-27 07:47:58.384"
91;125;"526315";"E28069952000500284011178";"D5108F30";"";"";"";"";"2025-12-27 07:47:58.384"
91;125;"526316";"E2806995200050028406BD79";"9A107230";"";"";"";"";"2025-12-27 07:47:58.384"
91;125;"526317";"E2806995200040028407A97A";"4910AA30";"";"";"";"";"2025-12-27 07:47:58.385"
91;125;"526318";"E28069952000400284014D79";"F610B330";"";"";"";"";"2025-12-27 07:47:58.385"
91;125;"526319";"E28069952000400284045579";"4D10BA30";"";"";"";"";"2025-12-27 07:47:58.385"
91;125;"526320";"E2806995200040028404217A";"BA10C030";"";"";"";"";"2025-12-27 07:47:58.385"
91;80;"526321";"E2806995200040028400797A";"2A10A230";"";"";"";"";"2025-12-27 07:47:58.146"
91;80;"526322";"E28069952000500284029D7A";"FB106130";"";"";"";"";"2025-12-27 07:47:58.146"
91;80;"526323";"E2806995200050028403457B";"B2109830";"";"";"";"";"2025-12-27 07:47:58.146"
91;80;"526324";"E2806995200040028404AD78";"AC10A430";"";"";"";"";"2025-12-27 07:47:58.146"
91;80;"526325";"E2806995200050028406B57B";"DB107930";"";"";"";"";"2025-12-27 07:47:58.147"
91;80;"526326";"E2806995200050028409A57C";"BC10A530";"";"";"";"";"2025-12-27 07:47:58.147"
91;80;"526330";"E2806995200040028406D579";"BA106430";"";"";"";"";"2025-12-27 07:47:58.147"
91;80;"526332";"E2806995200040028408BD79";"3010B130";"";"";"";"";"2025-12-27 07:47:58.147"
91;80;"526333";"E2806995200040028408D97B";"CA108730";"";"";"";"";"2025-12-27 07:47:58.147"
91;80;"526334";"E28069952000500284012D7E";"61106830";"";"";"";"";"2025-12-27 07:47:58.147"
91;80;"526335";"E2806995200050028402B17B";"2510B730";"";"";"";"";"2025-12-27 07:47:58.148"
91;80;"526336";"E2806995200050028403097A";"72106C30";"";"";"";"";"2025-12-27 07:47:58.148"
91;80;"526337";"E28069952000500284012D78";"0A10B230";"";"";"";"";"2025-12-27 07:47:58.148"
91;80;"526340";"E28069952000500284029977";"0810A730";"";"";"";"";"2025-12-27 07:47:58.148"
91;80;"526341";"E2806995200040028400B579";"07107A30";"";"";"";"";"2025-12-27 07:47:58.148"
91;80;"526342";"E2806995200050028408297A";"B0109D30";"";"";"";"";"2025-12-27 07:47:58.149"
91;80;"526343";"E2806995200040028409257C";"B8109530";"";"";"";"";"2025-12-27 07:47:58.149"
91;80;"526344";"E28069952000500284083D79";"57107E30";"";"";"";"";"2025-12-27 07:47:58.149"
91;80;"526345";"E2806995200050028403AD77";"8E106B30";"";"";"";"";"2025-12-27 07:47:58.149"
91;125;"526350";"E28069952000400284031178";"4110A630";"";"";"";"";"2025-12-27 07:47:58.385"
91;125;"526351";"E28069952000400284023177";"6C108830";"";"";"";"";"2025-12-27 07:47:58.385"
91;125;"526352";"E2806995200050028401197C";"CE10BE30";"";"";"";"";"2025-12-27 07:47:58.386"
91;125;"526353";"E28069952000400284009977";"6910BD30";"";"";"";"";"2025-12-27 07:47:58.386"
91;125;"526356";"E2806995200040028405A17C";"28108430";"";"";"";"";"2025-12-27 07:47:58.386"
91;125;"526357";"E28069952000400284090D7A";"27106F30";"";"";"";"";"2025-12-27 07:47:58.386"
91;125;"526359";"E28069952000400284023579";"37106530";"";"";"";"";"2025-12-27 07:47:58.386"
91;125;"526360";"E2806995200050028401B579";"0310AF30";"";"";"";"";"2025-12-27 07:47:58.386"
91;125;"526361";"E28069952000500284082D78";"A6107F30";"";"";"";"";"2025-12-27 07:47:58.387"
91;125;"526362";"E28069952000500284015179";"B1106A30";"";"";"";"";"2025-12-27 07:47:58.387"
91;125;"526363";"E28069952000400284039D7A";"5D10AE30";"";"";"";"";"2025-12-27 07:47:58.387"
91;125;"526366";"E2806995200050028402B177";"C910B030";"";"";"";"";"2025-12-27 07:47:58.387"
91;125;"526367";"E2806995200040028406357B";"19108630";"";"";"";"";"2025-12-27 07:47:58.387"
91;125;"526368";"E2806995200050028402A17A";"83109F30";"";"";"";"";"2025-12-27 07:47:58.387"
91;125;"526369";"E2806995200040028401057A";"1210B830";"";"";"";"";"2025-12-27 07:47:58.388"
91;125;"526370";"E28069952000400284064D7B";"7D109B30";"";"";"";"";"2025-12-27 07:47:58.388"
91;125;"526371";"E28069952000400284069578";"2C107730";"";"";"";"";"2025-12-27 07:47:58.388"
91;125;"526372";"E2806995200050028408257A";"77107330";"";"";"";"";"2025-12-27 07:47:58.388"
91;125;"526373";"E28069952000400284063D79";"0B109C30";"";"";"";"";"2025-12-27 07:47:58.388"
91;125;"526374";"E28069952000500284022D78";"0E109E30";"";"";"";"";"2025-12-27 07:47:58.388"
91;125;"526377";"E2806995200050028407D979";"8C108330";"";"";"";"";"2025-12-27 07:47:58.389"
91;125;"526378";"E2806995200050028407357B";"88106230";"";"";"";"";"2025-12-27 07:47:58.389"
91;125;"526380";"E28069952000500284068D7A";"8A108C30";"";"";"";"";"2025-12-27 07:47:58.389"
91;125;"526383";"E28069952000400284002579";"83109230";"";"";"";"";"2025-12-27 07:47:58.389"
91;125;"526384";"E2806995200040028401217A";"21109930";"";"";"";"";"2025-12-27 07:47:58.389"
91;125;"526385";"E2806995200050028401A17A";"E3108930";"";"";"";"";"2025-12-27 07:47:58.389"
91;125;"526386";"E2806995200040028403A17A";"D1108230";"";"";"";"";"2025-12-27 07:47:58.390"
91;125;"526387";"E28069952000400284081578";"13108D30";"";"";"";"";"2025-12-27 07:47:58.390"
91;125;"526388";"E28069952000500284093D7B";"2810AC30";"";"";"";"";"2025-12-27 07:47:58.390"
91;125;"526389";"E2806995200050028401897A";"E1106730";"";"";"";"";"2025-12-27 07:47:58.390"
91;133;"526391";"E28069952000500284012D77";"1C108130";"";"";"";"";"2025-12-27 07:47:58.431"
91;133;"526392";"E2806995200050028405A97A";"1010C130";"";"";"";"";"2025-12-27 07:47:58.431"
91;133;"526394";"E2806995200040028402AD7B";"0610BB30";"";"";"";"";"2025-12-27 07:47:58.431"
91;133;"526395";"E2806995200040028408CD7B";"B2108B30";"";"";"";"";"2025-12-27 07:47:58.431"
91;133;"526396";"E2806995200050028402857A";"B7109430";"";"";"";"";"2025-12-27 07:47:58.431"
91;133;"526398";"E28069952000400284035179";"41109630";"";"";"";"";"2025-12-27 07:47:58.432"
91;133;"526399";"E2806995200050028403497B";"84107D30";"";"";"";"";"2025-12-27 07:47:58.432"
91;66;"526401";"E2806995200040028406B177";"1F0EE430";"";"";"";"";"2025-12-27 07:47:58.064"
91;66;"526402";"E2806995200050028409256F";"360EDC30";"";"";"";"";"2025-12-27 07:47:58.064"
91;66;"526403";"E28069952000500284027D74";"F60ED130";"";"";"";"";"2025-12-27 07:47:58.064"
91;66;"526404";"E2806995200040028400F972";"F30EE230";"";"";"";"";"2025-12-27 07:47:58.064"
91;66;"526405";"E28069952000500284087D74";"580F1B30";"";"";"";"";"2025-12-27 07:47:58.065"
91;66;"526406";"E2806995200040028406F175";"D60EF330";"";"";"";"";"2025-12-27 07:47:58.065"
91;66;"526407";"E28069952000400284010570";"400F1230";"";"";"";"";"2025-12-27 07:47:58.065"
91;66;"526408";"E28069952000400284028D70";"EE0EDD30";"";"";"";"";"2025-12-27 07:47:58.065"
91;66;"526409";"E28069952000400284084D70";"350F2130";"";"";"";"";"2025-12-27 07:47:58.065"
91;66;"526410";"E28069952000400284048170";"1E0EDF30";"";"";"";"";"2025-12-27 07:47:58.065"
91;66;"526411";"E28069952000400284067D72";"9E0F2830";"";"";"";"";"2025-12-27 07:47:58.066"
91;66;"526412";"E28069952000500284072570";"BD0EE530";"";"";"";"";"2025-12-27 07:47:58.066"
91;66;"526413";"E2806995200050028400C171";"4A0F0A30";"";"";"";"";"2025-12-27 07:47:58.066"
91;66;"526414";"E2806995200050028403D571";"350ED830";"";"";"";"";"2025-12-27 07:47:58.066"
91;66;"526415";"E2806995200040028409D570";"190ED330";"";"";"";"";"2025-12-27 07:47:58.066"
91;66;"526416";"E28069952000400284084179";"EF0F2430";"";"";"";"";"2025-12-27 07:47:58.066"
91;66;"526417";"E2806995200050028408D979";"920ED930";"";"";"";"";"2025-12-27 07:47:58.067"
91;66;"526420";"E2806995200040028407896F";"530EF530";"";"";"";"";"2025-12-27 07:47:58.067"
91;66;"526421";"E28069952000500284008170";"4D0EF030";"";"";"";"";"2025-12-27 07:47:58.067"
91;66;"526422";"E28069952000500284094D70";"920F0F30";"";"";"";"";"2025-12-27 07:47:58.067"
91;66;"526423";"E28069952000500284028174";"680EE330";"";"";"";"";"2025-12-27 07:47:58.067"
91;66;"526424";"E28069952000400284034D71";"DB0ED030";"";"";"";"";"2025-12-27 07:47:58.067"
91;66;"526425";"E2806995200050028401DD71";"FB0EFF30";"";"";"";"";"2025-12-27 07:47:58.068"
91;66;"526426";"E28069952000500284090172";"0F0F0C30";"";"";"";"";"2025-12-27 07:47:58.068"
91;66;"526427";"E28069952000500284089572";"D60F0230";"";"";"";"";"2025-12-27 07:47:58.068"
91;66;"526428";"E28069952000500284079572";"790EFA30";"";"";"";"";"2025-12-27 07:47:58.068"
91;66;"526429";"E2806995200050028403E572";"E10F1530";"";"";"";"";"2025-12-27 07:47:58.068"
91;66;"526430";"E2806995200050028409E574";"E40EEE30";"";"";"";"";"2025-12-27 07:47:58.068"
91;174;"526431";"E28069952000500284052978";"400F0730";"";"";"";"";"2025-12-27 07:47:58.598"
91;174;"526432";"E28069952000500284018975";"E30F2930";"";"";"";"";"2025-12-27 07:47:58.598"
91;174;"526433";"E28069952000500284016D73";"F90F2030";"";"";"";"";"2025-12-27 07:47:58.599"
91;174;"526434";"E2806995200040028408117A";"D20F0430";"";"";"";"";"2025-12-27 07:47:58.599"
91;174;"526435";"E28069952000500284037972";"530F1830";"";"";"";"";"2025-12-27 07:47:58.599"
91;174;"526436";"E28069952000500284077D72";"C80F0D30";"";"";"";"";"2025-12-27 07:47:58.599"
91;193;"526451";"E28069952000500284035171";"CB0F2F30";"";"";"";"";"2025-12-27 07:47:58.686"
91;193;"526456";"E28069952000400284092D77";"C00F0930";"";"";"";"";"2025-12-27 07:47:58.686"
91;193;"526463";"E28069952000500284093970";"320F0130";"";"";"";"";"2025-12-27 07:47:58.686"
91;193;"526468";"E28069952000400284051970";"A00ED630";"";"";"";"";"2025-12-27 07:47:58.687"
91;193;"526469";"E28069952000500284047D72";"380EFC30";"";"";"";"";"2025-12-27 07:47:58.687"
91;193;"526472";"E28069952000400284020575";"E70F2230";"";"";"";"";"2025-12-27 07:47:58.687"
91;193;"526474";"E2806995200040028409956F";"2F0EE630";"";"";"";"";"2025-12-27 07:47:58.687"
91;38;"526477";"E2806995200050028405ED75";"620F2630";"";"";"";"";"2025-12-27 07:47:57.924"
91;38;"526478";"E2806995200050028404F572";"A40EDA30";"";"";"";"";"2025-12-27 07:47:57.924"
91;38;"526479";"E28069952000400284068975";"400EF730";"";"";"";"";"2025-12-27 07:47:57.924"
91;121;"526480";"E28069952000400284096574";"740EE130";"";"";"";"";"2025-12-27 07:47:58.372"
91;12;"526481";"E28069952000400284027972";"A50EDB30";"";"";"";"";"2025-12-27 07:47:57.779"
91;12;"526482";"E2806995200040028403F972";"070F2B30";"";"";"";"";"2025-12-27 07:47:57.779"
91;12;"526483";"E28069952000400284046172";"EE0F2330";"";"";"";"";"2025-12-27 07:47:57.779"
91;12;"526484";"E2806995200050028400FD74";"330EFD30";"";"";"";"";"2025-12-27 07:47:57.779"
91;12;"526485";"E28069952000500284039178";"630EF930";"";"";"";"";"2025-12-27 07:47:57.779"
91;12;"526486";"E28069952000500284071172";"210ECF30";"";"";"";"";"2025-12-27 07:47:57.779"
91;12;"526488";"E2806995200050028402F972";"C00EE730";"";"";"";"";"2025-12-27 07:47:57.779"
91;12;"526489";"E2806995200050028400D971";"330F2730";"";"";"";"";"2025-12-27 07:47:57.779"
91;12;"526490";"E28069952000500284018575";"100F1130";"";"";"";"";"2025-12-27 07:47:57.780"
91;12;"526491";"E28069952000400284045979";"C90EE030";"";"";"";"";"2025-12-27 07:47:57.780"
91;12;"526492";"E2806995200040028404057A";"F70F1D30";"";"";"";"";"2025-12-27 07:47:57.780"
91;12;"526493";"E28069952000500284029578";"0F0F1F30";"";"";"";"";"2025-12-27 07:47:57.780"
91;12;"526494";"E2806995200050028404C179";"B30ED730";"";"";"";"";"2025-12-27 07:47:57.780"
91;12;"526495";"E2806995200050028409117A";"D70F3030";"";"";"";"";"2025-12-27 07:47:57.780"
91;12;"526496";"E28069952000500284069178";"940EEA30";"";"";"";"";"2025-12-27 07:47:57.780"
91;12;"526497";"E2806995200040028406D979";"FA0EED30";"";"";"";"";"2025-12-27 07:47:57.781"
91;12;"526498";"E28069952000500284059178";"930ED430";"";"";"";"";"2025-12-27 07:47:57.781"
91;12;"526499";"E28069952000500284041178";"930EDE30";"";"";"";"";"2025-12-27 07:47:57.781"
91;12;"526500";"E2806995200040028405A978";"E60F2D30";"";"";"";"";"2025-12-27 07:47:57.777"
91;18;"526501";"E2806995200040028405917A";"EF066E30";"";"";"";"";"2025-12-27 07:47:57.807"
91;18;"526502";"E2806995200050028407397B";"6C064230";"";"";"";"";"2025-12-27 07:47:57.807"
91;18;"526503";"E2806995200040028403C97B";"91067130";"";"";"";"";"2025-12-27 07:47:57.807"
91;18;"526504";"E2806995200050028405B57B";"58064A30";"";"";"";"";"2025-12-27 07:47:57.808"
91;18;"526507";"E28069952000400284088D7A";"55064930";"";"";"";"";"2025-12-27 07:47:57.808"
91;18;"526509";"E2806995200040028409B178";"00067A30";"";"";"";"";"2025-12-27 07:47:57.808"
91;18;"526510";"E2806995200050028405AD78";"8D067430";"";"";"";"";"2025-12-27 07:47:57.808"
91;18;"526511";"E28069952000400284049178";"A0065230";"";"";"";"";"2025-12-27 07:47:57.808"
91;18;"526512";"E2806995200050028407917A";"22063A30";"";"";"";"";"2025-12-27 07:47:57.808"
91;18;"526513";"E28069952000500284022D7B";"71064630";"";"";"";"";"2025-12-27 07:47:57.809"
91;18;"526514";"E2806995200050028402BD7D";"CB064130";"";"";"";"";"2025-12-27 07:47:57.809"
91;18;"526515";"E28069952000400284032D7B";"D7066630";"";"";"";"";"2025-12-27 07:47:57.809"
91;18;"526516";"E2806995200040028408AD7D";"24065630";"";"";"";"";"2025-12-27 07:47:57.809"
91;18;"526517";"E28069952000500284070D7A";"0E066430";"";"";"";"";"2025-12-27 07:47:57.809"
91;54;"526521";"E2806995200050028404D979";"CA066D30";"";"";"";"";"2025-12-27 07:47:57.996"
91;54;"526523";"E2806995200050028406A97A";"68069530";"";"";"";"";"2025-12-27 07:47:57.997"
91;54;"526524";"E28069952000400284083D7B";"A4063C30";"";"";"";"";"2025-12-27 07:47:57.997"
91;54;"526525";"E2806995200040028406397B";"9A068E30";"";"";"";"";"2025-12-27 07:47:57.997"
91;54;"526526";"E2806995200050028401857A";"53068F30";"";"";"";"";"2025-12-27 07:47:57.997"
91;54;"526527";"E2806995200040028406D973";"4A068C30";"";"";"";"";"2025-12-27 07:47:57.997"
91;54;"526528";"E28069952000500284055576";"DE066730";"";"";"";"";"2025-12-27 07:47:57.998"
91;54;"526530";"E28069952000500284049977";"BA064830";"";"";"";"";"2025-12-27 07:47:57.998"
91;21;"526531";"E28069952000400284099572";"B6067530";"";"";"";"";"2025-12-27 07:47:57.823"
91;21;"526532";"E2806995200040028401ED73";"C8065030";"";"";"";"";"2025-12-27 07:47:57.824"
91;21;"526533";"E2806995200040028404AD77";"FD066330";"";"";"";"";"2025-12-27 07:47:57.824"
91;21;"526534";"E2806995200040028403D576";"28068930";"";"";"";"";"2025-12-27 07:47:57.824"
91;21;"526535";"E28069952000500284094176";"AD065930";"";"";"";"";"2025-12-27 07:47:57.824"
91;21;"526537";"E28069952000500284006970";"6F068A30";"";"";"";"";"2025-12-27 07:47:57.824"
91;21;"526538";"E28069952000400284038575";"E5064330";"";"";"";"";"2025-12-27 07:47:57.824"
91;21;"526539";"E2806995200050028406E974";"DA064730";"";"";"";"";"2025-12-27 07:47:57.824"
91;21;"526540";"E28069952000500284065976";"45063930";"";"";"";"";"2025-12-27 07:47:57.824"
91;21;"526541";"E2806995200040028401E574";"BF067630";"";"";"";"";"2025-12-27 07:47:57.825"
91;21;"526543";"E28069952000400284026973";"F2066F30";"";"";"";"";"2025-12-27 07:47:57.825"
91;21;"526544";"E2806995200050028406FD72";"0A066830";"";"";"";"";"2025-12-27 07:47:57.825"
91;21;"526545";"E2806995200040028404BD76";"5E067D30";"";"";"";"";"2025-12-27 07:47:57.825"
91;21;"526546";"E2806995200050028406E574";"84063F30";"";"";"";"";"2025-12-27 07:47:57.827"
91;21;"526547";"E28069952000500284090975";"78065D30";"";"";"";"";"2025-12-27 07:47:57.828"
91;21;"526548";"E28069952000400284017170";"85065F30";"";"";"";"";"2025-12-27 07:47:57.828"
91;21;"526549";"E2806995200050028406FD74";"65066530";"";"";"";"";"2025-12-27 07:47:57.828"
91;21;"526550";"E28069952000400284099977";"80069830";"";"";"";"";"2025-12-27 07:47:57.828"
91;21;"526551";"E28069952000500284006570";"58066130";"";"";"";"";"2025-12-27 07:47:57.828"
91;21;"526552";"E2806995200040028406F972";"01064430";"";"";"";"";"2025-12-27 07:47:57.828"
91;21;"526553";"E28069952000400284077972";"A6066230";"";"";"";"";"2025-12-27 07:47:57.829"
91;21;"526554";"E28069952000500284064176";"06067930";"";"";"";"";"2025-12-27 07:47:57.829"
91;21;"526555";"E2806995200040028400C176";"0D063B30";"";"";"";"";"2025-12-27 07:47:57.829"
91;21;"526556";"E28069952000500284065573";"DD068630";"";"";"";"";"2025-12-27 07:47:57.829"
91;21;"526557";"E28069952000400284049570";"97064F30";"";"";"";"";"2025-12-27 07:47:57.829"
91;21;"526558";"E2806995200050028403D173";"D1065B30";"";"";"";"";"2025-12-27 07:47:57.829"
91;21;"526559";"E28069952000500284089577";"22064030";"";"";"";"";"2025-12-27 07:47:57.829"
91;21;"526560";"E28069952000500284076974";"DC066930";"";"";"";"";"2025-12-27 07:47:57.829"
91;107;"526562";"E2806995200040028400CD73";"C0065E30";"";"";"";"";"2025-12-27 07:47:58.278"
91;90;"526563";"E28069952000500284045571";"07067030";"";"";"";"";"2025-12-27 07:47:58.199"
91;115;"526565";"E28069952000400284066D73";"58069A30";"";"";"";"";"2025-12-27 07:47:58.344"
91;115;"526566";"E28069952000400284068174";"9E068430";"";"";"";"";"2025-12-27 07:47:58.344"
91;115;"526567";"E2806995200040028409D576";"E2069930";"";"";"";"";"2025-12-27 07:47:58.345"
91;115;"526568";"E28069952000500284086D75";"5F064C30";"";"";"";"";"2025-12-27 07:47:58.345"
91;115;"526569";"E28069952000400284098172";"3E067C30";"";"";"";"";"2025-12-27 07:47:58.345"
91;124;"526571";"E28069952000500284042D77";"FE069630";"";"";"";"";"2025-12-27 07:47:58.381"
91;124;"526574";"E28069952000500284049577";"ED064E30";"";"";"";"";"2025-12-27 07:47:58.381"
91;124;"526575";"E2806995200040028403D573";"1E064B30";"";"";"";"";"2025-12-27 07:47:58.381"
91;124;"526576";"E28069952000400284014571";"DA063E30";"";"";"";"";"2025-12-27 07:47:58.382"
91;124;"526577";"E2806995200040028401FD72";"5F067730";"";"";"";"";"2025-12-27 07:47:58.382"
91;124;"526578";"E28069952000500284055976";"B9066030";"";"";"";"";"2025-12-27 07:47:58.382"
91;124;"526579";"E2806995200040028405D973";"1A069B30";"";"";"";"";"2025-12-27 07:47:58.382"
91;55;"526581";"E28069952000500284004D76";"35068230";"";"";"";"";"2025-12-27 07:47:58.016"
91;55;"526582";"E28069952000500284060174";"3F066B30";"";"";"";"";"2025-12-27 07:47:58.016"
91;55;"526583";"E2806995200040028409D973";"25069030";"";"";"";"";"2025-12-27 07:47:58.016"
91;55;"526584";"E2806995200050028402E973";"54064530";"";"";"";"";"2025-12-27 07:47:58.016"
91;55;"526585";"E28069952000500284095576";"84065830";"";"";"";"";"2025-12-27 07:47:58.017"
91;55;"526586";"E28069952000500284048975";"14064D30";"";"";"";"";"2025-12-27 07:47:58.017"
91;55;"526587";"E28069952000400284034188";"83065730";"";"";"";"";"2025-12-27 07:47:58.017"
91;55;"526588";"E2806995200050028406ED73";"9F065330";"";"";"";"";"2025-12-27 07:47:58.017"
91;55;"526589";"E28069952000500284074570";"05067230";"";"";"";"";"2025-12-27 07:47:58.017"
91;55;"526590";"E28069952000500284079977";"11063830";"";"";"";"";"2025-12-27 07:47:58.017"
91;55;"526591";"E28069952000500284097173";"45068730";"";"";"";"";"2025-12-27 07:47:58.017"
91;55;"526592";"E2806995200050028407D976";"49067B30";"";"";"";"";"2025-12-27 07:47:58.017"
91;55;"526593";"E2806995200050028408D576";"70068030";"";"";"";"";"2025-12-27 07:47:58.018"
91;55;"526595";"E2806995200050028405BD76";"9C068830";"";"";"";"";"2025-12-27 07:47:58.018"
91;114;"526597";"E28069952000500284020D70";"8A069730";"";"";"";"";"2025-12-27 07:47:58.341"
91;182;"526605";"E28069952000500284035576";"FDE6A930";"";"";"";"";"2025-12-27 07:47:58.631"
91;182;"526606";"E28069952000500284069172";"50E6AB30";"";"";"";"";"2025-12-27 07:47:58.631"
91;182;"526607";"E28069952000500284089978";"74E6AA30";"";"";"";"";"2025-12-27 07:47:58.631"
91;182;"526608";"E2806995200050028404BD7D";"1EE6AE30";"";"";"";"";"2025-12-27 07:47:58.632"
91;182;"526609";"E28069952000500284057972";"70E6A130";"";"";"";"";"2025-12-27 07:47:58.632"
91;182;"526610";"E2806995200050028401B17B";"BDE6FC30";"";"";"";"";"2025-12-27 07:47:58.632"
91;182;"526612";"E2806995200050028400317D";"83E6F630";"";"";"";"";"2025-12-27 07:47:58.632"
91;182;"526613";"E28069952000400284015976";"C7E6FD30";"";"";"";"";"2025-12-27 07:47:58.632"
91;182;"526614";"E28069952000400284098174";"1FE6D330";"";"";"";"";"2025-12-27 07:47:58.632"
91;182;"526615";"E28069952000400284054D7B";"77E6CB30";"";"";"";"";"2025-12-27 07:47:58.633"
91;182;"526617";"E28069952000400284083570";"8EE6E030";"";"";"";"";"2025-12-27 07:47:58.633"
91;182;"526618";"E2806995200040028406A97D";"3FE6C930";"";"";"";"";"2025-12-27 07:47:58.633"
91;182;"526619";"E2806995200040028409257A";"1DE6D830";"";"";"";"";"2025-12-27 07:47:58.633"
91;182;"526620";"E2806995200050028406AD7D";"91E6D530";"";"";"";"";"2025-12-27 07:47:58.633"
91;182;"526621";"E28069952000500284046572";"0BE6DC30";"";"";"";"";"2025-12-27 07:47:58.634"
91;182;"526623";"E2806995200040028401E974";"53E70130";"";"";"";"";"2025-12-27 07:47:58.634"
91;182;"526624";"E28069952000400284085976";"9EE6EC30";"";"";"";"";"2025-12-27 07:47:58.634"
91;182;"526625";"E28069952000400284035173";"09E6D230";"";"";"";"";"2025-12-27 07:47:58.634"
91;182;"526629";"E28069952000500284030174";"E7E6D630";"";"";"";"";"2025-12-27 07:47:58.634"
91;182;"526630";"E28069952000400284043177";"F5E6F130";"";"";"";"";"2025-12-27 07:47:58.635"
91;182;"526631";"E2806995200040028407BD76";"49E6B630";"";"";"";"";"2025-12-27 07:47:58.635"
91;182;"526633";"E28069952000500284003976";"80E6A030";"";"";"";"";"2025-12-27 07:47:58.635"
91;182;"526635";"E28069952000400284059572";"35E6C530";"";"";"";"";"2025-12-27 07:47:58.635"
91;182;"526636";"E28069952000500284090575";"A0E6F330";"";"";"";"";"2025-12-27 07:47:58.635"
91;182;"526637";"E28069952000500284026D73";"B7E6E130";"";"";"";"";"2025-12-27 07:47:58.635"
91;93;"526640";"E2806995200050028404F175";"F3E6B030";"";"";"";"";"2025-12-27 07:47:58.213"
91;93;"526641";"E28069952000500284057175";"93E6B830";"";"";"";"";"2025-12-27 07:47:58.213"
91;93;"526642";"E2806995200050028401D576";"F3E6E330";"";"";"";"";"2025-12-27 07:47:58.213"
91;93;"526643";"E2806995200050028408116F";"35E6AC30";"";"";"";"";"2025-12-27 07:47:58.213"
91;93;"526644";"E28069952000500284054176";"49E6C130";"";"";"";"";"2025-12-27 07:47:58.213"
91;93;"526646";"E28069952000400284045171";"27E6CA30";"";"";"";"";"2025-12-27 07:47:58.213"
91;93;"526647";"E28069952000400284015576";"F3E6EB30";"";"";"";"";"2025-12-27 07:47:58.213"
91;93;"526648";"E28069952000500284033177";"61E6E430";"";"";"";"";"2025-12-27 07:47:58.214"
91;93;"526649";"E2806995200050028404D576";"C6E6E830";"";"";"";"";"2025-12-27 07:47:58.214"
91;182;"526650";"E28069952000400284066574";"96E6DE30";"";"";"";"";"2025-12-27 07:47:58.636"
91;182;"526651";"E28069952000400284007174";"DDE6E930";"";"";"";"";"2025-12-27 07:47:58.636"
91;182;"526653";"E2806995200040028403B177";"62E6FE30";"";"";"";"";"2025-12-27 07:47:58.636"
91;182;"526654";"E28069952000500284031170";"BCE6B530";"";"";"";"";"2025-12-27 07:47:58.636"
91;182;"526656";"E28069952000400284011577";"60E6CE30";"";"";"";"";"2025-12-27 07:47:58.636"
91;182;"526658";"E2806995200040028409F173";"99E6D930";"";"";"";"";"2025-12-27 07:47:58.637"
91;182;"526659";"E2806995200040028405F173";"FCE6BD30";"";"";"";"";"2025-12-27 07:47:58.637"
91;182;"526660";"E28069952000500284018174";"DEE6B730";"";"";"";"";"2025-12-27 07:47:58.637"
91;93;"526673";"E2806995200040028403ED71";"ADE70030";"";"";"";"";"2025-12-27 07:47:58.214"
91;93;"526674";"E28069952000400284058575";"0FE6F730";"";"";"";"";"2025-12-27 07:47:58.214"
91;93;"526675";"E2806995200040028408E974";"09E6E230";"";"";"";"";"2025-12-27 07:47:58.214"
91;93;"526676";"E2806995200050028404D973";"92E6F430";"";"";"";"";"2025-12-27 07:47:58.214"
91;182;"526677";"E2806995200050028408D573";"F6E6B130";"";"";"";"";"2025-12-27 07:47:58.637"
91;182;"526678";"E2806995200040028408AD77";"17E6AF30";"";"";"";"";"2025-12-27 07:47:58.637"
91;182;"526680";"E28069952000500284050975";"A9E6F230";"";"";"";"";"2025-12-27 07:47:58.638"
91;182;"526681";"E28069952000500284015173";"F3E6AD30";"";"";"";"";"2025-12-27 07:47:58.638"
91;182;"526682";"E28069952000400284036D73";"B1E6C730";"";"";"";"";"2025-12-27 07:47:58.638"
91;182;"526683";"E28069952000400284068575";"38E6C830";"";"";"";"";"2025-12-27 07:47:58.638"
91;182;"526684";"E28069952000400284098575";"92E6E630";"";"";"";"";"2025-12-27 07:47:58.638"
91;182;"526685";"E28069952000400284077175";"9DE6FA30";"";"";"";"";"2025-12-27 07:47:58.639"
91;182;"526686";"E28069952000500284017D72";"75E6E730";"";"";"";"";"2025-12-27 07:47:58.639"
91;182;"526687";"E28069952000400284045976";"A7E6C330";"";"";"";"";"2025-12-27 07:47:58.639"
91;182;"526688";"E28069952000400284046D71";"9EE6D130";"";"";"";"";"2025-12-27 07:47:58.639"
91;93;"526690";"E2806995200040028402ED75";"B6E6B230";"";"";"";"";"2025-12-27 07:47:58.214"
91;93;"526691";"E2806995200040028407ED75";"B8E6DA30";"";"";"";"";"2025-12-27 07:47:58.214"
91;93;"526692";"E28069952000400284014176";"17E6A830";"";"";"";"";"2025-12-27 07:47:58.215"
91;93;"526693";"E2806995200050028405AD77";"D2E6CF30";"";"";"";"";"2025-12-27 07:47:58.215"
91;93;"526694";"E28069952000400284075576";"F2E6CD30";"";"";"";"";"2025-12-27 07:47:58.215"
91;93;"526695";"E28069952000400284075976";"54E6C030";"";"";"";"";"2025-12-27 07:47:58.215"
91;93;"526696";"E28069952000400284005974";"BFE6EA30";"";"";"";"";"2025-12-27 07:47:58.215"
91;93;"526697";"E2806995200040028408E574";"9FE6EE30";"";"";"";"";"2025-12-27 07:47:58.215"
91;93;"526698";"E28069952000400284007172";"7CE6B430";"";"";"";"";"2025-12-27 07:47:58.216"
91;93;"526699";"E2806995200040028401F570";"3BE6BE30";"";"";"";"";"2025-12-27 07:47:58.216"
91;93;"526700";"E28069952000400284069572";"9FE6BB30";"";"";"";"";"2025-12-27 07:47:58.212"
91;27;"526701";"E28069952000500284036973";"74E7B430";"";"";"";"";"2025-12-27 07:47:57.854"
91;27;"526702";"E2806995200040028406D976";"9DE7BF30";"";"";"";"";"2025-12-27 07:47:57.854"
91;27;"526703";"E28069952000400284025576";"08E79730";"";"";"";"";"2025-12-27 07:47:57.854"
91;27;"526704";"E2806995200040028407FD74";"D2E7B130";"";"";"";"";"2025-12-27 07:47:57.854"
91;27;"526705";"E28069952000500284053177";"AEE77230";"";"";"";"";"2025-12-27 07:47:57.854"
91;27;"526706";"E28069952000500284087D72";"78E7C230";"";"";"";"";"2025-12-27 07:47:57.855"
91;27;"526707";"E28069952000500284088975";"FEE78E30";"";"";"";"";"2025-12-27 07:47:57.855"
91;27;"526708";"E2806995200040028401BD76";"8AE78730";"";"";"";"";"2025-12-27 07:47:57.855"
91;27;"526709";"E2806995200040028400E973";"B4E7AC30";"";"";"";"";"2025-12-27 07:47:57.855"
91;27;"526710";"E28069952000400284036974";"6FE7B930";"";"";"";"";"2025-12-27 07:47:57.855"
91;27;"526711";"E2806995200050028402D576";"57E7C630";"";"";"";"";"2025-12-27 07:47:57.855"
91;27;"526712";"E2806995200050028408B177";"55E7A030";"";"";"";"";"2025-12-27 07:47:57.855"
91;27;"526713";"E2806995200050028403E574";"ABE7A230";"";"";"";"";"2025-12-27 07:47:57.856"
91;27;"526714";"E2806995200040028404497B";"24E77630";"";"";"";"";"2025-12-27 07:47:57.856"
91;27;"526715";"E28069952000400284026171";"A1E76D30";"";"";"";"";"2025-12-27 07:47:57.856"
91;148;"526716";"E28069952000500284016572";"05E7BB30";"";"";"";"";"2025-12-27 07:47:58.487"
91;148;"526717";"E28069952000400284098975";"5EE78A30";"";"";"";"";"2025-12-27 07:47:58.487"
91;148;"526718";"E2806995200050028403217A";"E6E76930";"";"";"";"";"2025-12-27 07:47:58.487"
91;148;"526719";"E2806995200050028403ED75";"1FE7C730";"";"";"";"";"2025-12-27 07:47:58.487"
91;148;"526720";"E28069952000400284069577";"FFE7BE30";"";"";"";"";"2025-12-27 07:47:58.488"
91;148;"526722";"E28069952000500284089972";"00E76F30";"";"";"";"";"2025-12-27 07:47:58.488"
91;148;"526723";"E2806995200040028403E172";"A8E7AB30";"";"";"";"";"2025-12-27 07:47:58.488"
91;148;"526724";"E28069952000400284041578";"8AE76C30";"";"";"";"";"2025-12-27 07:47:58.488"
91;148;"526725";"E28069952000400284074176";"25E77D30";"";"";"";"";"2025-12-27 07:47:58.488"
91;27;"526726";"E2806995200050028405CD7B";"BDE7A430";"";"";"";"";"2025-12-27 07:47:57.856"
91;27;"526728";"E28069952000500284065576";"0CE79130";"";"";"";"";"2025-12-27 07:47:57.856"
91;27;"526729";"E2806995200040028406F173";"6CE7A130";"";"";"";"";"2025-12-27 07:47:57.856"
91;27;"526730";"E2806995200040028405B177";"9FE79A30";"";"";"";"";"2025-12-27 07:47:57.857"
91;27;"526731";"E2806995200040028401AD78";"AEE7A330";"";"";"";"";"2025-12-27 07:47:57.857"
91;27;"526732";"E28069952000400284036D75";"EEE7C430";"";"";"";"";"2025-12-27 07:47:57.857"
91;27;"526733";"E28069952000400284062D77";"E0E7C130";"";"";"";"";"2025-12-27 07:47:57.857"
91;27;"526734";"E2806995200050028403FD74";"70E77A30";"";"";"";"";"2025-12-27 07:47:57.857"
91;27;"526735";"E2806995200050028402E172";"3BE7BC30";"";"";"";"";"2025-12-27 07:47:57.857"
91;119;"526776";"E2806995200040028402BD76";"8AE77C30";"";"";"";"";"2025-12-27 07:47:58.361"
91;119;"526778";"E2806995200050028404D573";"90E7C830";"";"";"";"";"2025-12-27 07:47:58.362"
91;119;"526780";"E2806995200040028400C571";"50E7A530";"";"";"";"";"2025-12-27 07:47:58.362"
91;119;"526781";"E2806995200040028409AD7A";"EFE7A730";"";"";"";"";"2025-12-27 07:47:58.362"
91;119;"526782";"E28069952000500284055973";"C9E79030";"";"";"";"";"2025-12-27 07:47:58.362"
91;119;"526783";"E2806995200050028406ED75";"E4E77330";"";"";"";"";"2025-12-27 07:47:58.362"
91;119;"526784";"E2806995200050028408B570";"B0E7B230";"";"";"";"";"2025-12-27 07:47:58.362"
91;119;"526785";"E2806995200050028409D170";"F4E7B330";"";"";"";"";"2025-12-27 07:47:58.362"
91;119;"526786";"E28069952000500284055573";"0FE77030";"";"";"";"";"2025-12-27 07:47:58.362"
91;119;"526787";"E28069952000500284088174";"B6E7A630";"";"";"";"";"2025-12-27 07:47:58.363"
91;119;"526789";"E2806995200050028404F173";"68E78F30";"";"";"";"";"2025-12-27 07:47:58.363"
91;119;"526790";"E2806995200040028405F175";"32E7B730";"";"";"";"";"2025-12-27 07:47:58.363"
91;119;"526791";"E2806995200050028404C57B";"82E79C30";"";"";"";"";"2025-12-27 07:47:58.363"
91;119;"526793";"E2806995200040028409DD6C";"79E77530";"";"";"";"";"2025-12-27 07:47:58.363"
91;119;"526794";"E2806995200040028409016E";"5FE7C530";"";"";"";"";"2025-12-27 07:47:58.363"
91;119;"526795";"E28069952000400284035D6E";"ABE79530";"";"";"";"";"2025-12-27 07:47:58.363"
91;119;"526797";"E2806995200040028403796D";"95E7AF30";"";"";"";"";"2025-12-27 07:47:58.364"
91;119;"526798";"E2806995200050028404DD6C";"D8E7C030";"";"";"";"";"2025-12-27 07:47:58.364"
91;119;"526800";"E28069952000400284046973";"D5E77930";"";"";"";"";"2025-12-27 07:47:58.361"
91;108;"526802";"E28069952000500284085168";"53E70F30";"";"";"";"";"2025-12-27 07:47:58.278"
91;108;"526803";"E2806995200050028407B568";"B1E76230";"";"";"";"";"2025-12-27 07:47:58.278"
91;108;"526804";"E2806995200040028409056A";"43E71E30";"";"";"";"";"2025-12-27 07:47:58.278"
91;108;"526805";"E2806995200050028404D56E";"C1E75730";"";"";"";"";"2025-12-27 07:47:58.278"
91;108;"526806";"E28069952000400284005168";"F8E70530";"";"";"";"";"2025-12-27 07:47:58.278"
91;108;"526807";"E28069952000500284080D6B";"ABE73230";"";"";"";"";"2025-12-27 07:47:58.279"
91;108;"526809";"E2806995200050028405696B";"89E74530";"";"";"";"";"2025-12-27 07:47:58.279"
91;108;"526810";"E2806995200050028402A56A";"EFE75E30";"";"";"";"";"2025-12-27 07:47:58.279"
91;108;"526811";"E2806995200050028405556B";"CAE73730";"";"";"";"";"2025-12-27 07:47:58.279"
91;108;"526812";"E28069952000400284075D6C";"DCE70B30";"";"";"";"";"2025-12-27 07:47:58.279"
91;108;"526813";"E28069952000500284069169";"3EE73530";"";"";"";"";"2025-12-27 07:47:58.279"
91;108;"526814";"E28069952000400284028168";"30E75530";"";"";"";"";"2025-12-27 07:47:58.279"
91;108;"526815";"E28069952000500284079D68";"8CE73830";"";"";"";"";"2025-12-27 07:47:58.280"
91;108;"526816";"E28069952000400284046D69";"C5E72530";"";"";"";"";"2025-12-27 07:47:58.280"
91;108;"526817";"E2806995200050028405F96D";"6AE73F30";"";"";"";"";"2025-12-27 07:47:58.280"
91;108;"526818";"E28069952000400284058568";"C5E70230";"";"";"";"";"2025-12-27 07:47:58.280"
91;108;"526821";"E2806995200040028408D168";"64E72C30";"";"";"";"";"2025-12-27 07:47:58.280"
91;108;"526822";"E2806995200050028401E968";"43E74630";"";"";"";"";"2025-12-27 07:47:58.280"
91;108;"526823";"E2806995200050028408016E";"98E70630";"";"";"";"";"2025-12-27 07:47:58.280"
91;108;"526824";"E28069952000400284011969";"A4E71D30";"";"";"";"";"2025-12-27 07:47:58.281"
91;108;"526825";"E2806995200040028402F56D";"32E74930";"";"";"";"";"2025-12-27 07:47:58.281"
91;108;"526832";"E2806995200040028403D568";"A0E72430";"";"";"";"";"2025-12-27 07:47:58.281"
91;108;"526833";"E2806995200040028406A168";"F0E71330";"";"";"";"";"2025-12-27 07:47:58.283"
91;108;"526834";"E28069952000400284084D68";"7BE76130";"";"";"";"";"2025-12-27 07:47:58.283"
91;108;"526835";"E2806995200040028404ED68";"EAE74C30";"";"";"";"";"2025-12-27 07:47:58.284"
91;108;"526836";"E2806995200040028407F96D";"FBE72030";"";"";"";"";"2025-12-27 07:47:58.284"
91;108;"526837";"E2806995200050028408616D";"43E74B30";"";"";"";"";"2025-12-27 07:47:58.284"
91;108;"526838";"E2806995200050028404E96B";"E2E72F30";"";"";"";"";"2025-12-27 07:47:58.284"
91;108;"526839";"E28069952000400284008169";"4BE71930";"";"";"";"";"2025-12-27 07:47:58.284"
91;108;"526840";"E2806995200050028408ED6A";"96E73130";"";"";"";"";"2025-12-27 07:47:58.285"
91;108;"526841";"E28069952000500284020168";"68E72E30";"";"";"";"";"2025-12-27 07:47:58.285"
91;108;"526842";"E28069952000500284025D6D";"A9E73930";"";"";"";"";"2025-12-27 07:47:58.285"
91;108;"526843";"E2806995200040028403456B";"8EE71430";"";"";"";"";"2025-12-27 07:47:58.285"
91;108;"526844";"E28069952000400284006569";"9BE72D30";"";"";"";"";"2025-12-27 07:47:58.285"
91;108;"526845";"E28069952000400284076D6A";"63E74E30";"";"";"";"";"2025-12-27 07:47:58.285"
91;108;"526846";"E28069952000500284075D6D";"FDE73E30";"";"";"";"";"2025-12-27 07:47:58.286"
91;108;"526847";"E2806995200040028409B970";"26E75330";"";"";"";"";"2025-12-27 07:47:58.286"
91;108;"526861";"E2806995200040028404E969";"01E75F30";"";"";"";"";"2025-12-27 07:47:58.286"
91;108;"526862";"E2806995200050028406E56A";"06E71130";"";"";"";"";"2025-12-27 07:47:58.286"
91;108;"526863";"E28069952000400284045968";"F2E73630";"";"";"";"";"2025-12-27 07:47:58.286"
91;108;"526864";"E2806995200050028409896A";"D8E75C30";"";"";"";"";"2025-12-27 07:47:58.286"
91;108;"526865";"E2806995200040028407716B";"0CE73330";"";"";"";"";"2025-12-27 07:47:58.286"
91;108;"526866";"E28069952000400284096969";"CCE74730";"";"";"";"";"2025-12-27 07:47:58.287"
91;108;"526871";"E2806995200050028404F168";"0FE76030";"";"";"";"";"2025-12-27 07:47:58.287"
91;108;"526873";"E2806995200050028408CD70";"E6E75D30";"";"";"";"";"2025-12-27 07:47:58.294"
91;108;"526874";"E28069952000500284095169";"27E70D30";"";"";"";"";"2025-12-27 07:47:58.294"
91;108;"526884";"E28069952000400284036971";"5EE75130";"";"";"";"";"2025-12-27 07:47:58.294"
91;108;"526888";"E2806995200050028403E971";"C5E73C30";"";"";"";"";"2025-12-27 07:47:58.294"
91;61;"526901";"E2806995200040028409896E";"41070D30";"";"";"";"";"2025-12-27 07:47:58.043"
91;61;"526902";"E2806995200050028409ED6E";"65070C30";"";"";"";"";"2025-12-27 07:47:58.043"
91;61;"526903";"E2806995200050028404616E";"CB072B30";"";"";"";"";"2025-12-27 07:47:58.043"
91;61;"526907";"E2806995200050028401616D";"69075030";"";"";"";"";"2025-12-27 07:47:58.043"
91;61;"526908";"E2806995200040028405D976";"D1071530";"";"";"";"";"2025-12-27 07:47:58.043"
91;61;"526909";"E2806995200040028400496E";"34075730";"";"";"";"";"2025-12-27 07:47:58.043"
91;61;"526910";"E2806995200040028405DD6C";"61074F30";"";"";"";"";"2025-12-27 07:47:58.044"
91;61;"526911";"E2806995200040028401496C";"77072330";"";"";"";"";"2025-12-27 07:47:58.044"
91;61;"526912";"E2806995200050028405616F";"E7075A30";"";"";"";"";"2025-12-27 07:47:58.044"
91;61;"526913";"E28069952000500284065D6C";"5E070830";"";"";"";"";"2025-12-27 07:47:58.044"
91;61;"526914";"E2806995200040028405C56C";"12070E30";"";"";"";"";"2025-12-27 07:47:58.044"
91;61;"526915";"E2806995200040028407456C";"83071930";"";"";"";"";"2025-12-27 07:47:58.044"
91;61;"526916";"E2806995200050028401098D";"9B075D30";"";"";"";"";"2025-12-27 07:47:58.045"
91;61;"526917";"E2806995200050028404796D";"79073D30";"";"";"";"";"2025-12-27 07:47:58.045"
91;61;"526918";"E2806995200050028403456A";"B8071130";"";"";"";"";"2025-12-27 07:47:58.045"
91;61;"526919";"E2806995200050028400DD6D";"49073830";"";"";"";"";"2025-12-27 07:47:58.045"
91;61;"526920";"E2806995200050028406616C";"18074C30";"";"";"";"";"2025-12-27 07:47:58.045"
91;61;"526921";"E2806995200040028400DD6C";"5A071030";"";"";"";"";"2025-12-27 07:47:58.045"
91;61;"526922";"E2806995200040028404F96D";"B2075330";"";"";"";"";"2025-12-27 07:47:58.046"
91;61;"526923";"E2806995200040028401456C";"D5071630";"";"";"";"";"2025-12-27 07:47:58.046"
91;61;"526924";"E2806995200040028406616E";"63074B30";"";"";"";"";"2025-12-27 07:47:58.046"
91;61;"526925";"E28069952000500284028575";"74074730";"";"";"";"";"2025-12-27 07:47:58.046"
91;187;"526926";"E2806995200040028408816E";"B9071B30";"";"";"";"";"2025-12-27 07:47:58.662"
91;187;"526927";"E2806995200050028405556E";"E7076230";"";"";"";"";"2025-12-27 07:47:58.662"
91;187;"526928";"E2806995200040028403416F";"B2073B30";"";"";"";"";"2025-12-27 07:47:58.662"
91;187;"526929";"E2806995200050028400D168";"20076330";"";"";"";"";"2025-12-27 07:47:58.662"
91;187;"526930";"E2806995200040028404DD6D";"4A071430";"";"";"";"";"2025-12-27 07:47:58.662"
91;187;"526931";"E2806995200040028401A16F";"3A072430";"";"";"";"";"2025-12-27 07:47:58.662"
91;187;"526932";"E2806995200050028401056F";"5F072A30";"";"";"";"";"2025-12-27 07:47:58.662"
91;187;"526933";"E2806995200040028408CD69";"E9075230";"";"";"";"";"2025-12-27 07:47:58.663"
91;187;"526934";"E28069952000400284076D6F";"13075E30";"";"";"";"";"2025-12-27 07:47:58.663"
91;187;"526936";"E2806995200050028406496C";"20072030";"";"";"";"";"2025-12-27 07:47:58.663"
91;187;"526937";"E2806995200040028406C96C";"B0072F30";"";"";"";"";"2025-12-27 07:47:58.663"
91;187;"526938";"E2806995200050028401DD6C";"3D073A30";"";"";"";"";"2025-12-27 07:47:58.663"
91;187;"526939";"E2806995200050028400F96D";"B8070130";"";"";"";"";"2025-12-27 07:47:58.663"
91;187;"526941";"E2806995200050028404C96C";"46071830";"";"";"";"";"2025-12-27 07:47:58.663"
91;187;"526954";"E2806995200050028403AD6F";"95074130";"";"";"";"";"2025-12-27 07:47:58.664"
91;187;"526955";"E2806995200050028403C96E";"CC073E30";"";"";"";"";"2025-12-27 07:47:58.664"
91;187;"526956";"E2806995200040028405ED6F";"D3074430";"";"";"";"";"2025-12-27 07:47:58.664"
91;187;"526957";"E2806995200050028403296F";"69074A30";"";"";"";"";"2025-12-27 07:47:58.664"
91;187;"526958";"E2806995200050028409456C";"23075930";"";"";"";"";"2025-12-27 07:47:58.664"
91;187;"526959";"E28069952000400284072969";"F1075630";"";"";"";"";"2025-12-27 07:47:58.664"
91;187;"526960";"E2806995200040028403D968";"4F074E30";"";"";"";"";"2025-12-27 07:47:58.664"
91;187;"526961";"E28069952000500284076D6B";"AC073030";"";"";"";"";"2025-12-27 07:47:58.665"
91;187;"526962";"E28069952000400284065D6D";"E9071E30";"";"";"";"";"2025-12-27 07:47:58.665"
91;154;"526963";"E28069952000500284087D6A";"A9074830";"";"";"";"";"2025-12-27 07:47:58.512"
91;154;"526964";"E28069952000500284035D69";"A4075530";"";"";"";"";"2025-12-27 07:47:58.512"
91;154;"526965";"E2806995200050028402B16F";"1C072530";"";"";"";"";"2025-12-27 07:47:58.512"
91;154;"526966";"E2806995200050028401516E";"EA075430";"";"";"";"";"2025-12-27 07:47:58.512"
91;154;"526967";"E2806995200040028409196B";"30073130";"";"";"";"";"2025-12-27 07:47:58.513"
91;154;"526968";"E2806995200050028408D169";"C1073C30";"";"";"";"";"2025-12-27 07:47:58.513"
91;154;"526969";"E2806995200040028407D56A";"5B070030";"";"";"";"";"2025-12-27 07:47:58.513"
91;154;"526970";"E28069952000400284044168";"6A070A30";"";"";"";"";"2025-12-27 07:47:58.513"
91;154;"526971";"E2806995200040028405F16B";"D5074D30";"";"";"";"";"2025-12-27 07:47:58.513"
91;154;"526972";"E28069952000500284065D6F";"0B076030";"";"";"";"";"2025-12-27 07:47:58.513"
91;154;"526973";"E2806995200040028400C56C";"28075F30";"";"";"";"";"2025-12-27 07:47:58.514"
91;154;"526974";"E28069952000400284054D6F";"44071D30";"";"";"";"";"2025-12-27 07:47:58.514"
91;154;"526975";"E2806995200050028404BD6A";"1E073630";"";"";"";"";"2025-12-27 07:47:58.514"
91;154;"526976";"E2806995200050028401E16C";"4D075B30";"";"";"";"";"2025-12-27 07:47:58.514"
91;154;"526977";"E2806995200050028406F96B";"B7072630";"";"";"";"";"2025-12-27 07:47:58.514"
91;154;"526978";"E2806995200050028408FD6B";"85073330";"";"";"";"";"2025-12-27 07:47:58.514"
91;154;"526979";"E2806995200050028404D96E";"17074230";"";"";"";"";"2025-12-27 07:47:58.515"
91;154;"526980";"E2806995200040028405DD6A";"54072D30";"";"";"";"";"2025-12-27 07:47:58.515"
91;154;"526981";"E2806995200040028408F96D";"22070430";"";"";"";"";"2025-12-27 07:47:58.515"
91;154;"526982";"E2806995200050028405C16A";"D6072930";"";"";"";"";"2025-12-27 07:47:58.515"
91;154;"526983";"E28069952000400284085D6C";"63070930";"";"";"";"";"2025-12-27 07:47:58.515"
91;154;"526984";"E2806995200040028406DD6C";"6F070F30";"";"";"";"";"2025-12-27 07:47:58.515"
91;154;"526985";"E2806995200050028402C96C";"DF074930";"";"";"";"";"2025-12-27 07:47:58.515"
91;154;"526986";"E2806995200040028408656E";"FB073430";"";"";"";"";"2025-12-27 07:47:58.516"
91;154;"526987";"E28069952000400284044D6E";"F2070730";"";"";"";"";"2025-12-27 07:47:58.516"
91;154;"526989";"E2806995200050028405496F";"78071A30";"";"";"";"";"2025-12-27 07:47:58.516"
91;154;"526990";"E2806995200050028401756D";"DE070230";"";"";"";"";"2025-12-27 07:47:58.516"
91;154;"526991";"E28069952000500284035D6C";"60076130";"";"";"";"";"2025-12-27 07:47:58.516"
91;154;"526993";"E2806995200040028402CD71";"B9075C30";"";"";"";"";"2025-12-27 07:47:58.516"
91;154;"526994";"E2806995200050028407696F";"73071230";"";"";"";"";"2025-12-27 07:47:58.517"
91;154;"526995";"E2806995200040028400956F";"E9073230";"";"";"";"";"2025-12-27 07:47:58.517"
91;154;"526996";"E28069952000400284027175";"7D073930";"";"";"";"";"2025-12-27 07:47:58.517"
91;154;"526997";"E2806995200050028407D576";"E2073F30";"";"";"";"";"2025-12-27 07:47:58.517"
91;154;"526998";"E28069952000500284036172";"27070B30";"";"";"";"";"2025-12-27 07:47:58.517"
91;116;"527001";"E2806995200050028404D976";"A0E5F030";"";"";"";"";"2025-12-27 07:47:58.345"
91;116;"527002";"E28069952000500284046971";"F5E5EE30";"";"";"";"";"2025-12-27 07:47:58.345"
91;116;"527005";"E2806995200040028406E16F";"6FE62430";"";"";"";"";"2025-12-27 07:47:58.346"
91;116;"527006";"E2806995200050028408DD6C";"81E5F330";"";"";"";"";"2025-12-27 07:47:58.346"
91;116;"527007";"E2806995200040028405756E";"C0E62030";"";"";"";"";"2025-12-27 07:47:58.346"
91;116;"527008";"E2806995200040028401356E";"15E5D830";"";"";"";"";"2025-12-27 07:47:58.346"
91;116;"527009";"E2806995200050028408796D";"F0E5FF30";"";"";"";"";"2025-12-27 07:47:58.346"
91;116;"527010";"E2806995200050028402616D";"21E5DC30";"";"";"";"";"2025-12-27 07:47:58.347"
91;116;"527011";"E2806995200050028409F16A";"81E5F730";"";"";"";"";"2025-12-27 07:47:58.347"
91;116;"527012";"E2806995200050028408C96C";"FFE62530";"";"";"";"";"2025-12-27 07:47:58.347"
91;116;"527014";"E2806995200050028400D16E";"55E5E930";"";"";"";"";"2025-12-27 07:47:58.347"
91;116;"527015";"E2806995200040028408456C";"9AE63630";"";"";"";"";"2025-12-27 07:47:58.347"
91;116;"527016";"E28069952000500284096967";"37E60230";"";"";"";"";"2025-12-27 07:47:58.348"
91;116;"527017";"E2806995200040028405656F";"C5E61C30";"";"";"";"";"2025-12-27 07:47:58.348"
91;116;"527018";"E28069952000400284032D6A";"4DE5DE30";"";"";"";"";"2025-12-27 07:47:58.348"
91;116;"527019";"E2806995200050028405D96F";"7CE60F30";"";"";"";"";"2025-12-27 07:47:58.348"
91;116;"527020";"E2806995200040028404316A";"58E62330";"";"";"";"";"2025-12-27 07:47:58.348"
91;116;"527021";"E2806995200040028404E16D";"13E5E130";"";"";"";"";"2025-12-27 07:47:58.348"
91;116;"527022";"E2806995200050028408816F";"89E63530";"";"";"";"";"2025-12-27 07:47:58.349"
91;116;"527023";"E2806995200050028403AD6A";"18E5E330";"";"";"";"";"2025-12-27 07:47:58.349"
91;116;"527024";"E2806995200050028402D56B";"0AE5E030";"";"";"";"";"2025-12-27 07:47:58.349"
91;116;"527025";"E2806995200050028404D56B";"0DE5E230";"";"";"";"";"2025-12-27 07:47:58.349"
91;116;"527026";"E2806995200040028406756D";"68E61F30";"";"";"";"";"2025-12-27 07:47:58.349"
91;116;"527028";"E2806995200040028403C56A";"9EE62930";"";"";"";"";"2025-12-27 07:47:58.350"
91;116;"527029";"E2806995200040028406616D";"83E60630";"";"";"";"";"2025-12-27 07:47:58.350"
91;116;"527030";"E2806995200050028403E16B";"BBE5E830";"";"";"";"";"2025-12-27 07:47:58.350"
91;116;"527031";"E2806995200040028403A96A";"D6E5FD30";"";"";"";"";"2025-12-27 07:47:58.350"
91;116;"527032";"E2806995200050028401A56F";"74E5D630";"";"";"";"";"2025-12-27 07:47:58.350"
91;116;"527033";"E2806995200050028406756F";"B0E60C30";"";"";"";"";"2025-12-27 07:47:58.350"
91;116;"527035";"E2806995200040028402196A";"0DE5DD30";"";"";"";"";"2025-12-27 07:47:58.351"
91;116;"527036";"E2806995200040028402256F";"D1E60430";"";"";"";"";"2025-12-27 07:47:58.351"
91;116;"527038";"E2806995200050028401B56B";"77E63830";"";"";"";"";"2025-12-27 07:47:58.351"
91;116;"527039";"E2806995200040028401E16D";"27E61A30";"";"";"";"";"2025-12-27 07:47:58.351"
91;116;"527050";"E2806995200040028409F56A";"8EE61D30";"";"";"";"";"2025-12-27 07:47:58.351"
91;116;"527051";"E2806995200040028400AD6B";"5BE62230";"";"";"";"";"2025-12-27 07:47:58.352"
91;116;"527053";"E2806995200050028404DD6F";"73E61930";"";"";"";"";"2025-12-27 07:47:58.352"
91;116;"527055";"E28069952000500284098D6B";"CFE60D30";"";"";"";"";"2025-12-27 07:47:58.352"
91;116;"527056";"E2806995200040028402D16B";"C2E5DA30";"";"";"";"";"2025-12-27 07:47:58.352"
91;116;"527057";"E2806995200050028403C56B";"8EE61330";"";"";"";"";"2025-12-27 07:47:58.352"
91;116;"527058";"E2806995200040028400C16B";"E2E60330";"";"";"";"";"2025-12-27 07:47:58.352"
91;200;"527065";"E2806995200050028401296B";"51E60A30";"";"";"";"";"2025-12-27 07:47:58.724"
91;200;"527066";"E2806995200050028403C16A";"A7E61830";"";"";"";"";"2025-12-27 07:47:58.724"
91;200;"527067";"E2806995200050028406E16B";"4AE5DF30";"";"";"";"";"2025-12-27 07:47:58.725"
91;200;"527068";"E2806995200040028408496C";"5DE63730";"";"";"";"";"2025-12-27 07:47:58.725"
91;200;"527069";"E2806995200050028400AD6A";"2BE5E430";"";"";"";"";"2025-12-27 07:47:58.725"
91;200;"527071";"E2806995200040028404D16B";"52E60B30";"";"";"";"";"2025-12-27 07:47:58.725"
91;200;"527072";"E2806995200050028407556A";"8AE61730";"";"";"";"";"2025-12-27 07:47:58.725"
91;200;"527073";"E28069952000500284002D6E";"CDE60130";"";"";"";"";"2025-12-27 07:47:58.726"
91;200;"527074";"E2806995200040028405756D";"ADE63930";"";"";"";"";"2025-12-27 07:47:58.726"
91;200;"527075";"E2806995200050028407E56E";"41E60730";"";"";"";"";"2025-12-27 07:47:58.726"
91;200;"527077";"E2806995200040028402616C";"36E63230";"";"";"";"";"2025-12-27 07:47:58.726"
91;200;"527078";"E2806995200040028402E16D";"81E62C30";"";"";"";"";"2025-12-27 07:47:58.726"
91;200;"527079";"E2806995200050028407F96A";"87E5F430";"";"";"";"";"2025-12-27 07:47:58.726"
91;200;"527080";"E2806995200040028409016B";"C8E60030";"";"";"";"";"2025-12-27 07:47:58.727"
91;200;"527081";"E2806995200040028402BD6B";"88E61230";"";"";"";"";"2025-12-27 07:47:58.727"
91;200;"527082";"E28069952000500284001D6B";"13E61530";"";"";"";"";"2025-12-27 07:47:58.727"
91;200;"527083";"E2806995200040028402BD6E";"89E5EA30";"";"";"";"";"2025-12-27 07:47:58.727"
91;200;"527084";"E2806995200040028406796D";"3BE62130";"";"";"";"";"2025-12-27 07:47:58.727"
91;200;"527085";"E28069952000500284087D6F";"B4E5ED30";"";"";"";"";"2025-12-27 07:47:58.728"
91;200;"527086";"E2806995200050028403416E";"20E5F130";"";"";"";"";"2025-12-27 07:47:58.728"
91;200;"527087";"E28069952000400284021569";"66E63130";"";"";"";"";"2025-12-27 07:47:58.728"
91;200;"527088";"E2806995200050028403416B";"27E62D30";"";"";"";"";"2025-12-27 07:47:58.728"
91;200;"527089";"E2806995200050028404D16A";"44E5EB30";"";"";"";"";"2025-12-27 07:47:58.728"
91;200;"527090";"E2806995200050028402B96B";"20E62A30";"";"";"";"";"2025-12-27 07:47:58.729"
91;200;"527091";"E2806995200040028406656A";"C6E5EC30";"";"";"";"";"2025-12-27 07:47:58.729"
91;200;"527092";"E2806995200050028404C56F";"CAE63030";"";"";"";"";"2025-12-27 07:47:58.729"
91;200;"527093";"E28069952000500284023D6E";"DDE5D930";"";"";"";"";"2025-12-27 07:47:58.729"
91;200;"527094";"E2806995200050028405F16F";"28E5D730";"";"";"";"";"2025-12-27 07:47:58.729"
91;200;"527095";"E28069952000400284016968";"2EE60530";"";"";"";"";"2025-12-27 07:47:58.729"
91;200;"527096";"E2806995200040028403C56C";"A1E62730";"";"";"";"";"2025-12-27 07:47:58.730"
91;200;"527097";"E2806995200050028409616C";"FDE62E30";"";"";"";"";"2025-12-27 07:47:58.730"
91;200;"527098";"E2806995200040028408656D";"D1E5EF30";"";"";"";"";"2025-12-27 07:47:58.730"
91;200;"527099";"E2806995200040028406FD6B";"09E62F30";"";"";"";"";"2025-12-27 07:47:58.730"
91;152;"527101";"E28069952000500284061569";"4A0FC430";"";"";"";"";"2025-12-27 07:47:58.500"
91;152;"527102";"E2806995200040028409E16C";"E30FF030";"";"";"";"";"2025-12-27 07:47:58.500"
91;152;"527103";"E2806995200040028406796E";"890FE430";"";"";"";"";"2025-12-27 07:47:58.500"
91;152;"527104";"E28069952000400284050569";"070FA530";"";"";"";"";"2025-12-27 07:47:58.501"
91;152;"527105";"E28069952000500284091977";"B10FE830";"";"";"";"";"2025-12-27 07:47:58.501"
91;152;"527106";"E2806995200040028409096F";"F10FAE30";"";"";"";"";"2025-12-27 07:47:58.501"
91;152;"527107";"E28069952000400284093D76";"CF0FB630";"";"";"";"";"2025-12-27 07:47:58.501"
91;152;"527108";"E28069952000500284027D72";"950F9B30";"";"";"";"";"2025-12-27 07:47:58.501"
91;152;"527110";"E2806995200040028405257A";"520FBC30";"";"";"";"";"2025-12-27 07:47:58.501"
91;152;"527111";"E28069952000400284058968";"8F0FCF30";"";"";"";"";"2025-12-27 07:47:58.502"
91;152;"527112";"E28069952000500284047D74";"910FDE30";"";"";"";"";"2025-12-27 07:47:58.502"
91;152;"527113";"E2806995200040028404656B";"060FB830";"";"";"";"";"2025-12-27 07:47:58.502"
91;152;"527114";"E2806995200040028408FD74";"FA0FE630";"";"";"";"";"2025-12-27 07:47:58.502"
91;152;"527115";"E2806995200040028408E569";"E10FA830";"";"";"";"";"2025-12-27 07:47:58.502"
91;152;"527116";"E2806995200050028409296F";"500FDA30";"";"";"";"";"2025-12-27 07:47:58.502"
91;152;"527117";"E28069952000500284060169";"AA0FBF30";"";"";"";"";"2025-12-27 07:47:58.503"
91;152;"527118";"E28069952000500284084970";"9D0FF630";"";"";"";"";"2025-12-27 07:47:58.503"
91;152;"527119";"E28069952000500284079577";"270FAA30";"";"";"";"";"2025-12-27 07:47:58.503"
91;152;"527120";"E28069952000400284097D74";"650FB130";"";"";"";"";"2025-12-27 07:47:58.503"
91;152;"527121";"E2806995200040028405D576";"DE0FF730";"";"";"";"";"2025-12-27 07:47:58.503"
91;152;"527122";"E28069952000400284020970";"2B0FA630";"";"";"";"";"2025-12-27 07:47:58.503"
91;152;"527123";"E28069952000400284029D6F";"8E0FFA30";"";"";"";"";"2025-12-27 07:47:58.503"
91;152;"527124";"E28069952000500284090D6F";"6C0FA130";"";"";"";"";"2025-12-27 07:47:58.504"
91;152;"527125";"E2806995200050028404756D";"1E0FAD30";"";"";"";"";"2025-12-27 07:47:58.504"
91;152;"527126";"E28069952000500284031D68";"680FBE30";"";"";"";"";"2025-12-27 07:47:58.504"
91;152;"527127";"E28069952000500284008569";"6F0FE330";"";"";"";"";"2025-12-27 07:47:58.504"
91;152;"527128";"E28069952000400284055D6D";"1E0FB230";"";"";"";"";"2025-12-27 07:47:58.504"
91;152;"527129";"E2806995200050028400E974";"B70FB330";"";"";"";"";"2025-12-27 07:47:58.504"
91;152;"527130";"E2806995200040028405516B";"490FE130";"";"";"";"";"2025-12-27 07:47:58.505"
91;152;"527131";"E2806995200050028407B968";"600FCA30";"";"";"";"";"2025-12-27 07:47:58.505"
91;152;"527132";"E2806995200050028406CD6A";"840F9A30";"";"";"";"";"2025-12-27 07:47:58.505"
91;152;"527133";"E28069952000500284004D68";"690F9E30";"";"";"";"";"2025-12-27 07:47:58.505"
91;152;"527134";"E28069952000400284074170";"5D0FD730";"";"";"";"";"2025-12-27 07:47:58.505"
91;152;"527135";"E2806995200040028403416A";"7A0FD030";"";"";"";"";"2025-12-27 07:47:58.506"
91;152;"527136";"E28069952000400284069D70";"CB0FEB30";"";"";"";"";"2025-12-27 07:47:58.506"
91;152;"527137";"E28069952000500284051577";"260FBA30";"";"";"";"";"2025-12-27 07:47:58.506"
91;152;"527139";"E28069952000400284067D74";"690FBD30";"";"";"";"";"2025-12-27 07:47:58.506"
91;152;"527140";"E2806995200050028405FD72";"0E0FDC30";"";"";"";"";"2025-12-27 07:47:58.506"
91;152;"527141";"E2806995200040028403FD70";"E50FF430";"";"";"";"";"2025-12-27 07:47:58.506"
91;152;"527142";"E2806995200050028407C170";"0B0FF830";"";"";"";"";"2025-12-27 07:47:58.507"
91;3;"527152";"E28069952000500284067972";"040FE230";"";"";"";"";"2025-12-27 07:47:57.735"
91;3;"527154";"E28069952000500284011D69";"2D0FA730";"";"";"";"";"2025-12-27 07:47:57.735"
91;3;"527155";"E28069952000500284016974";"E60FB430";"";"";"";"";"2025-12-27 07:47:57.736"
91;3;"527156";"E2806995200050028402F175";"8D0FA330";"";"";"";"";"2025-12-27 07:47:57.736"
91;3;"527157";"E28069952000400284038975";"150FF130";"";"";"";"";"2025-12-27 07:47:57.736"
91;3;"527158";"E28069952000400284085169";"0A0FC530";"";"";"";"";"2025-12-27 07:47:57.736"
91;3;"527159";"E28069952000400284045576";"7B0FCD30";"";"";"";"";"2025-12-27 07:47:57.736"
91;3;"527161";"E2806995200040028405E16C";"4A0FD830";"";"";"";"";"2025-12-27 07:47:57.736"
91;3;"527162";"E28069952000500284086574";"B80FA030";"";"";"";"";"2025-12-27 07:47:57.737"
91;3;"527163";"E2806995200050028405F56D";"230FE030";"";"";"";"";"2025-12-27 07:47:57.737"
91;3;"527164";"E2806995200040028405C56A";"EC0F9D30";"";"";"";"";"2025-12-27 07:47:57.737"
91;3;"527165";"E2806995200050028405DD6E";"B70F9F30";"";"";"";"";"2025-12-27 07:47:57.737"
91;3;"527166";"E2806995200040028408E96A";"130FC330";"";"";"";"";"2025-12-27 07:47:57.737"
91;3;"527168";"E2806995200050028408C176";"5C0FC030";"";"";"";"";"2025-12-27 07:47:57.737"
91;3;"527169";"E28069952000500284095976";"130FC230";"";"";"";"";"2025-12-27 07:47:57.738"
91;3;"527171";"E2806995200040028401ED68";"6F0FCC30";"";"";"";"";"2025-12-27 07:47:57.738"
91;3;"527172";"E28069952000500284085569";"F50FD430";"";"";"";"";"2025-12-27 07:47:57.738"
91;3;"527174";"E28069952000500284095973";"840FE730";"";"";"";"";"2025-12-27 07:47:57.738"
91;3;"527175";"E28069952000400284059969";"780FEA30";"";"";"";"";"2025-12-27 07:47:57.738"
91;3;"527176";"E28069952000400284073D69";"8B0FD130";"";"";"";"";"2025-12-27 07:47:57.738"
91;3;"527177";"E28069952000400284003571";"E40FB730";"";"";"";"";"2025-12-27 07:47:57.739"
91;3;"527179";"E2806995200050028409ED73";"5C0F9930";"";"";"";"";"2025-12-27 07:47:57.739"
91;3;"527180";"E28069952000500284014171";"1A0FEC30";"";"";"";"";"2025-12-27 07:47:57.739"
91;3;"527182";"E2806995200040028409C176";"9D0FC830";"";"";"";"";"2025-12-27 07:47:57.739"
91;3;"527183";"E28069952000400284047D70";"E50FD630";"";"";"";"";"2025-12-27 07:47:57.739"
91;3;"527184";"E28069952000500284061D70";"080FF530";"";"";"";"";"2025-12-27 07:47:57.739"
91;3;"527185";"E28069952000400284015D71";"6C0FD530";"";"";"";"";"2025-12-27 07:47:57.740"
91;3;"527186";"E28069952000400284065D6E";"D80FDB30";"";"";"";"";"2025-12-27 07:47:57.740"
91;3;"527187";"E2806995200040028408796A";"AF0FB530";"";"";"";"";"2025-12-27 07:47:57.740"
91;3;"527188";"E2806995200040028401FD74";"640FD930";"";"";"";"";"2025-12-27 07:47:57.740"
91;3;"527191";"E2806995200050028403496C";"4C0FC130";"";"";"";"";"2025-12-27 07:47:57.740"
91;3;"527192";"E28069952000400284020D6F";"390FEE30";"";"";"";"";"2025-12-27 07:47:57.740"
91;3;"527193";"E28069952000500284060568";"8E0FF230";"";"";"";"";"2025-12-27 07:47:57.741"
91;3;"527194";"E28069952000400284070174";"C50F9830";"";"";"";"";"2025-12-27 07:47:57.741"
91;3;"527195";"E2806995200050028402D976";"110FAC30";"";"";"";"";"2025-12-27 07:47:57.741"
91;3;"527196";"E2806995200040028400616D";"910FB030";"";"";"";"";"2025-12-27 07:47:57.741"
91;3;"527197";"E2806995200040028404656E";"3C0FDD30";"";"";"";"";"2025-12-27 07:47:57.741"
91;3;"527198";"E2806995200050028403616C";"D90FED30";"";"";"";"";"2025-12-27 07:47:57.741"
91;3;"527199";"E28069952000400284010169";"A20FE530";"";"";"";"";"2025-12-27 07:47:57.742"
91;65;"527201";"E28069952000500284083161";"D00C5D30";"";"";"";"";"2025-12-27 07:47:58.060"
91;65;"527202";"E2806995200050028407C167";"440C3D30";"";"";"";"";"2025-12-27 07:47:58.060"
91;65;"527203";"E28069952000500284079164";"410C6C30";"";"";"";"";"2025-12-27 07:47:58.060"
91;65;"527204";"E28069952000400284027565";"4C0C1C30";"";"";"";"";"2025-12-27 07:47:58.060"
91;65;"527206";"E28069952000400284036162";"DF0C1A30";"";"";"";"";"2025-12-27 07:47:58.060"
91;65;"527207";"E28069952000400284094562";"2F0C5530";"";"";"";"";"2025-12-27 07:47:58.061"
91;65;"527208";"E28069952000400284081565";"330C4A30";"";"";"";"";"2025-12-27 07:47:58.061"
91;65;"527209";"E28069952000500284048961";"580C5F30";"";"";"";"";"2025-12-27 07:47:58.061"
91;65;"527210";"E28069952000400284040961";"910C2D30";"";"";"";"";"2025-12-27 07:47:58.061"
91;65;"527211";"E28069952000400284021D62";"D80C5B30";"";"";"";"";"2025-12-27 07:47:58.061"
91;65;"527212";"E28069952000500284040162";"570C3130";"";"";"";"";"2025-12-27 07:47:58.061"
91;65;"527213";"E28069952000500284034963";"6E0C3530";"";"";"";"";"2025-12-27 07:47:58.062"
91;65;"527214";"E28069952000500284079161";"B70C4530";"";"";"";"";"2025-12-27 07:47:58.062"
91;65;"527215";"E2806995200050028401A563";"800C2330";"";"";"";"";"2025-12-27 07:47:58.062"
91;65;"527216";"E28069952000400284034567";"E20C6730";"";"";"";"";"2025-12-27 07:47:58.062"
91;65;"527217";"E28069952000400284035D62";"640C1D30";"";"";"";"";"2025-12-27 07:47:58.062"
91;65;"527218";"E28069952000400284079562";"D40C4630";"";"";"";"";"2025-12-27 07:47:58.062"
91;65;"527219";"E2806995200050028404ED65";"900C2130";"";"";"";"";"2025-12-27 07:47:58.063"
91;65;"527220";"E28069952000400284068561";"6B0C7530";"";"";"";"";"2025-12-27 07:47:58.063"
91;65;"527221";"E28069952000400284089165";"650C2B30";"";"";"";"";"2025-12-27 07:47:58.063"
91;65;"527222";"E2806995200050028402A963";"E70C3030";"";"";"";"";"2025-12-27 07:47:58.063"
91;65;"527223";"E2806995200040028405E964";"810C5930";"";"";"";"";"2025-12-27 07:47:58.063"
91;65;"527224";"E2806995200050028402D962";"3E0C3630";"";"";"";"";"2025-12-27 07:47:58.063"
91;65;"527225";"E28069952000400284048D64";"F00C6F30";"";"";"";"";"2025-12-27 07:47:58.064"
91;4;"527231";"E28069952000500284037565";"850C6430";"";"";"";"";"2025-12-27 07:47:57.742"
91;4;"527232";"E2806995200040028402D566";"BA0C1430";"";"";"";"";"2025-12-27 07:47:57.742"
91;4;"527233";"E28069952000400284078162";"FD0C4730";"";"";"";"";"2025-12-27 07:47:57.742"
91;4;"527234";"E28069952000500284090165";"8A0C4E30";"";"";"";"";"2025-12-27 07:47:57.742"
91;4;"527236";"E2806995200050028402CD64";"1A0C2430";"";"";"";"";"2025-12-27 07:47:57.742"
91;4;"527237";"E2806995200050028401F565";"820C5030";"";"";"";"";"2025-12-27 07:47:57.743"
91;4;"527238";"E28069952000400284026561";"E80C2030";"";"";"";"";"2025-12-27 07:47:57.743"
91;4;"527240";"E28069952000500284047D65";"4E0C4930";"";"";"";"";"2025-12-27 07:47:57.743"
91;4;"527242";"E28069952000500284073D67";"460C4030";"";"";"";"";"2025-12-27 07:47:57.743"
91;4;"527243";"E2806995200050028406A967";"A90C6B30";"";"";"";"";"2025-12-27 07:47:57.743"
91;4;"527244";"E28069952000400284010964";"580C6330";"";"";"";"";"2025-12-27 07:47:57.743"
91;4;"527245";"E28069952000500284047166";"E70C4330";"";"";"";"";"2025-12-27 07:47:57.744"
91;116;"527259";"E28069952000500284026966";"940C2A30";"";"";"";"";"2025-12-27 07:47:58.353"
91;116;"527260";"E28069952000500284089565";"360C7430";"";"";"";"";"2025-12-27 07:47:58.353"
91;116;"527261";"E28069952000400284005963";"E10C4C30";"";"";"";"";"2025-12-27 07:47:58.353"
91;84;"527272";"E2806995200040028406E166";"990C3B30";"";"";"";"";"2025-12-27 07:47:58.171"
91;84;"527273";"E2806995200040028409D163";"B20C5830";"";"";"";"";"2025-12-27 07:47:58.172"
91;84;"527274";"E2806995200050028401ED66";"530C5630";"";"";"";"";"2025-12-27 07:47:58.172"
91;54;"527278";"E2806995200040028406F966";"E10C1830";"";"";"";"";"2025-12-27 07:47:58.014"
91;84;"527281";"E28069952000500284041962";"E60C6830";"";"";"";"";"2025-12-27 07:47:58.172"
91;84;"527282";"E2806995200040028402F165";"2E0C4430";"";"";"";"";"2025-12-27 07:47:58.172"
91;84;"527285";"E2806995200040028402C163";"0B0C6A30";"";"";"";"";"2025-12-27 07:47:58.173"
91;84;"527286";"E28069952000500284006567";"290C6930";"";"";"";"";"2025-12-27 07:47:58.173"
91;84;"527290";"E28069952000500284078163";"BC0C7030";"";"";"";"";"2025-12-27 07:47:58.173"
91;3;"527301";"E2806995200050028403ED67";"803B9F30";"";"";"";"";"2025-12-27 07:47:57.734"
91;3;"527302";"E28069952000500284087D65";"203B5330";"";"";"";"";"2025-12-27 07:47:57.735"
91;3;"527303";"E28069952000500284080963";"DB3B8630";"";"";"";"";"2025-12-27 07:47:57.735"
91;3;"527304";"E28069952000400284074167";"1B3B7030";"";"";"";"";"2025-12-27 07:47:57.735"
91;82;"527307";"E28069952000500284067566";"BA3B4230";"";"";"";"";"2025-12-27 07:47:58.154"
91;82;"527308";"E2806995200050028400E963";"F93B6430";"";"";"";"";"2025-12-27 07:47:58.155"
91;82;"527309";"E28069952000400284050167";"AC3B4030";"";"";"";"";"2025-12-27 07:47:58.155"
91;82;"527310";"E28069952000500284067565";"733B6530";"";"";"";"";"2025-12-27 07:47:58.155"
91;82;"527311";"E28069952000400284022162";"073B9530";"";"";"";"";"2025-12-27 07:47:58.155"
91;82;"527312";"E28069952000500284097566";"B33B7830";"";"";"";"";"2025-12-27 07:47:58.155"
91;3;"527315";"E28069952000400284087965";"BA3B7630";"";"";"";"";"2025-12-27 07:47:57.735"
91;84;"527316";"E2806995200040028406DD66";"2F3B8930";"";"";"";"";"2025-12-27 07:47:58.168"
91;84;"527318";"E28069952000500284010167";"FE3B6130";"";"";"";"";"2025-12-27 07:47:58.168"
91;84;"527319";"E28069952000500284072567";"FE3B7B30";"";"";"";"";"2025-12-27 07:47:58.169"
91;84;"527320";"E28069952000400284075D66";"4C3B9330";"";"";"";"";"2025-12-27 07:47:58.169"
91;84;"527321";"E28069952000400284010567";"953BA030";"";"";"";"";"2025-12-27 07:47:58.169"
91;84;"527322";"E2806995200050028406E162";"703B8130";"";"";"";"";"2025-12-27 07:47:58.169"
91;84;"527323";"E28069952000500284020963";"463B5030";"";"";"";"";"2025-12-27 07:47:58.169"
91;84;"527324";"E2806995200040028402BD62";"203B4630";"";"";"";"";"2025-12-27 07:47:58.169"
91;84;"527327";"E2806995200040028401C564";"2C3B6830";"";"";"";"";"2025-12-27 07:47:58.170"
91;84;"527328";"E28069952000400284096D61";"143B6A30";"";"";"";"";"2025-12-27 07:47:58.170"
91;84;"527330";"E28069952000500284094162";"843B8C30";"";"";"";"";"2025-12-27 07:47:58.170"
91;84;"527331";"E28069952000500284037965";"423B9630";"";"";"";"";"2025-12-27 07:47:58.170"
91;84;"527332";"E28069952000400284070961";"3A3B4130";"";"";"";"";"2025-12-27 07:47:58.170"
91;84;"527333";"E28069952000500284066961";"263B7D30";"";"";"";"";"2025-12-27 07:47:58.170"
91;84;"527334";"E28069952000400284070964";"FA3B4D30";"";"";"";"";"2025-12-27 07:47:58.171"
91;84;"527335";"E28069952000500284059567";"E53B4B30";"";"";"";"";"2025-12-27 07:47:58.171"
91;84;"527336";"E28069952000400284069167";"893B5B30";"";"";"";"";"2025-12-27 07:47:58.171"
91;84;"527337";"E28069952000500284025162";"AE3B4430";"";"";"";"";"2025-12-27 07:47:58.171"
91;192;"527349";"E28069952000500284091565";"943B9730";"";"";"";"";"2025-12-27 07:47:58.683"
91;193;"527386";"E2806995200050028401B562";"EC3B9030";"";"";"";"";"2025-12-27 07:47:58.687"
91;193;"527395";"E2806995200040028409E562";"263B4330";"";"";"";"";"2025-12-27 07:47:58.687"
91;167;"527401";"E2806995200050028402C16E";"8D18FA30";"";"";"";"";"2025-12-27 07:47:58.571"
91;167;"527402";"E28069952000500284006975";"2E18C530";"";"";"";"";"2025-12-27 07:47:58.571"
91;167;"527403";"E2806995200050028404356A";"FA18C830";"";"";"";"";"2025-12-27 07:47:58.572"
91;167;"527404";"E2806995200050028408656A";"0018CB30";"";"";"";"";"2025-12-27 07:47:58.572"
91;167;"527405";"E2806995200050028403F56D";"A318F230";"";"";"";"";"2025-12-27 07:47:58.572"
91;136;"527407";"E2806995200050028400A96B";"FE18E330";"";"";"";"";"2025-12-27 07:47:58.438"
91;136;"527408";"E2806995200050028403F96D";"3A18A430";"";"";"";"";"2025-12-27 07:47:58.438"
91;136;"527409";"E28069952000500284032168";"3618B730";"";"";"";"";"2025-12-27 07:47:58.438"
91;60;"527410";"E2806995200040028402416E";"7F18EB30";"";"";"";"";"2025-12-27 07:47:58.038"
91;60;"527411";"E2806995200040028406E56B";"2818CE30";"";"";"";"";"2025-12-27 07:47:58.039"
91;60;"527412";"E2806995200040028404496A";"3018C930";"";"";"";"";"2025-12-27 07:47:58.039"
91;60;"527413";"E2806995200040028405396A";"AC18C230";"";"";"";"";"2025-12-27 07:47:58.039"
91;60;"527414";"E2806995200040028405B570";"2D18FE30";"";"";"";"";"2025-12-27 07:47:58.039"
91;60;"527415";"E2806995200050028406656B";"8E18E430";"";"";"";"";"2025-12-27 07:47:58.039"
91;60;"527416";"E2806995200070039D97C4DE";"53457C30";"";"";"";"";"2025-12-27 07:47:58.039"
91;60;"527417";"E2806995200040028404616C";"5918FD30";"";"";"";"";"2025-12-27 07:47:58.040"
91;60;"527418";"E2806995200040028402AD69";"D418B130";"";"";"";"";"2025-12-27 07:47:58.040"
91;60;"527419";"E28069952000400284068568";"98190330";"";"";"";"";"2025-12-27 07:47:58.040"
91;60;"527420";"E2806995200050028405496C";"C918E530";"";"";"";"";"2025-12-27 07:47:58.040"
91;60;"527421";"E2806995200040028402B56F";"AE18DB30";"";"";"";"";"2025-12-27 07:47:58.041"
91;60;"527422";"E28069952000500284005D74";"7A18C630";"";"";"";"";"2025-12-27 07:47:58.041"
91;60;"527423";"E2806995200050028401C96C";"CE18F930";"";"";"";"";"2025-12-27 07:47:58.041"
91;60;"527424";"E28069952000400284018168";"F118FB30";"";"";"";"";"2025-12-27 07:47:58.041"
91;60;"527425";"E2806995200040028406D573";"0A18EA30";"";"";"";"";"2025-12-27 07:47:58.041"
91;60;"527426";"E2806995200050028404F16E";"0218C330";"";"";"";"";"2025-12-27 07:47:58.041"
91;60;"527427";"E2806995200050028403E16D";"2618BD30";"";"";"";"";"2025-12-27 07:47:58.042"
91;60;"527428";"E2806995200040028406C56C";"5218B330";"";"";"";"";"2025-12-27 07:47:58.042"
91;60;"527429";"E28069952000500284034569";"0918EE30";"";"";"";"";"2025-12-27 07:47:58.042"
91;60;"527430";"E2806995200040028401196F";"F518F530";"";"";"";"";"2025-12-27 07:47:58.042"
91;60;"527431";"E2806995200050028404E16C";"F618A930";"";"";"";"";"2025-12-27 07:47:58.042"
91;60;"527432";"E2806995200040028407616C";"CE18C430";"";"";"";"";"2025-12-27 07:47:58.042"
91;60;"527433";"E2806995200050028404396F";"FF18D930";"";"";"";"";"2025-12-27 07:47:58.042"
91;60;"527434";"E28069952000400284077D6E";"CF18B230";"";"";"";"";"2025-12-27 07:47:58.043"
91;36;"527438";"E2806995200040028406E16C";"6818EC30";"";"";"";"";"2025-12-27 07:47:57.909"
91;36;"527439";"E28069952000400284001D6A";"0918FC30";"";"";"";"";"2025-12-27 07:47:57.910"
91;12;"527450";"E28069952000500284043D79";"6C18DA30";"";"";"";"";"2025-12-27 07:47:57.778"
91;12;"527451";"E28069952000500284015D6D";"9C18AA30";"";"";"";"";"2025-12-27 07:47:57.778"
91;12;"527452";"E28069952000500284019969";"3618BE30";"";"";"";"";"2025-12-27 07:47:57.778"
91;12;"527453";"E2806995200040028407FD6A";"75190230";"";"";"";"";"2025-12-27 07:47:57.778"
91;12;"527454";"E28069952000400284075973";"F118A830";"";"";"";"";"2025-12-27 07:47:57.778"
91;12;"527455";"E28069952000400284021969";"C518B530";"";"";"";"";"2025-12-27 07:47:57.778"
91;135;"527457";"E28069952000400284096D6E";"2518AD30";"";"";"";"";"2025-12-27 07:47:58.436"
91;135;"527460";"E2806995200040028400CD6E";"E618A330";"";"";"";"";"2025-12-27 07:47:58.437"
91;135;"527463";"E2806995200050028408E96E";"B318CA30";"";"";"";"";"2025-12-27 07:47:58.437"
91;135;"527464";"E2806995200050028402C971";"6618E630";"";"";"";"";"2025-12-27 07:47:58.437"
91;135;"527465";"E2806995200040028409E56D";"D218B630";"";"";"";"";"2025-12-27 07:47:58.437"
91;135;"527466";"E28069952000400284066D75";"23190530";"";"";"";"";"2025-12-27 07:47:58.437"
91;135;"527467";"E2806995200050028403A568";"3418ED30";"";"";"";"";"2025-12-27 07:47:58.437"
91;135;"527469";"E2806995200040028408ED6E";"4718B930";"";"";"";"";"2025-12-27 07:47:58.437"
91;135;"527470";"E2806995200050028401B169";"5A18E930";"";"";"";"";"2025-12-27 07:47:58.438"
91;28;"527471";"E28069952000500284086D73";"1618C130";"";"";"";"";"2025-12-27 07:47:57.862"
91;28;"527472";"E2806995200050028407A569";"4218CF30";"";"";"";"";"2025-12-27 07:47:57.862"
91;28;"527473";"E28069952000400284050D7A";"EB190430";"";"";"";"";"2025-12-27 07:47:57.863"
91;28;"527474";"E28069952000400284068968";"0218A730";"";"";"";"";"2025-12-27 07:47:57.863"
91;28;"527475";"E2806995200050028406E16D";"E918DF30";"";"";"";"";"2025-12-27 07:47:57.863"
91;28;"527476";"E28069952000500284028568";"C818DE30";"";"";"";"";"2025-12-27 07:47:57.863"
91;120;"527481";"E28069952000400284044D6B";"7118B030";"";"";"";"";"2025-12-27 07:47:58.368"
91;120;"527482";"E2806995200050028408796B";"A418D030";"";"";"";"";"2025-12-27 07:47:58.368"
91;120;"527483";"E2806995200040028407E16D";"7218B830";"";"";"";"";"2025-12-27 07:47:58.368"
91;120;"527484";"E2806995200050028402A969";"8B18A630";"";"";"";"";"2025-12-27 07:47:58.369"
91;120;"527485";"E2806995200040028400B56E";"4318B430";"";"";"";"";"2025-12-27 07:47:58.369"
91;120;"527486";"E2806995200040028406796B";"3D18EF30";"";"";"";"";"2025-12-27 07:47:58.369"
91;120;"527487";"E2806995200050028409A56B";"0018F130";"";"";"";"";"2025-12-27 07:47:58.369"
91;120;"527488";"E2806995200040028402296F";"1C18D630";"";"";"";"";"2025-12-27 07:47:58.369"
91;112;"527490";"E2806995200040028405616D";"4018BB30";"";"";"";"";"2025-12-27 07:47:58.336"
91;112;"527491";"E2806995200050028403456C";"A618BA30";"";"";"";"";"2025-12-27 07:47:58.336"
91;112;"527492";"E28069952000400284033D76";"4018AE30";"";"";"";"";"2025-12-27 07:47:58.336"
91;112;"527493";"E28069952000500284046974";"6718BC30";"";"";"";"";"2025-12-27 07:47:58.336"
91;112;"527494";"E2806995200040028401097A";"8218E830";"";"";"";"";"2025-12-27 07:47:58.336"
91;112;"527495";"E28069952000500284081172";"FB18D130";"";"";"";"";"2025-12-27 07:47:58.337"
91;112;"527496";"E28069952000500284045173";"5318C730";"";"";"";"";"2025-12-27 07:47:58.337"
91;112;"527497";"E28069952000500284078975";"9618E730";"";"";"";"";"2025-12-27 07:47:58.337"
91;112;"527498";"E2806995200040028401C96B";"BA18AC30";"";"";"";"";"2025-12-27 07:47:58.337"
91;112;"527499";"E28069952000500284060968";"CB18D530";"";"";"";"";"2025-12-27 07:47:58.337"
91;24;"527501";"E28069952000400284047175";"A910FF30";"";"";"";"";"2025-12-27 07:47:57.841"
91;24;"527502";"E28069952000400284077173";"9210DD30";"";"";"";"";"2025-12-27 07:47:57.841"
91;24;"527503";"E28069952000500284034176";"BA10D630";"";"";"";"";"2025-12-27 07:47:57.842"
91;24;"527504";"E28069952000400284087173";"F810F730";"";"";"";"";"2025-12-27 07:47:57.842"
91;24;"527505";"E28069952000400284025D6C";"DD10F130";"";"";"";"";"2025-12-27 07:47:57.842"
91;24;"527506";"E28069952000500284083969";"F710D430";"";"";"";"";"2025-12-27 07:47:57.842"
91;24;"527507";"E2806995200040028404496C";"31110A30";"";"";"";"";"2025-12-27 07:47:57.842"
91;24;"527508";"E28069952000500284083D76";"7F111730";"";"";"";"";"2025-12-27 07:47:57.843"
91;24;"527509";"E2806995200050028406616F";"AC10FD30";"";"";"";"";"2025-12-27 07:47:57.843"
91;24;"527510";"E28069952000400284081577";"9F10D530";"";"";"";"";"2025-12-27 07:47:57.843"
91;24;"527511";"E28069952000400284045D6C";"DF112530";"";"";"";"";"2025-12-27 07:47:57.843"
91;24;"527512";"E28069952000400284071977";"3310F030";"";"";"";"";"2025-12-27 07:47:57.843"
91;24;"527513";"E2806995200040028409D573";"C9112030";"";"";"";"";"2025-12-27 07:47:57.844"
91;24;"527514";"E2806995200040028401C17D";"8D10C630";"";"";"";"";"2025-12-27 07:47:57.844"
91;24;"527515";"E2806995200050028408E16C";"9A10CB30";"";"";"";"";"2025-12-27 07:47:57.844"
91;24;"527516";"E2806995200050028406AD77";"B510DB30";"";"";"";"";"2025-12-27 07:47:57.844"
91;24;"527517";"E2806995200040028408BD76";"EA10CE30";"";"";"";"";"2025-12-27 07:47:57.844"
91;24;"527519";"E2806995200040028402456C";"90110530";"";"";"";"";"2025-12-27 07:47:57.845"
91;24;"527520";"E2806995200040028403A96F";"12111030";"";"";"";"";"2025-12-27 07:47:57.845"
91;24;"527521";"E2806995200050028401456B";"7B111930";"";"";"";"";"2025-12-27 07:47:57.845"
91;24;"527522";"E2806995200050028406496A";"FC110B30";"";"";"";"";"2025-12-27 07:47:57.845"
91;24;"527523";"E2806995200050028408C56C";"5B111330";"";"";"";"";"2025-12-27 07:47:57.845"
91;24;"527524";"E2806995200050028400C56B";"7B10F330";"";"";"";"";"2025-12-27 07:47:57.845"
91;24;"527525";"E2806995200050028404D968";"C310F930";"";"";"";"";"2025-12-27 07:47:57.846"
91;24;"527526";"E28069952000400284073968";"EB110230";"";"";"";"";"2025-12-27 07:47:57.846"
91;24;"527527";"E2806995200040028408616C";"3810D930";"";"";"";"";"2025-12-27 07:47:57.846"
91;24;"527528";"E28069952000400284023D6A";"AF10CC30";"";"";"";"";"2025-12-27 07:47:57.846"
91;24;"527530";"E2806995200050028402D56E";"C910C730";"";"";"";"";"2025-12-27 07:47:57.846"
91;184;"527536";"E28069952000500284056D69";"6010DF30";"";"";"";"";"2025-12-27 07:47:58.649"
91;184;"527537";"E2806995200050028406616A";"5810C830";"";"";"";"";"2025-12-27 07:47:58.649"
91;184;"527538";"E2806995200040028400316B";"7810E130";"";"";"";"";"2025-12-27 07:47:58.649"
91;184;"527539";"E2806995200040028403756D";"FF10C930";"";"";"";"";"2025-12-27 07:47:58.649"
91;184;"527540";"E2806995200050028401B96E";"7210EE30";"";"";"";"";"2025-12-27 07:47:58.649"
91;184;"527541";"E2806995200050028403C56E";"BC112130";"";"";"";"";"2025-12-27 07:47:58.650"
91;184;"527542";"E28069952000500284012D6A";"8910CD30";"";"";"";"";"2025-12-27 07:47:58.650"
91;184;"527543";"E2806995200050028400356B";"75110930";"";"";"";"";"2025-12-27 07:47:58.650"
91;184;"527544";"E28069952000500284018D6F";"7010CA30";"";"";"";"";"2025-12-27 07:47:58.650"
91;184;"527545";"E28069952000400284069D68";"7810CF30";"";"";"";"";"2025-12-27 07:47:58.650"
91;184;"527547";"E2806995200040028409616D";"1E10C430";"";"";"";"";"2025-12-27 07:47:58.651"
91;184;"527548";"E2806995200050028407DD6C";"2910F830";"";"";"";"";"2025-12-27 07:47:58.651"
91;184;"527550";"E2806995200050028407C56C";"07111C30";"";"";"";"";"2025-12-27 07:47:58.651"
91;166;"527552";"E2806995200050028403C169";"0D10E830";"";"";"";"";"2025-12-27 07:47:58.568"
91;166;"527553";"E2806995200050028408E56D";"44110F30";"";"";"";"";"2025-12-27 07:47:58.569"
91;166;"527554";"E2806995200040028402556B";"9F10E030";"";"";"";"";"2025-12-27 07:47:58.569"
91;166;"527555";"E2806995200040028408E969";"0710E330";"";"";"";"";"2025-12-27 07:47:58.569"
91;166;"527556";"E28069952000400284059569";"61111E30";"";"";"";"";"2025-12-27 07:47:58.569"
91;166;"527557";"E28069952000400284096569";"53111D30";"";"";"";"";"2025-12-27 07:47:58.569"
91;166;"527558";"E2806995200050028407696A";"9510E930";"";"";"";"";"2025-12-27 07:47:58.569"
91;58;"527565";"E28069952000400284080D6F";"BD10EC30";"";"";"";"";"2025-12-27 07:47:58.032"
91;58;"527566";"E2806995200050028403596E";"0A10F430";"";"";"";"";"2025-12-27 07:47:58.032"
91;58;"527567";"E2806995200040028400B96E";"7310E230";"";"";"";"";"2025-12-27 07:47:58.032"
91;58;"527568";"E2806995200050028403F169";"E010E730";"";"";"";"";"2025-12-27 07:47:58.032"
91;58;"527569";"E2806995200050028406F96E";"A4110E30";"";"";"";"";"2025-12-27 07:47:58.032"
91;58;"527570";"E28069952000500284053D6A";"AF110630";"";"";"";"";"2025-12-27 07:47:58.033"
91;189;"527572";"E2806995200040028400596C";"1410D330";"";"";"";"";"2025-12-27 07:47:58.672"
91;189;"527573";"E28069952000400284056969";"08110330";"";"";"";"";"2025-12-27 07:47:58.672"
91;189;"527574";"E2806995200050028401CD6B";"1710DA30";"";"";"";"";"2025-12-27 07:47:58.672"
91;189;"527575";"E2806995200050028403296A";"E3111B30";"";"";"";"";"2025-12-27 07:47:58.673"
91;189;"527576";"E2806995200050028409496C";"CC10FB30";"";"";"";"";"2025-12-27 07:47:58.673"
91;189;"527577";"E2806995200050028403596B";"C810E430";"";"";"";"";"2025-12-27 07:47:58.673"
91;139;"527581";"E28069952000400284012D6B";"CC112230";"";"";"";"";"2025-12-27 07:47:58.455"
91;139;"527582";"E2806995200040028406A969";"D9111F30";"";"";"";"";"2025-12-27 07:47:58.455"
91;139;"527583";"E2806995200040028401296A";"8310EF30";"";"";"";"";"2025-12-27 07:47:58.455"
91;139;"527584";"E2806995200050028404616D";"B5111230";"";"";"";"";"2025-12-27 07:47:58.456"
91;139;"527585";"E2806995200050028407796D";"9910FE30";"";"";"";"";"2025-12-27 07:47:58.456"
91;139;"527586";"E2806995200050028408916B";"E810FC30";"";"";"";"";"2025-12-27 07:47:58.456"
91;139;"527587";"E2806995200050028406AD69";"8310DE30";"";"";"";"";"2025-12-27 07:47:58.456"
91;139;"527588";"E28069952000400284056D75";"4F112330";"";"";"";"";"2025-12-27 07:47:58.456"
91;139;"527589";"E2806995200040028406616B";"E8111430";"";"";"";"";"2025-12-27 07:47:58.456"
91;139;"527590";"E2806995200050028406DD6E";"9010E530";"";"";"";"";"2025-12-27 07:47:58.457"
91;2;"527591";"E2806995200050028407A168";"A2112630";"";"";"";"";"2025-12-27 07:47:57.733"
91;2;"527592";"E2806995200050028406796F";"76112430";"";"";"";"";"2025-12-27 07:47:57.734"
91;2;"527593";"E2806995200050028404616B";"1D10D130";"";"";"";"";"2025-12-27 07:47:57.734"
91;2;"527595";"E2806995200050028402516B";"3710D830";"";"";"";"";"2025-12-27 07:47:57.734"
91;2;"527596";"E28069952000400284098D6A";"DD110C30";"";"";"";"";"2025-12-27 07:47:57.734"
91;2;"527597";"E2806995200050028401E171";"3D111630";"";"";"";"";"2025-12-27 07:47:57.734"
91;2;"527598";"E28069952000500284077D74";"1A10EA30";"";"";"";"";"2025-12-27 07:47:57.734"
91;69;"527630";"E28069952000500284025173";"FB1FB430";"";"";"";"";"2025-12-27 07:47:58.093"
91;69;"527632";"E2806995200040028400316E";"271FE530";"";"";"";"";"2025-12-27 07:47:58.093"
91;69;"527633";"E2806995200050028400ED75";"E8200530";"";"";"";"";"2025-12-27 07:47:58.093"
91;69;"527634";"E2806995200040028406A170";"5D1FBB30";"";"";"";"";"2025-12-27 07:47:58.093"
91;69;"527635";"E2806995200050028401B16A";"301FF730";"";"";"";"";"2025-12-27 07:47:58.093"
91;69;"527636";"E28069952000400284004573";"D31FAD30";"";"";"";"";"2025-12-27 07:47:58.094"
91;69;"527637";"E28069952000500284046D75";"781FBF30";"";"";"";"";"2025-12-27 07:47:58.094"
91;69;"527638";"E2806995200040028400E573";"B41FF130";"";"";"";"";"2025-12-27 07:47:58.094"
91;69;"527639";"E2806995200040028407F96B";"051FB930";"";"";"";"";"2025-12-27 07:47:58.094"
91;69;"527650";"E2806995200040028405556A";"EE1FA930";"";"";"";"";"2025-12-27 07:47:58.094"
91;69;"527651";"E2806995200050028406E56F";"FC1FED30";"";"";"";"";"2025-12-27 07:47:58.094"
91;69;"527652";"E2806995200050028402756D";"3C200330";"";"";"";"";"2025-12-27 07:47:58.094"
91;69;"527653";"E28069952000500284095D6C";"271FB730";"";"";"";"";"2025-12-27 07:47:58.096"
91;69;"527654";"E2806995200050028405516A";"2B1FD530";"";"";"";"";"2025-12-27 07:47:58.097"
91;69;"527655";"E2806995200040028401D16E";"C91FC830";"";"";"";"";"2025-12-27 07:47:58.097"
91;69;"527656";"E2806995200050028404E16F";"AC1FB630";"";"";"";"";"2025-12-27 07:47:58.097"
91;133;"527658";"E2806995200050028406DD6D";"F21FF330";"";"";"";"";"2025-12-27 07:47:58.428"
91;122;"527666";"E2806995200040028402B96A";"3F1FD830";"";"";"";"";"2025-12-27 07:47:58.373"
91;122;"527667";"E2806995200050028405DD6B";"F6200130";"";"";"";"";"2025-12-27 07:47:58.373"
91;122;"527668";"E2806995200040028407856F";"111FDA30";"";"";"";"";"2025-12-27 07:47:58.373"
91;122;"527669";"E2806995200050028407616D";"851FB230";"";"";"";"";"2025-12-27 07:47:58.373"
91;122;"527670";"E2806995200050028405F56B";"581FC530";"";"";"";"";"2025-12-27 07:47:58.373"
91;122;"527671";"E2806995200040028407516A";"2E1FF530";"";"";"";"";"2025-12-27 07:47:58.373"
91;122;"527672";"E2806995200050028404D568";"A81FE330";"";"";"";"";"2025-12-27 07:47:58.374"
91;122;"527673";"E2806995200050028407FD6E";"5D200730";"";"";"";"";"2025-12-27 07:47:58.374"
91;122;"527674";"E2806995200040028406756E";"611FAE30";"";"";"";"";"2025-12-27 07:47:58.374"
91;122;"527675";"E2806995200050028407756D";"301FFC30";"";"";"";"";"2025-12-27 07:47:58.374"
91;122;"527676";"E28069952000500284035976";"091FC630";"";"";"";"";"2025-12-27 07:47:58.374"
91;122;"527677";"E28069952000400284069569";"021FAF30";"";"";"";"";"2025-12-27 07:47:58.374"
91;122;"527678";"E28069952000400284041977";"521FBD30";"";"";"";"";"2025-12-27 07:47:58.374"
91;122;"527679";"E2806995200050028406F56D";"931FE230";"";"";"";"";"2025-12-27 07:47:58.374"
91;122;"527680";"E2806995200040028406F96F";"84200B30";"";"";"";"";"2025-12-27 07:47:58.375"
91;122;"527681";"E2806995200050028403C16F";"681FDC30";"";"";"";"";"2025-12-27 07:47:58.375"
91;122;"527682";"E28069952000500284047169";"1C1FDD30";"";"";"";"";"2025-12-27 07:47:58.375"
91;122;"527683";"E28069952000500284091D6B";"241FC030";"";"";"";"";"2025-12-27 07:47:58.375"
91;122;"527685";"E2806995200050028404ED69";"0E1FD630";"";"";"";"";"2025-12-27 07:47:58.375"
91;122;"527686";"E2806995200050028407D17B";"9B1FFA30";"";"";"";"";"2025-12-27 07:47:58.375"
91;122;"527687";"E2806995200040028407656E";"E91FEB30";"";"";"";"";"2025-12-27 07:47:58.376"
91;122;"527688";"E2806995200050028407856B";"C51FD430";"";"";"";"";"2025-12-27 07:47:58.376"
91;122;"527689";"E2806995200050028407F56F";"ED1FD130";"";"";"";"";"2025-12-27 07:47:58.376"
91;122;"527690";"E2806995200050028406E16E";"271FFF30";"";"";"";"";"2025-12-27 07:47:58.376"
91;122;"527691";"E28069952000400284035969";"1E1FF630";"";"";"";"";"2025-12-27 07:47:58.376"
91;122;"527692";"E28069952000500284050169";"7B1FB130";"";"";"";"";"2025-12-27 07:47:58.376"
91;122;"527693";"E2806995200040028403456E";"8F200430";"";"";"";"";"2025-12-27 07:47:58.377"
91;122;"527694";"E2806995200050028408756B";"0D1FAA30";"";"";"";"";"2025-12-27 07:47:58.377"
91;122;"527695";"E2806995200040028403E56B";"891FD730";"";"";"";"";"2025-12-27 07:47:58.377"
91;122;"527696";"E2806995200050028407F972";"111FCE30";"";"";"";"";"2025-12-27 07:47:58.377"
91;69;"527701";"E2806995200050028401C971";"6F11FB30";"";"";"";"";"2025-12-27 07:47:58.091"
91;69;"527702";"E28069952000500284030975";"3911FA30";"";"";"";"";"2025-12-27 07:47:58.091"
91;69;"527703";"E2806995200040028405F972";"BA121830";"";"";"";"";"2025-12-27 07:47:58.091"
91;69;"527704";"E28069952000500284028975";"AD123130";"";"";"";"";"2025-12-27 07:47:58.092"
91;69;"527705";"E28069952000400284071577";"59124030";"";"";"";"";"2025-12-27 07:47:58.092"
91;69;"527706";"E2806995200040028407496C";"0D124630";"";"";"";"";"2025-12-27 07:47:58.092"
91;69;"527708";"E28069952000400284037970";"37121E30";"";"";"";"";"2025-12-27 07:47:58.092"
91;69;"527709";"E28069952000400284029968";"D8124830";"";"";"";"";"2025-12-27 07:47:58.092"
91;69;"527710";"E28069952000500284097D6D";"6A121030";"";"";"";"";"2025-12-27 07:47:58.092"
91;69;"527711";"E2806995200050028405B170";"1A121230";"";"";"";"";"2025-12-27 07:47:58.093"
91;69;"527712";"E2806995200050028403A968";"A8120430";"";"";"";"";"2025-12-27 07:47:58.093"
91;69;"527785";"E2806995200040028409796D";"C8124430";"";"";"";"";"2025-12-27 07:47:58.098"
91;69;"527786";"E28069952000400284099978";"78123930";"";"";"";"";"2025-12-27 07:47:58.098"
91;69;"527787";"E2806995200050028406B97B";"8611F330";"";"";"";"";"2025-12-27 07:47:58.098"
91;69;"527788";"E28069952000400284011D7A";"C4123830";"";"";"";"";"2025-12-27 07:47:58.098"
91;69;"527789";"E28069952000400284063D76";"D4122430";"";"";"";"";"2025-12-27 07:47:58.098"
91;69;"527791";"E2806995200040028409D976";"C4125030";"";"";"";"";"2025-12-27 07:47:58.099"
91;123;"528001";"E28069952000400284006565";"083CDF30";"";"";"";"";"2025-12-27 07:47:58.377"
91;123;"528002";"E2806995200040028408995D";"543CE630";"";"";"";"";"2025-12-27 07:47:58.378"
91;123;"528004";"E28069952000500284021567";"E93D0330";"";"";"";"";"2025-12-27 07:47:58.378"
91;123;"528005";"E28069952000400284096164";"1D3CF130";"";"";"";"";"2025-12-27 07:47:58.378"
91;123;"528006";"E2806995200040028405CD61";"4C3D1F30";"";"";"";"";"2025-12-27 07:47:58.378"
91;123;"528007";"E28069952000400284095D62";"F93D1A30";"";"";"";"";"2025-12-27 07:47:58.378"
91;123;"528008";"E2806995200040028402E161";"263D0830";"";"";"";"";"2025-12-27 07:47:58.378"
91;123;"528009";"E2806995200040028405A55C";"503CD530";"";"";"";"";"2025-12-27 07:47:58.379"
91;123;"528010";"E2806995200040028408E164";"1D3CFB30";"";"";"";"";"2025-12-27 07:47:58.379"
91;123;"528011";"E28069952000400284004160";"CB3CF330";"";"";"";"";"2025-12-27 07:47:58.379"
91;123;"528012";"E28069952000500284054D5D";"073CD930";"";"";"";"";"2025-12-27 07:47:58.379"
91;123;"528013";"E2806995200040028406E562";"223D1D30";"";"";"";"";"2025-12-27 07:47:58.379"
91;123;"528014";"E2806995200040028405ED65";"043D2230";"";"";"";"";"2025-12-27 07:47:58.379"
91;123;"528015";"E2806995200040028408955E";"6F3CF730";"";"";"";"";"2025-12-27 07:47:58.380"
91;123;"528016";"E2806995200050028401E95E";"0D3CEC30";"";"";"";"";"2025-12-27 07:47:58.380"
91;123;"528017";"E2806995200050028404ED5F";"413CEF30";"";"";"";"";"2025-12-27 07:47:58.380"
91;123;"528018";"E2806995200040028402C55D";"AA3CDA30";"";"";"";"";"2025-12-27 07:47:58.380"
91;123;"528020";"E2806995200050028400215D";"2E3D2330";"";"";"";"";"2025-12-27 07:47:58.380"
91;158;"528046";"E2806995200040028400E95E";"6C3CE230";"";"";"";"";"2025-12-27 07:47:58.530"
91;158;"528050";"E28069952000500284068D5E";"EF3CE730";"";"";"";"";"2025-12-27 07:47:58.531"
91;158;"528052";"E28069952000400284072D5E";"863D0D30";"";"";"";"";"2025-12-27 07:47:58.531"
91;158;"528053";"E28069952000500284086D5B";"3E3CDD30";"";"";"";"";"2025-12-27 07:47:58.531"
91;158;"528055";"E2806995200040028408555B";"BB3D2130";"";"";"";"";"2025-12-27 07:47:58.531"
91;158;"528057";"E28069952000500284058965";"213CCD30";"";"";"";"";"2025-12-27 07:47:58.531"
91;92;"528060";"E2806995200050028401A162";"C93D1430";"";"";"";"";"2025-12-27 07:47:58.208"
91;92;"528061";"E2806995200040028403ED5F";"D23CD030";"";"";"";"";"2025-12-27 07:47:58.208"
91;92;"528062";"E2806995200050028408155E";"393CD830";"";"";"";"";"2025-12-27 07:47:58.208"
91;92;"528063";"E28069952000400284065560";"243CFA30";"";"";"";"";"2025-12-27 07:47:58.208"
91;57;"528065";"E28069952000500284098164";"613D2530";"";"";"";"";"2025-12-27 07:47:58.025"
91;57;"528066";"E2806995200070039D92F8DE";"DD000F30";"";"";"";"";"2025-12-27 07:47:58.025"
91;57;"528067";"E2806995200040028407D15B";"ED3CE430";"";"";"";"";"2025-12-27 07:47:58.025"
91;57;"528068";"E28069952000500284042561";"3C3CE030";"";"";"";"";"2025-12-27 07:47:58.025"
91;57;"528069";"E28069952000400284046165";"943D0030";"";"";"";"";"2025-12-27 07:47:58.025"
91;57;"528070";"E2806995200040028401B15D";"3E3D1930";"";"";"";"";"2025-12-27 07:47:58.025"
91;57;"528071";"E28069952000400284015166";"E33D0530";"";"";"";"";"2025-12-27 07:47:58.025"
91;57;"528072";"E28069952000400284037562";"013D0A30";"";"";"";"";"2025-12-27 07:47:58.025"
91;57;"528073";"E28069952000500284014D66";"A63CCF30";"";"";"";"";"2025-12-27 07:47:58.026"
91;57;"528074";"E2806995200040028409DD60";"703D0C30";"";"";"";"";"2025-12-27 07:47:58.026"
91;57;"528075";"E2806995200050028405D164";"9F3CFE30";"";"";"";"";"2025-12-27 07:47:58.026"
91;57;"528076";"E2806995200040028405FD67";"FF3CF230";"";"";"";"";"2025-12-27 07:47:58.026"
91;57;"528077";"E2806995200050028403F160";"703D2730";"";"";"";"";"2025-12-27 07:47:58.026"
91;57;"528078";"E2806995200040028405D962";"393CE830";"";"";"";"";"2025-12-27 07:47:58.026"
91;57;"528079";"E28069952000500284075960";"803CE930";"";"";"";"";"2025-12-27 07:47:58.026"
91;57;"528080";"E28069952000500284032D5D";"2B3CCE30";"";"";"";"";"2025-12-27 07:47:58.027"
91;57;"528083";"E28069952000500284007161";"043CDB30";"";"";"";"";"2025-12-27 07:47:58.027"
91;57;"528084";"E28069952000400284003966";"923CFC30";"";"";"";"";"2025-12-27 07:47:58.027"
91;57;"528085";"E2806995200040028400ED63";"FC3CDE30";"";"";"";"";"2025-12-27 07:47:58.027"
91;57;"528086";"E2806995200040028408C961";"7F3D1030";"";"";"";"";"2025-12-27 07:47:58.027"
91;57;"528087";"E2806995200040028403095C";"9B3D2030";"";"";"";"";"2025-12-27 07:47:58.027"
91;57;"528088";"E2806995200040028401D960";"203D2F30";"";"";"";"";"2025-12-27 07:47:58.027"
91;57;"528089";"E28069952000500284045966";"193CD130";"";"";"";"";"2025-12-27 07:47:58.028"
91;13;"528090";"E2806995200050028407315E";"563D1630";"";"";"";"";"2025-12-27 07:47:57.784"
91;13;"528091";"E28069952000500284075560";"853CF030";"";"";"";"";"2025-12-27 07:47:57.784"
91;13;"528092";"E28069952000400284095960";"1D3CEE30";"";"";"";"";"2025-12-27 07:47:57.785"
91;13;"528093";"E28069952000500284082163";"E23D2930";"";"";"";"";"2025-12-27 07:47:57.785"
91;13;"528094";"E2806995200050028401F55F";"083CFF30";"";"";"";"";"2025-12-27 07:47:57.785"
91;13;"528095";"E28069952000500284018163";"B03D2E30";"";"";"";"";"2025-12-27 07:47:57.785"
91;13;"528096";"E2806995200050028401C164";"1C3CE530";"";"";"";"";"2025-12-27 07:47:57.785"
91;13;"528097";"E2806995200050028403D966";"B93D1530";"";"";"";"";"2025-12-27 07:47:57.786"
91;13;"528098";"E28069952000400284012164";"C53D0130";"";"";"";"";"2025-12-27 07:47:57.786"
91;13;"528099";"E28069952000500284056D60";"923CE130";"";"";"";"";"2025-12-27 07:47:57.786"
91;176;"528101";"E28069952000500284049164";"621F6A30";"";"";"";"";"2025-12-27 07:47:58.606"
91;176;"528102";"E2806995200040028403495D";"261F8030";"";"";"";"";"2025-12-27 07:47:58.606"
91;176;"528103";"E28069952000400284068961";"2E1F6E30";"";"";"";"";"2025-12-27 07:47:58.606"
91;176;"528104";"E28069952000500284052D61";"DC1F5930";"";"";"";"";"2025-12-27 07:47:58.606"
91;176;"528105";"E28069952000400284031D5C";"CB1F8D30";"";"";"";"";"2025-12-27 07:47:58.606"
91;176;"528106";"E28069952000500284016960";"741F6F30";"";"";"";"";"2025-12-27 07:47:58.607"
91;176;"528108";"E2806995200040028407695B";"B61F7F30";"";"";"";"";"2025-12-27 07:47:58.607"
91;176;"528109";"E2806995200050028406F160";"9D1F8830";"";"";"";"";"2025-12-27 07:47:58.607"
91;176;"528110";"E28069952000500284048163";"991F5230";"";"";"";"";"2025-12-27 07:47:58.607"
91;176;"528111";"E28069952000400284085D60";"CA1F5330";"";"";"";"";"2025-12-27 07:47:58.607"
91;176;"528112";"E28069952000500284062963";"5A1FA830";"";"";"";"";"2025-12-27 07:47:58.607"
91;176;"528113";"E28069952000500284050165";"C21F8330";"";"";"";"";"2025-12-27 07:47:58.608"
91;176;"528114";"E2806995200040028407B15E";"491F9430";"";"";"";"";"2025-12-27 07:47:58.608"
91;176;"528116";"E2806995200040028405715F";"8B1FA230";"";"";"";"";"2025-12-27 07:47:58.608"
91;176;"528117";"E2806995200050028405BD62";"001F7030";"";"";"";"";"2025-12-27 07:47:58.608"
91;176;"528118";"E2806995200050028409955D";"1D1F6930";"";"";"";"";"2025-12-27 07:47:58.608"
91;176;"528119";"E2806995200040028405D16F";"D61F7930";"";"";"";"";"2025-12-27 07:47:58.608"
91;176;"528120";"E2806995200050028403D960";"FF1F5830";"";"";"";"";"2025-12-27 07:47:58.608"
91;176;"528121";"E28069952000400284055560";"5F1F5130";"";"";"";"";"2025-12-27 07:47:58.609"
91;176;"528122";"E2806995200050028406FD5C";"171F6C30";"";"";"";"";"2025-12-27 07:47:58.609"
91;51;"528170";"E2806995200050028403BD5E";"DF1F4930";"";"";"";"";"2025-12-27 07:47:57.982"
91;51;"528171";"E28069952000400284068D65";"571F8130";"";"";"";"";"2025-12-27 07:47:57.982"
91;51;"528172";"E2806995200040028407A564";"421F7D30";"";"";"";"";"2025-12-27 07:47:57.982"
91;51;"528173";"E2806995200050028404055C";"711F9C30";"";"";"";"";"2025-12-27 07:47:57.982"
91;51;"528174";"E28069952000400284004D66";"B81F4630";"";"";"";"";"2025-12-27 07:47:57.982"
91;88;"528195";"E28069952000400284015160";"F21F6130";"";"";"";"";"2025-12-27 07:47:58.191"
91;88;"528196";"E28069952000400284077966";"0B1F7A30";"";"";"";"";"2025-12-27 07:47:58.191"
91;88;"528198";"E2806995200040028405D95D";"A71F7630";"";"";"";"";"2025-12-27 07:47:58.191"
91;88;"528199";"E28069952000400284027D5E";"AF1F4B30";"";"";"";"";"2025-12-27 07:47:58.192"
91;88;"528200";"E28069952000500284096166";"881F7830";"";"";"";"";"2025-12-27 07:47:58.185"
91;30;"528201";"E28069952000500284094963";"910ADF30";"";"";"";"";"2025-12-27 07:47:57.871"
91;30;"528202";"E28069952000400284095167";"A90ACD30";"";"";"";"";"2025-12-27 07:47:57.871"
91;30;"528203";"E28069952000500284014D60";"990AD230";"";"";"";"";"2025-12-27 07:47:57.871"
91;30;"528205";"E2806995200040028409955F";"270AAF30";"";"";"";"";"2025-12-27 07:47:57.871"
91;30;"528206";"E28069952000500284016560";"A40A8830";"";"";"";"";"2025-12-27 07:47:57.872"
91;30;"528207";"E28069952000400284082D64";"5B0AE230";"";"";"";"";"2025-12-27 07:47:57.872"
91;30;"528208";"E2806995200050028400E560";"C00AB830";"";"";"";"";"2025-12-27 07:47:57.872"
91;30;"528209";"E2806995200050028408055C";"380A9230";"";"";"";"";"2025-12-27 07:47:57.872"
91;30;"528210";"E28069952000400284005D61";"A80AD530";"";"";"";"";"2025-12-27 07:47:57.872"
91;30;"528211";"E2806995200040028404DD5E";"BC0AC930";"";"";"";"";"2025-12-27 07:47:57.872"
91;30;"528212";"E28069952000400284057160";"1F0AAC30";"";"";"";"";"2025-12-27 07:47:57.872"
91;30;"528213";"E2806995200050028407ED60";"060AD330";"";"";"";"";"2025-12-27 07:47:57.873"
91;30;"528214";"E2806995200040028403055F";"390ABB30";"";"";"";"";"2025-12-27 07:47:57.873"
91;30;"528215";"E28069952000500284043D5E";"F70AD630";"";"";"";"";"2025-12-27 07:47:57.873"
91;30;"528216";"E2806995200040028405E561";"B70A9630";"";"";"";"";"2025-12-27 07:47:57.873"
91;30;"528217";"E2806995200040028408955D";"5C0AAA30";"";"";"";"";"2025-12-27 07:47:57.873"
91;30;"528218";"E2806995200040028405F15E";"4B0AB730";"";"";"";"";"2025-12-27 07:47:57.873"
91;30;"528219";"E2806995200040028406795E";"B30ABF30";"";"";"";"";"2025-12-27 07:47:57.874"
91;30;"528221";"E2806995200050028404095C";"040AA430";"";"";"";"";"2025-12-27 07:47:57.874"
91;30;"528222";"E2806995200040028409115F";"180AB230";"";"";"";"";"2025-12-27 07:47:57.874"
91;30;"528223";"E28069952000500284009D5C";"B50AE430";"";"";"";"";"2025-12-27 07:47:57.874"
91;88;"528226";"E2806995200050028408D962";"FF0A8930";"";"";"";"";"2025-12-27 07:47:58.189"
91;157;"528227";"E2806995200040028406F164";"AD0A9830";"";"";"";"";"2025-12-27 07:47:58.524"
91;157;"528228";"E2806995200050028407015D";"DE0A8330";"";"";"";"";"2025-12-27 07:47:58.525"
91;157;"528231";"E2806995200050028406E563";"F10AC230";"";"";"";"";"2025-12-27 07:47:58.525"
91;157;"528233";"E2806995200040028406D55B";"D80A8C30";"";"";"";"";"2025-12-27 07:47:58.525"
91;105;"528255";"E28069952000500284098167";"5E0AD030";"";"";"";"";"2025-12-27 07:47:58.264"
91;105;"528256";"E28069952000400284060167";"010AC530";"";"";"";"";"2025-12-27 07:47:58.264"
91;105;"528257";"E28069952000500284011D5C";"7F0A8630";"";"";"";"";"2025-12-27 07:47:58.264"
91;105;"528258";"E28069952000400284067165";"B40AD430";"";"";"";"";"2025-12-27 07:47:58.264"
91;105;"528259";"E2806995200050028406695B";"000A9330";"";"";"";"";"2025-12-27 07:47:58.264"
91;105;"528260";"E2806995200040028406AD67";"AC0ADE30";"";"";"";"";"2025-12-27 07:47:58.264"
91;105;"528261";"E28069952000400284047167";"660ABD30";"";"";"";"";"2025-12-27 07:47:58.264"
91;105;"528263";"E2806995200040028406995C";"460A9530";"";"";"";"";"2025-12-27 07:47:58.265"
91;105;"528264";"E2806995200050028408CD67";"E10AAB30";"";"";"";"";"2025-12-27 07:47:58.265"
91;105;"528265";"E2806995200050028401495D";"C70ABE30";"";"";"";"";"2025-12-27 07:47:58.265"
91;105;"528266";"E2806995200040028409CD5E";"5D0AA030";"";"";"";"";"2025-12-27 07:47:58.265"
91;105;"528267";"E2806995200040028407995E";"6A0AB930";"";"";"";"";"2025-12-27 07:47:58.265"
91;105;"528268";"E2806995200040028403095F";"CF0AB530";"";"";"";"";"2025-12-27 07:47:58.265"
91;105;"528269";"E2806995200040028408B15E";"5A0AE130";"";"";"";"";"2025-12-27 07:47:58.266"
91;105;"528270";"E2806995200050028409695B";"C50AE530";"";"";"";"";"2025-12-27 07:47:58.266"
91;105;"528271";"E2806995200040028408ED5B";"FF0ACC30";"";"";"";"";"2025-12-27 07:47:58.266"
91;105;"528272";"E28069952000400284037160";"E20AC730";"";"";"";"";"2025-12-27 07:47:58.266"
91;105;"528273";"E2806995200050028401E15F";"870ACF30";"";"";"";"";"2025-12-27 07:47:58.266"
91;105;"528274";"E2806995200050028407AD5D";"D30A9E30";"";"";"";"";"2025-12-27 07:47:58.269"
91;105;"528275";"E2806995200040028401D560";"B80A8430";"";"";"";"";"2025-12-27 07:47:58.269"
91;105;"528276";"E28069952000500284046963";"A40AC630";"";"";"";"";"2025-12-27 07:47:58.269"
91;105;"528278";"E28069952000400284004165";"3A0AE330";"";"";"";"";"2025-12-27 07:47:58.270"
91;105;"528279";"E2806995200050028407F965";"8C0ACE30";"";"";"";"";"2025-12-27 07:47:58.270"
91;105;"528280";"E2806995200050028406CD63";"A30AC030";"";"";"";"";"2025-12-27 07:47:58.270"
91;105;"528281";"E28069952000400284082D5E";"410A9430";"";"";"";"";"2025-12-27 07:47:58.270"
91;105;"528282";"E28069952000400284011D61";"260A8E30";"";"";"";"";"2025-12-27 07:47:58.270"
91;105;"528284";"E28069952000400284097D5F";"F60ABA30";"";"";"";"";"2025-12-27 07:47:58.270"
91;105;"528285";"E28069952000500284011962";"B20AA230";"";"";"";"";"2025-12-27 07:47:58.271"
91;105;"528286";"E2806995200040028409B55D";"0E0ACB30";"";"";"";"";"2025-12-27 07:47:58.271"
91;105;"528290";"E2806995200040028404895F";"590AB430";"";"";"";"";"2025-12-27 07:47:58.271"
91;105;"528291";"E2806995200040028405ED5F";"D50AC130";"";"";"";"";"2025-12-27 07:47:58.271"
91;105;"528292";"E28069952000500284036D60";"FD0A8230";"";"";"";"";"2025-12-27 07:47:58.271"
91;105;"528293";"E2806995200040028407A567";"350AC430";"";"";"";"";"2025-12-27 07:47:58.271"
91;105;"528294";"E2806995200040028404855F";"C70AC830";"";"";"";"";"2025-12-27 07:47:58.271"
91;105;"528295";"E28069952000400284076D63";"670A8A30";"";"";"";"";"2025-12-27 07:47:58.272"
91;105;"528296";"E2806995200040028403D55E";"BF0A9030";"";"";"";"";"2025-12-27 07:47:58.272"
91;105;"528297";"E28069952000500284096961";"790AB130";"";"";"";"";"2025-12-27 07:47:58.272"
91;88;"528301";"E2806995200040028405055F";"171F0A30";"";"";"";"";"2025-12-27 07:47:58.185"
91;88;"528302";"E2806995200050028405595E";"F51F3C30";"";"";"";"";"2025-12-27 07:47:58.185"
91;88;"528303";"E2806995200050028408F95F";"B21F0930";"";"";"";"";"2025-12-27 07:47:58.185"
91;88;"528304";"E28069952000500284069567";"391F0E30";"";"";"";"";"2025-12-27 07:47:58.186"
91;88;"528305";"E2806995200050028409155F";"CD1F0230";"";"";"";"";"2025-12-27 07:47:58.186"
91;88;"528307";"E28069952000500284010563";"9D1EF030";"";"";"";"";"2025-12-27 07:47:58.186"
91;88;"528308";"E28069952000400284056965";"481F1030";"";"";"";"";"2025-12-27 07:47:58.186"
91;88;"528309";"E2806995200040028401C95D";"7B1F3430";"";"";"";"";"2025-12-27 07:47:58.186"
91;88;"528310";"E28069952000400284067D5F";"121F0F30";"";"";"";"";"2025-12-27 07:47:58.186"
91;88;"528311";"E28069952000500284009967";"C81EE230";"";"";"";"";"2025-12-27 07:47:58.187"
91;88;"528312";"E28069952000400284065960";"671EFB30";"";"";"";"";"2025-12-27 07:47:58.187"
91;88;"528313";"E28069952000400284048162";"E31EE630";"";"";"";"";"2025-12-27 07:47:58.187"
91;88;"528314";"E2806995200040028408B15D";"701F1D30";"";"";"";"";"2025-12-27 07:47:58.187"
91;88;"528315";"E28069952000400284048563";"6F1F3D30";"";"";"";"";"2025-12-27 07:47:58.187"
91;88;"528316";"E2806995200040028402555E";"641F3030";"";"";"";"";"2025-12-27 07:47:58.187"
91;88;"528317";"E2806995200040028402A15C";"781F1F30";"";"";"";"";"2025-12-27 07:47:58.187"
91;88;"528318";"E2806995200040028402D960";"561F2230";"";"";"";"";"2025-12-27 07:47:58.188"
91;88;"528319";"E28069952000400284097964";"711F3530";"";"";"";"";"2025-12-27 07:47:58.188"
91;88;"528320";"E2806995200050028402615E";"761F2E30";"";"";"";"";"2025-12-27 07:47:58.188"
91;88;"528321";"E2806995200050028401455D";"DB1F1530";"";"";"";"";"2025-12-27 07:47:58.188"
91;88;"528323";"E2806995200040028403D95E";"051F1930";"";"";"";"";"2025-12-27 07:47:58.188"
91;88;"528324";"E2806995200040028404ED67";"0C1F0830";"";"";"";"";"2025-12-27 07:47:58.188"
91;51;"528330";"E2806995200040028404895C";"891F2130";"";"";"";"";"2025-12-27 07:47:57.981"
91;51;"528331";"E2806995200040028402C567";"081F0530";"";"";"";"";"2025-12-27 07:47:57.981"
91;51;"528332";"E28069952000400284019567";"0C1F1330";"";"";"";"";"2025-12-27 07:47:57.981"
91;51;"528333";"E2806995200040028409515B";"C61EF630";"";"";"";"";"2025-12-27 07:47:57.981"
91;51;"528334";"E2806995200040028405095C";"EE1EE330";"";"";"";"";"2025-12-27 07:47:57.981"
91;51;"528335";"E28069952000400284038564";"E21F3930";"";"";"";"";"2025-12-27 07:47:57.981"
91;88;"528366";"E2806995200050028404E55D";"171EF130";"";"";"";"";"2025-12-27 07:47:58.190"
91;88;"528367";"E2806995200050028405715D";"0B1F2D30";"";"";"";"";"2025-12-27 07:47:58.190"
91;88;"528368";"E2806995200050028404215C";"4B1F2C30";"";"";"";"";"2025-12-27 07:47:58.190"
91;88;"528369";"E2806995200040028408855C";"E51F1430";"";"";"";"";"2025-12-27 07:47:58.190"
91;88;"528370";"E2806995200040028400D160";"981EE530";"";"";"";"";"2025-12-27 07:47:58.190"
91;88;"528371";"E2806995200040028404BD5E";"E51EEE30";"";"";"";"";"2025-12-27 07:47:58.190"
91;88;"528372";"E2806995200050028401515E";"0F1EEA30";"";"";"";"";"2025-12-27 07:47:58.191"
91;88;"528373";"E28069952000400284056D5B";"E31EF230";"";"";"";"";"2025-12-27 07:47:58.191"
91;88;"528375";"E28069952000500284085960";"651F4130";"";"";"";"";"2025-12-27 07:47:58.191"
91;56;"528401";"E2806995200050028403415E";"9A0E0230";"";"";"";"";"2025-12-27 07:47:58.018"
91;56;"528402";"E28069952000500284065962";"A90DCD30";"";"";"";"";"2025-12-27 07:47:58.018"
91;56;"528403";"E2806995200040028408F564";"550DC830";"";"";"";"";"2025-12-27 07:47:58.018"
91;56;"528404";"E2806995200040028402895C";"CD0DD330";"";"";"";"";"2025-12-27 07:47:58.018"
91;56;"528405";"E28069952000500284050D5C";"330DEE30";"";"";"";"";"2025-12-27 07:47:58.019"
91;56;"528406";"E2806995200040028403F965";"7F0DCA30";"";"";"";"";"2025-12-27 07:47:58.019"
91;56;"528407";"E28069952000500284037164";"350DF630";"";"";"";"";"2025-12-27 07:47:58.019"
91;56;"528408";"E2806995200040028409255E";"430DC630";"";"";"";"";"2025-12-27 07:47:58.019"
91;56;"528409";"E2806995200050028408315E";"A20DB130";"";"";"";"";"2025-12-27 07:47:58.019"
91;56;"528410";"E2806995200050028404B964";"870DA530";"";"";"";"";"2025-12-27 07:47:58.019"
91;56;"528411";"E28069952000400284078D61";"970DBB30";"";"";"";"";"2025-12-27 07:47:58.019"
91;56;"528416";"E2806995200040028401BD61";"720DEC30";"";"";"";"";"2025-12-27 07:47:58.020"
91;56;"528417";"E2806995200040028401C55D";"9B0E0130";"";"";"";"";"2025-12-27 07:47:58.020"
91;56;"528418";"E2806995200050028407D55B";"770DFF30";"";"";"";"";"2025-12-27 07:47:58.020"
91;56;"528419";"E28069952000400284038964";"A40DD030";"";"";"";"";"2025-12-27 07:47:58.020"
91;56;"528420";"E28069952000500284036D5F";"450DCB30";"";"";"";"";"2025-12-27 07:47:58.020"
91;56;"528421";"E28069952000500284027160";"E50DC230";"";"";"";"";"2025-12-27 07:47:58.020"
91;56;"528422";"E28069952000500284078D5C";"0E0DB730";"";"";"";"";"2025-12-27 07:47:58.020"
91;56;"528423";"E28069952000500284045566";"490DC330";"";"";"";"";"2025-12-27 07:47:58.020"
91;56;"528424";"E28069952000500284015965";"850DC130";"";"";"";"";"2025-12-27 07:47:58.021"
91;56;"528425";"E2806995200050028401AD67";"5D0DD230";"";"";"";"";"2025-12-27 07:47:58.021"
91;56;"528426";"E28069952000400284022D5D";"1A0E0330";"";"";"";"";"2025-12-27 07:47:58.021"
91;56;"528428";"E2806995200040028401555E";"D00E0530";"";"";"";"";"2025-12-27 07:47:58.021"
91;56;"528429";"E2806995200040028402A967";"A20DD730";"";"";"";"";"2025-12-27 07:47:58.021"
91;56;"528431";"E2806995200050028402E964";"8C0DD530";"";"";"";"";"2025-12-27 07:47:58.023"
91;56;"528433";"E2806995200050028408F966";"780DC730";"";"";"";"";"2025-12-27 07:47:58.023"
91;56;"528435";"E28069952000500284095567";"A70DFA30";"";"";"";"";"2025-12-27 07:47:58.023"
91;56;"528436";"E28069952000400284076166";"3F0DF330";"";"";"";"";"2025-12-27 07:47:58.023"
91;56;"528437";"E2806995200040028404E965";"CC0DC430";"";"";"";"";"2025-12-27 07:47:58.023"
91;56;"528438";"E28069952000500284045960";"D70DEA30";"";"";"";"";"2025-12-27 07:47:58.024"
91;56;"528440";"E28069952000400284019D5C";"260DDE30";"";"";"";"";"2025-12-27 07:47:58.024"
91;56;"528441";"E2806995200050028409E162";"EB0DB330";"";"";"";"";"2025-12-27 07:47:58.024"
91;56;"528442";"E2806995200040028405E961";"1A0DD430";"";"";"";"";"2025-12-27 07:47:58.024"
91;56;"528443";"E2806995200040028401A561";"C90DD930";"";"";"";"";"2025-12-27 07:47:58.024"
91;56;"528444";"E2806995200040028402D965";"BC0DA230";"";"";"";"";"2025-12-27 07:47:58.024"
91;56;"528445";"E28069952000400284099965";"AB0DF830";"";"";"";"";"2025-12-27 07:47:58.024"
91;151;"528464";"E2806995200040028406A555";"BD0DFE30";"";"";"";"";"2025-12-27 07:47:58.495"
91;151;"528465";"E2806995200040028407B154";"1D0DBE30";"";"";"";"";"2025-12-27 07:47:58.495"
91;151;"528466";"E28069952000400284053154";"D30DF030";"";"";"";"";"2025-12-27 07:47:58.495"
91;151;"528467";"E2806995200050028407BD55";"C20DF530";"";"";"";"";"2025-12-27 07:47:58.495"
91;151;"528468";"E28069952000400284063154";"440DC930";"";"";"";"";"2025-12-27 07:47:58.495"
91;151;"528469";"E28069952000500284083154";"B90DCC30";"";"";"";"";"2025-12-27 07:47:58.495"
91;151;"528470";"E2806995200040028404C954";"250DFC30";"";"";"";"";"2025-12-27 07:47:58.496"
91;151;"528471";"E2806995200040028408B154";"E30DAB30";"";"";"";"";"2025-12-27 07:47:58.496"
91;151;"528472";"E2806995200050028406B154";"460DDD30";"";"";"";"";"2025-12-27 07:47:58.496"
91;151;"528473";"E28069952000500284084954";"750DA730";"";"";"";"";"2025-12-27 07:47:58.496"
91;151;"528474";"E28069952000500284093D55";"680DD130";"";"";"";"";"2025-12-27 07:47:58.496"
91;151;"528477";"E28069952000500284094D54";"780DAD30";"";"";"";"";"2025-12-27 07:47:58.496"
91;151;"528478";"E2806995200040028406B554";"BF0DE830";"";"";"";"";"2025-12-27 07:47:58.497"
91;151;"528479";"E2806995200040028409CD54";"200DD630";"";"";"";"";"2025-12-27 07:47:58.497"
91;151;"528480";"E28069952000400284064954";"2B0DB630";"";"";"";"";"2025-12-27 07:47:58.497"
91;151;"528481";"E2806995200040028409A555";"740DC030";"";"";"";"";"2025-12-27 07:47:58.497"
91;151;"528482";"E28069952000400284064554";"E30DED30";"";"";"";"";"2025-12-27 07:47:58.497"
91;151;"528483";"E2806995200040028407C954";"4A0DB030";"";"";"";"";"2025-12-27 07:47:58.497"
91;151;"528484";"E28069952000500284052D54";"520DE630";"";"";"";"";"2025-12-27 07:47:58.498"
91;151;"528485";"E2806995200050028404E95B";"910DA930";"";"";"";"";"2025-12-27 07:47:58.498"
91;151;"528486";"E2806995200050028407A555";"B20DA630";"";"";"";"";"2025-12-27 07:47:58.498"
91;151;"528487";"E2806995200050028405B154";"120DF230";"";"";"";"";"2025-12-27 07:47:58.498"
91;151;"528488";"E28069952000400284079554";"170DE030";"";"";"";"";"2025-12-27 07:47:58.498"
91;151;"528489";"E2806995200050028406B955";"A30DB530";"";"";"";"";"2025-12-27 07:47:58.498"
91;151;"528490";"E28069952000400284074D54";"250DAE30";"";"";"";"";"2025-12-27 07:47:58.498"
91;151;"528491";"E28069952000500284063D55";"C40DDB30";"";"";"";"";"2025-12-27 07:47:58.499"
91;151;"528492";"E28069952000400284093955";"5D0DA830";"";"";"";"";"2025-12-27 07:47:58.499"
91;151;"528493";"E28069952000400284082555";"8C0DBF30";"";"";"";"";"2025-12-27 07:47:58.499"
91;151;"528494";"E28069952000400284073554";"8F0DE330";"";"";"";"";"2025-12-27 07:47:58.499"
91;151;"528495";"E28069952000500284073154";"810DF930";"";"";"";"";"2025-12-27 07:47:58.499"
91;151;"528496";"E2806995200050028408BD55";"CF0DF730";"";"";"";"";"2025-12-27 07:47:58.499"
91;151;"528497";"E2806995200040028409BD55";"F20DB230";"";"";"";"";"2025-12-27 07:47:58.500"
91;151;"528498";"E2806995200050028407CD54";"470DB830";"";"";"";"";"2025-12-27 07:47:58.500"
91;151;"528499";"E2806995200050028407B554";"E10DBD30";"";"";"";"";"2025-12-27 07:47:58.500"
91;39;"528501";"E2806995200040028409B554";"98E7FB30";"";"";"";"";"2025-12-27 07:47:57.926"
91;39;"528502";"E2806995200040028408A155";"67E7E230";"";"";"";"";"2025-12-27 07:47:57.926"
91;39;"528504";"E28069952000400284083554";"AEE7D430";"";"";"";"";"2025-12-27 07:47:57.926"
91;39;"528505";"E28069952000400284094954";"9CE81830";"";"";"";"";"2025-12-27 07:47:57.926"
91;39;"528506";"E2806995200050028406C954";"91E81230";"";"";"";"";"2025-12-27 07:47:57.926"
91;63;"528507";"E28069952000400284072555";"67E7E030";"";"";"";"";"2025-12-27 07:47:58.052"
91;63;"528508";"E2806995200040028406BD55";"D7E80730";"";"";"";"";"2025-12-27 07:47:58.052"
91;63;"528509";"E2806995200050028409A155";"6AE81C30";"";"";"";"";"2025-12-27 07:47:58.052"
91;63;"528510";"E28069952000500284062D54";"D6E80B30";"";"";"";"";"2025-12-27 07:47:58.052"
91;63;"528511";"E2806995200050028406A155";"C5E80430";"";"";"";"";"2025-12-27 07:47:58.052"
91;63;"528512";"E2806995200040028407B955";"75E7EB30";"";"";"";"";"2025-12-27 07:47:58.052"
91;63;"528528";"E280699520005002840939FE";"DDE7F830";"";"";"";"";"2025-12-27 07:47:58.053"
91;63;"528529";"E280699520005002840819FE";"49E80330";"";"";"";"";"2025-12-27 07:47:58.053"
91;63;"528530";"E28069952000500284096153";"DAE7F730";"";"";"";"";"2025-12-27 07:47:58.053"
91;63;"528531";"E2806995200040028406D9FE";"CBE7E630";"";"";"";"";"2025-12-27 07:47:58.053"
91;39;"528538";"E280699520004002840525FE";"F1E7FE30";"";"";"";"";"2025-12-27 07:47:57.926"
91;39;"528539";"E2806995200040028408A9FE";"07E81030";"";"";"";"";"2025-12-27 07:47:57.927"
91;39;"528540";"E28069952000400284042D54";"E3E82A30";"";"";"";"";"2025-12-27 07:47:57.927"
91;39;"528541";"E28069952000400284081DFE";"B8E7FC30";"";"";"";"";"2025-12-27 07:47:57.927"
91;39;"528542";"E28069952000400284011D54";"C7E7D930";"";"";"";"";"2025-12-27 07:47:57.927"
91;39;"528543";"E28069952000400284023554";"51E7F330";"";"";"";"";"2025-12-27 07:47:57.927"
91;39;"528544";"E2806995200050028401A154";"46E80130";"";"";"";"";"2025-12-27 07:47:57.927"
91;39;"528545";"E2806995200040028406E5FE";"80E7E430";"";"";"";"";"2025-12-27 07:47:57.927"
91;39;"528547";"E2806995200050028403C554";"A7E82430";"";"";"";"";"2025-12-27 07:47:57.928"
91;39;"528549";"E280699520004002840481FE";"A6E7EF30";"";"";"";"";"2025-12-27 07:47:57.928"
91;63;"528550";"E28069952000500284089154";"5AE7D330";"";"";"";"";"2025-12-27 07:47:58.053"
91;63;"528552";"E2806995200050028400A554";"1DE82C30";"";"";"";"";"2025-12-27 07:47:58.053"
91;63;"528554";"E28069952000500284022954";"D2E7F930";"";"";"";"";"2025-12-27 07:47:58.054"
91;157;"528557";"E28069952000400284012154";"E6E80F30";"";"";"";"";"2025-12-27 07:47:58.525"
91;157;"528560";"E28069952000400284021D54";"00E7E330";"";"";"";"";"2025-12-27 07:47:58.525"
91;157;"528561";"E2806995200040028408F153";"52E80030";"";"";"";"";"2025-12-27 07:47:58.525"
91;157;"528562";"E28069952000500284095D53";"CCE80A30";"";"";"";"";"2025-12-27 07:47:58.526"
91;157;"528563";"E28069952000500284076D54";"9AE7F230";"";"";"";"";"2025-12-27 07:47:58.526"
91;157;"528564";"E2806995200050028401B954";"35E7FA30";"";"";"";"";"2025-12-27 07:47:58.526"
91;157;"528565";"E2806995200050028403A554";"13E7D630";"";"";"";"";"2025-12-27 07:47:58.526"
91;66;"528568";"E2806995200050028403B154";"C3E81630";"";"";"";"";"2025-12-27 07:47:58.069"
91;66;"528569";"E28069952000400284063955";"72E7CB30";"";"";"";"";"2025-12-27 07:47:58.069"
91;157;"528570";"E280699520004002840821FE";"A3E7FD30";"";"";"";"";"2025-12-27 07:47:58.526"
91;157;"528571";"E2806995200050028406ED54";"64E81330";"";"";"";"";"2025-12-27 07:47:58.526"
91;157;"528576";"E28069952000400284084D54";"0CE7E930";"";"";"";"";"2025-12-27 07:47:58.526"
91;157;"528577";"E2806995200050028401B554";"3DE81F30";"";"";"";"";"2025-12-27 07:47:58.527"
91;157;"528578";"E280699520005002840785FE";"64E81730";"";"";"";"";"2025-12-27 07:47:58.527"
91;39;"528581";"E2806995200040028408D5FC";"7EE7D830";"";"";"";"";"2025-12-27 07:47:57.928"
91;39;"528582";"E28069952000500284061DFD";"D1E82130";"";"";"";"";"2025-12-27 07:47:57.928"
91;39;"528583";"E28069952000400284032554";"72E7D230";"";"";"";"";"2025-12-27 07:47:57.928"
91;39;"528584";"E2806995200050028402C154";"5BE82530";"";"";"";"";"2025-12-27 07:47:57.928"
91;39;"528585";"E2806995200050028408A1FE";"59E82630";"";"";"";"";"2025-12-27 07:47:57.929"
91;39;"528586";"E2806995200040028407A155";"3BE7ED30";"";"";"";"";"2025-12-27 07:47:57.929"
91;39;"528587";"E2806995200050028408B554";"CFE7D030";"";"";"";"";"2025-12-27 07:47:57.929"
91;39;"528588";"E2806995200050028402AD54";"8EE7F430";"";"";"";"";"2025-12-27 07:47:57.929"
91;63;"528590";"E2806995200050028408CD54";"9DE7E830";"";"";"";"";"2025-12-27 07:47:58.054"
91;63;"528591";"E28069952000400284093154";"C0E7CE30";"";"";"";"";"2025-12-27 07:47:58.054"
91;63;"528593";"E2806995200040028404C554";"94E81D30";"";"";"";"";"2025-12-27 07:47:58.054"
91;63;"528594";"E280699520004002840881FD";"5FE82330";"";"";"";"";"2025-12-27 07:47:58.054"
91;63;"528595";"E2806995200050028408E1FC";"53E82730";"";"";"";"";"2025-12-27 07:47:58.054"
91;63;"528597";"E280699520005002840479FE";"03E7F030";"";"";"";"";"2025-12-27 07:47:58.055"
91;63;"528599";"E280699520004002840959FC";"D9E7D130";"";"";"";"";"2025-12-27 07:47:58.055"
91;63;"528600";"E2806995200040028402B1FE";"41E81E30";"";"";"";"";"2025-12-27 07:47:58.051"
91;172;"528601";"E28069952000500284056D5F";"A7E68930";"";"";"";"";"2025-12-27 07:47:58.590"
91;172;"528602";"E2806995200050028404D55E";"36E69D30";"";"";"";"";"2025-12-27 07:47:58.590"
91;172;"528603";"E2806995200050028400A15C";"1AE68530";"";"";"";"";"2025-12-27 07:47:58.590"
91;172;"528604";"E2806995200050028400D15E";"CAE64F30";"";"";"";"";"2025-12-27 07:47:58.590"
91;172;"528605";"E28069952000500284065D5F";"D9E66830";"";"";"";"";"2025-12-27 07:47:58.590"
91;172;"528606";"E28069952000500284095962";"81E66430";"";"";"";"";"2025-12-27 07:47:58.590"
91;172;"528607";"E28069952000500284076D5B";"46E64930";"";"";"";"";"2025-12-27 07:47:58.591"
91;172;"528608";"E2806995200040028400FD62";"29E64430";"";"";"";"";"2025-12-27 07:47:58.591"
91;172;"528609";"E28069952000500284054161";"FAE65830";"";"";"";"";"2025-12-27 07:47:58.591"
91;172;"528610";"E2806995200050028408DD60";"A4E67030";"";"";"";"";"2025-12-27 07:47:58.591"
91;172;"528611";"E2806995200050028401115F";"6EE64B30";"";"";"";"";"2025-12-27 07:47:58.591"
91;172;"528612";"E28069952000400284077566";"97E66730";"";"";"";"";"2025-12-27 07:47:58.591"
91;172;"528613";"E2806995200050028406895C";"BAE65930";"";"";"";"";"2025-12-27 07:47:58.591"
91;172;"528615";"E2806995200050028407AD5E";"A1E66C30";"";"";"";"";"2025-12-27 07:47:58.592"
91;172;"528618";"E2806995200050028401D166";"55E66D30";"";"";"";"";"2025-12-27 07:47:58.592"
91;172;"528619";"E28069952000400284095D64";"72E68730";"";"";"";"";"2025-12-27 07:47:58.592"
91;172;"528621";"E28069952000500284005961";"11E65230";"";"";"";"";"2025-12-27 07:47:58.592"
91;172;"528623";"E2806995200050028401055C";"8BE65B30";"";"";"";"";"2025-12-27 07:47:58.592"
91;172;"528625";"E2806995200050028401095C";"1AE67D30";"";"";"";"";"2025-12-27 07:47:58.592"
91;172;"528640";"E2806995200050028404D55B";"32E64230";"";"";"";"";"2025-12-27 07:47:58.592"
91;172;"528641";"E2806995200050028406195A";"A4E66030";"";"";"";"";"2025-12-27 07:47:58.592"
91;172;"528642";"E28069952000500284013D5B";"70E69130";"";"";"";"";"2025-12-27 07:47:58.593"
91;30;"528643";"E2806995200040028404ED58";"E8E65A30";"";"";"";"";"2025-12-27 07:47:57.874"
91;30;"528645";"E28069952000500284003D59";"FCE65430";"";"";"";"";"2025-12-27 07:47:57.874"
91;30;"528646";"E2806995200040028407ED57";"5DE66930";"";"";"";"";"2025-12-27 07:47:57.874"
91;88;"528648";"E28069952000400284046156";"2CE68330";"";"";"";"";"2025-12-27 07:47:58.189"
91;88;"528649";"E2806995200050028402F157";"D8E69430";"";"";"";"";"2025-12-27 07:47:58.189"
91;88;"528650";"E28069952000500284014D59";"C4E66130";"";"";"";"";"2025-12-27 07:47:58.189"
91;88;"528651";"E28069952000400284040558";"51E63D30";"";"";"";"";"2025-12-27 07:47:58.189"
91;88;"528652";"E28069952000400284018157";"26E67830";"";"";"";"";"2025-12-27 07:47:58.189"
91;88;"528653";"E2806995200050028400E959";"C0E68E30";"";"";"";"";"2025-12-27 07:47:58.189"
91;181;"528661";"E28069952000500284086956";"2BE69830";"";"";"";"";"2025-12-27 07:47:58.625"
91;181;"528662";"E28069952000500284050558";"68E64030";"";"";"";"";"2025-12-27 07:47:58.625"
91;181;"528663";"E2806995200050028407055A";"49E63E30";"";"";"";"";"2025-12-27 07:47:58.625"
91;181;"528664";"E2806995200040028400C959";"A8E68030";"";"";"";"";"2025-12-27 07:47:58.626"
91;181;"528665";"E28069952000500284039D5A";"3DE68C30";"";"";"";"";"2025-12-27 07:47:58.626"
91;181;"528666";"E28069952000500284078156";"57E66630";"";"";"";"";"2025-12-27 07:47:58.626"
91;181;"528667";"E2806995200050028408ED59";"51E64830";"";"";"";"";"2025-12-27 07:47:58.626"
91;181;"528668";"E28069952000400284052155";"35E64730";"";"";"";"";"2025-12-27 07:47:58.626"
91;181;"528669";"E2806995200040028404195A";"54E69C30";"";"";"";"";"2025-12-27 07:47:58.626"
91;181;"528670";"E28069952000400284038558";"6DE65630";"";"";"";"";"2025-12-27 07:47:58.627"
91;181;"528671";"E28069952000400284005559";"2BE68230";"";"";"";"";"2025-12-27 07:47:58.627"
91;181;"528672";"E2806995200040028401015A";"E9E65E30";"";"";"";"";"2025-12-27 07:47:58.627"
91;181;"528673";"E28069952000500284010157";"E7E69530";"";"";"";"";"2025-12-27 07:47:58.627"
91;181;"528674";"E28069952000500284047D56";"CFE68B30";"";"";"";"";"2025-12-27 07:47:58.627"
91;181;"528675";"E2806995200040028407015A";"29E67230";"";"";"";"";"2025-12-27 07:47:58.627"
91;181;"528676";"E28069952000500284030558";"FBE69230";"";"";"";"";"2025-12-27 07:47:58.627"
91;181;"528677";"E28069952000400284058557";"19E65330";"";"";"";"";"2025-12-27 07:47:58.628"
91;181;"528678";"E28069952000500284076D58";"29E64C30";"";"";"";"";"2025-12-27 07:47:58.628"
91;181;"528679";"E2806995200050028401E156";"29E66E30";"";"";"";"";"2025-12-27 07:47:58.628"
91;181;"528680";"E28069952000400284018158";"92E65130";"";"";"";"";"2025-12-27 07:47:58.628"
91;181;"528681";"E28069952000400284049D5A";"AEE65C30";"";"";"";"";"2025-12-27 07:47:58.628"
91;181;"528682";"E2806995200050028407995A";"36E67130";"";"";"";"";"2025-12-27 07:47:58.628"
91;181;"528683";"E28069952000500284057157";"7CE68830";"";"";"";"";"2025-12-27 07:47:58.628"
91;181;"528685";"E28069952000400284096956";"4AE69630";"";"";"";"";"2025-12-27 07:47:58.629"
91;181;"528686";"E28069952000400284040557";"B9E65F30";"";"";"";"";"2025-12-27 07:47:58.629"
91;181;"528687";"E28069952000500284030557";"19E67330";"";"";"";"";"2025-12-27 07:47:58.629"
91;181;"528688";"E28069952000500284018558";"5DE64130";"";"";"";"";"2025-12-27 07:47:58.629"
91;181;"528689";"E28069952000500284007D58";"9EE67A30";"";"";"";"";"2025-12-27 07:47:58.629"
91;181;"528690";"E28069952000500284017D5A";"46E66B30";"";"";"";"";"2025-12-27 07:47:58.629"
91;181;"528691";"E2806995200040028403815A";"8AE65030";"";"";"";"";"2025-12-27 07:47:58.630"
91;181;"528692";"E28069952000500284037157";"BDE64530";"";"";"";"";"2025-12-27 07:47:58.630"
91;181;"528693";"E2806995200050028403655B";"2FE66A30";"";"";"";"";"2025-12-27 07:47:58.630"
91;181;"528694";"E2806995200050028406E959";"64E67730";"";"";"";"";"2025-12-27 07:47:58.630"
91;181;"528695";"E28069952000500284018557";"79E66F30";"";"";"";"";"2025-12-27 07:47:58.630"
91;181;"528697";"E2806995200040028400295B";"5EE65730";"";"";"";"";"2025-12-27 07:47:58.631"
91;181;"528698";"E2806995200040028404D15B";"CAE67930";"";"";"";"";"2025-12-27 07:47:58.631"
91;110;"528701";"E2806995200050028406855A";"A30AEC30";"";"";"";"";"2025-12-27 07:47:58.297"
91;110;"528702";"E28069952000400284098557";"520B3330";"";"";"";"";"2025-12-27 07:47:58.297"
91;110;"528703";"E28069952000400284076957";"460AFC30";"";"";"";"";"2025-12-27 07:47:58.297"
91;110;"528704";"E28069952000400284058558";"DB0AED30";"";"";"";"";"2025-12-27 07:47:58.297"
91;110;"528705";"E2806995200040028404ED5B";"360B0630";"";"";"";"";"2025-12-27 07:47:58.297"
91;110;"528706";"E28069952000500284090558";"E60B1230";"";"";"";"";"2025-12-27 07:47:58.297"
91;110;"528707";"E28069952000400284096D58";"310B2B30";"";"";"";"";"2025-12-27 07:47:58.298"
91;110;"528708";"E28069952000400284042555";"D80B1930";"";"";"";"";"2025-12-27 07:47:58.298"
91;110;"528709";"E2806995200050028401E958";"A20AF630";"";"";"";"";"2025-12-27 07:47:58.298"
91;110;"528710";"E28069952000500284098157";"C80B1630";"";"";"";"";"2025-12-27 07:47:58.298"
91;110;"528711";"E2806995200040028408E956";"FC0B0030";"";"";"";"";"2025-12-27 07:47:58.298"
91;110;"528712";"E28069952000500284012156";"8B0B2730";"";"";"";"";"2025-12-27 07:47:58.298"
91;110;"528714";"E2806995200040028403ED59";"DB0B0830";"";"";"";"";"2025-12-27 07:47:58.298"
91;110;"528716";"E2806995200040028401E959";"D00B3230";"";"";"";"";"2025-12-27 07:47:58.299"
91;110;"528717";"E28069952000400284066959";"170B3E30";"";"";"";"";"2025-12-27 07:47:58.299"
91;110;"528718";"E28069952000500284016959";"760B1830";"";"";"";"";"2025-12-27 07:47:58.299"
91;110;"528719";"E28069952000400284090158";"8D0B3C30";"";"";"";"";"2025-12-27 07:47:58.299"
91;110;"528720";"E2806995200050028403855A";"550B1130";"";"";"";"";"2025-12-27 07:47:58.299"
91;110;"528721";"E28069952000500284038158";"D10B0730";"";"";"";"";"2025-12-27 07:47:58.299"
91;110;"528722";"E28069952000400284086957";"1C0B3730";"";"";"";"";"2025-12-27 07:47:58.321"
91;110;"528723";"E2806995200040028408D559";"560B1E30";"";"";"";"";"2025-12-27 07:47:58.322"
91;110;"528725";"E28069952000400284033D5B";"C10B3130";"";"";"";"";"2025-12-27 07:47:58.322"
91;110;"528726";"E28069952000500284096957";"DD0B3F30";"";"";"";"";"2025-12-27 07:47:58.322"
91;110;"528731";"E2806995200040028406815A";"030B4430";"";"";"";"";"2025-12-27 07:47:58.322"
91;110;"528732";"E2806995200040028405055A";"610AE830";"";"";"";"";"2025-12-27 07:47:58.323"
91;110;"528733";"E28069952000400284060158";"450B0C30";"";"";"";"";"2025-12-27 07:47:58.323"
91;110;"528734";"E28069952000500284050156";"B20B1A30";"";"";"";"";"2025-12-27 07:47:58.323"
91;110;"528735";"E28069952000500284020158";"B60B2530";"";"";"";"";"2025-12-27 07:47:58.323"
91;110;"528736";"E2806995200050028403195A";"750AE730";"";"";"";"";"2025-12-27 07:47:58.323"
91;110;"528741";"E28069952000500284027D56";"D10B4930";"";"";"";"";"2025-12-27 07:47:58.323"
91;110;"528742";"E2806995200050028405ED57";"7E0B3D30";"";"";"";"";"2025-12-27 07:47:58.323"
91;110;"528743";"E2806995200050028400ED58";"FC0B0D30";"";"";"";"";"2025-12-27 07:47:58.324"
91;110;"528744";"E2806995200050028409795F";"530B2430";"";"";"";"";"2025-12-27 07:47:58.324"
91;110;"528745";"E28069952000500284058158";"250AF230";"";"";"";"";"2025-12-27 07:47:58.324"
91;110;"528746";"E28069952000500284060156";"B20B0E30";"";"";"";"";"2025-12-27 07:47:58.324"
91;110;"528751";"E28069952000400284068156";"710AF030";"";"";"";"";"2025-12-27 07:47:58.324"
91;110;"528752";"E2806995200040028405ED56";"9A0B3A30";"";"";"";"";"2025-12-27 07:47:58.324"
91;110;"528753";"E2806995200040028401ED58";"5E0B1530";"";"";"";"";"2025-12-27 07:47:58.324"
91;110;"528754";"E2806995200040028403995A";"400B3830";"";"";"";"";"2025-12-27 07:47:58.324"
91;110;"528755";"E2806995200040028405D159";"530B3430";"";"";"";"";"2025-12-27 07:47:58.325"
91;110;"528756";"E2806995200050028404F157";"6F0B2E30";"";"";"";"";"2025-12-27 07:47:58.325"
91;110;"528757";"E2806995200040028409E958";"F90AF930";"";"";"";"";"2025-12-27 07:47:58.325"
91;110;"528761";"E2806995200050028400D559";"930B4230";"";"";"";"";"2025-12-27 07:47:58.325"
91;110;"528762";"E2806995200040028401D15B";"BB0AF830";"";"";"";"";"2025-12-27 07:47:58.325"
91;110;"528764";"E28069952000500284002555";"790B2F30";"";"";"";"";"2025-12-27 07:47:58.325"
91;110;"528765";"E2806995200040028409E957";"D90B0F30";"";"";"";"";"2025-12-27 07:47:58.326"
91;110;"528766";"E28069952000500284048957";"5D0B1430";"";"";"";"";"2025-12-27 07:47:58.326"
91;110;"528767";"E2806995200050028406ED5B";"A80B4330";"";"";"";"";"2025-12-27 07:47:58.326"
91;110;"528771";"E28069952000400284025D65";"4D0B2230";"";"";"";"";"2025-12-27 07:47:58.326"
91;110;"528772";"E2806995200050028409D960";"BD0AF330";"";"";"";"";"2025-12-27 07:47:58.326"
91;110;"528773";"E2806995200040028404E959";"740B3030";"";"";"";"";"2025-12-27 07:47:58.327"
91;110;"528774";"E2806995200040028400955A";"420B1F30";"";"";"";"";"2025-12-27 07:47:58.327"
91;110;"528775";"E28069952000400284068557";"5B0B0930";"";"";"";"";"2025-12-27 07:47:58.327"
91;110;"528777";"E28069952000500284050557";"C50B4630";"";"";"";"";"2025-12-27 07:47:58.327"
91;110;"528778";"E2806995200040028403D159";"0C0B4530";"";"";"";"";"2025-12-27 07:47:58.327"
91;110;"528780";"E2806995200040028406515B";"BF0B0230";"";"";"";"";"2025-12-27 07:47:58.327"
91;110;"528781";"E28069952000500284067157";"9E0B3B30";"";"";"";"";"2025-12-27 07:47:58.327"
91;110;"528782";"E2806995200050028405195A";"440B2030";"";"";"";"";"2025-12-27 07:47:58.328"
91;110;"528785";"E28069952000400284090556";"810AF730";"";"";"";"";"2025-12-27 07:47:58.328"
91;110;"528787";"E28069952000500284098956";"740B0330";"";"";"";"";"2025-12-27 07:47:58.328"
91;110;"528788";"E2806995200040028405995A";"B10AFB30";"";"";"";"";"2025-12-27 07:47:58.328"
91;110;"528789";"E2806995200050028405695B";"C60B4730";"";"";"";"";"2025-12-27 07:47:58.328"
91;110;"528792";"E2806995200050028409E959";"D80B2C30";"";"";"";"";"2025-12-27 07:47:58.328"
91;110;"528793";"E28069952000500284070158";"B70B1730";"";"";"";"";"2025-12-27 07:47:58.328"
91;110;"528794";"E2806995200050028400795A";"CE0B0130";"";"";"";"";"2025-12-27 07:47:58.329"
91;110;"528795";"E2806995200040028401395B";"5C0B2830";"";"";"";"";"2025-12-27 07:47:58.329"
91;110;"528796";"E28069952000500284088558";"280B4830";"";"";"";"";"2025-12-27 07:47:58.329"
91;89;"528801";"E2806995200050028403BDFD";"B1E86B30";"";"";"";"";"2025-12-27 07:47:58.192"
91;89;"528802";"E28069952000500284075DFD";"FFE87C30";"";"";"";"";"2025-12-27 07:47:58.192"
91;89;"528803";"E28069952000500284020DFE";"62E86630";"";"";"";"";"2025-12-27 07:47:58.192"
91;89;"528804";"E280699520004002840349FD";"82E87830";"";"";"";"";"2025-12-27 07:47:58.192"
91;89;"528805";"E280699520005002840961FC";"09E84230";"";"";"";"";"2025-12-27 07:47:58.192"
91;89;"528806";"E280699520005002840885FD";"3DE87330";"";"";"";"";"2025-12-27 07:47:58.193"
91;89;"528807";"E280699520004002840199FE";"16E83E30";"";"";"";"";"2025-12-27 07:47:58.193"
91;89;"528808";"E280699520005002840509FD";"6AE82F30";"";"";"";"";"2025-12-27 07:47:58.193"
91;89;"528809";"E280699520004002840625FD";"6AE86830";"";"";"";"";"2025-12-27 07:47:58.193"
91;89;"528810";"E280699520004002840405FE";"30E83030";"";"";"";"";"2025-12-27 07:47:58.193"
91;89;"528811";"E280699520005002840889FD";"C7E83530";"";"";"";"";"2025-12-27 07:47:58.193"
91;89;"528812";"E2806995200050028408DDFC";"E5E88930";"";"";"";"";"2025-12-27 07:47:58.194"
91;89;"528814";"E280699520005002840401FE";"52E86030";"";"";"";"";"2025-12-27 07:47:58.194"
91;89;"528816";"E280699520004002840925FD";"57E88430";"";"";"";"";"2025-12-27 07:47:58.194"
91;89;"528817";"E280699520005002840921FD";"F5E83F30";"";"";"";"";"2025-12-27 07:47:58.194"
91;89;"528819";"E28069952000500284091DFD";"D7E84130";"";"";"";"";"2025-12-27 07:47:58.194"
91;201;"528822";"E2806995200050028403D1FD";"9EE86930";"";"";"";"";"2025-12-27 07:47:58.730"
91;201;"528823";"E280699520004002840345FD";"21E84330";"";"";"";"";"2025-12-27 07:47:58.731"
91;201;"528824";"E2806995200050028400F5FE";"F7E88130";"";"";"";"";"2025-12-27 07:47:58.731"
91;89;"528826";"E280699520004002840469FD";"20E83430";"";"";"";"";"2025-12-27 07:47:58.194"
91;89;"528829";"E280699520005002840859FC";"16E83730";"";"";"";"";"2025-12-27 07:47:58.194"
91;89;"528832";"E2806995200040028400E9FD";"1CE84B30";"";"";"";"";"2025-12-27 07:47:58.195"
91;89;"528833";"E280699520005002840621FD";"66E86E30";"";"";"";"";"2025-12-27 07:47:58.195"
91;89;"528834";"E280699520004002840205FD";"C6E88B30";"";"";"";"";"2025-12-27 07:47:58.195"
91;89;"528835";"E2806995200050028402A1FD";"CDE83C30";"";"";"";"";"2025-12-27 07:47:58.195"
91;89;"528883";"E2806995200050028405C954";"3AE88D30";"";"";"";"";"2025-12-27 07:47:58.195"
91;89;"528884";"E2806995200040028405B9FE";"20E85930";"";"";"";"";"2025-12-27 07:47:58.196"
91;89;"528885";"E280699520004002840209FD";"02E87730";"";"";"";"";"2025-12-27 07:47:58.196"
91;89;"528886";"E2806995200050028405A9FD";"AAE85F30";"";"";"";"";"2025-12-27 07:47:58.196"
91;89;"528887";"E280699520005002840219FE";"4EE85130";"";"";"";"";"2025-12-27 07:47:58.196"
91;89;"528888";"E280699520005002840359FE";"5BE88030";"";"";"";"";"2025-12-27 07:47:58.196"
91;89;"528889";"E2806995200040028405A1FD";"91E85D30";"";"";"";"";"2025-12-27 07:47:58.196"
91;89;"528890";"E28069952000500284029DFD";"78E86F30";"";"";"";"";"2025-12-27 07:47:58.196"
91;89;"528891";"E2806995200040028408D9FC";"19E88A30";"";"";"";"";"2025-12-27 07:47:58.197"
91;89;"528892";"E280699520004002840765FD";"29E87130";"";"";"";"";"2025-12-27 07:47:58.197"
91;89;"528893";"E2806995200040028402A5FD";"C8E84430";"";"";"";"";"2025-12-27 07:47:58.197"
91;89;"528894";"E28069952000500284074954";"FEE84030";"";"";"";"";"2025-12-27 07:47:58.197"
91;72;"528901";"E280699520004002840955FC";"22E8CC30";"";"";"";"";"2025-12-27 07:47:58.105"
91;72;"528902";"E2806995200040028401D5FC";"E3E8A030";"";"";"";"";"2025-12-27 07:47:58.106"
91;72;"528903";"E280699520004002840851FC";"88E8EA30";"";"";"";"";"2025-12-27 07:47:58.106"
91;72;"528904";"E2806995200050028400C5FB";"74E8D030";"";"";"";"";"2025-12-27 07:47:58.106"
91;72;"528905";"E280699520005002840755FC";"20E89630";"";"";"";"";"2025-12-27 07:47:58.106"
91;72;"528906";"E280699520004002840355FC";"23E8BA30";"";"";"";"";"2025-12-27 07:47:58.106"
91;72;"528907";"E280699520005002840445FB";"8BE8B930";"";"";"";"";"2025-12-27 07:47:58.107"
91;72;"528908";"E2806995200040028404CDFC";"54E8E130";"";"";"";"";"2025-12-27 07:47:58.107"
91;72;"528909";"E2806995200050028402C1FB";"27E89930";"";"";"";"";"2025-12-27 07:47:58.107"
91;72;"528910";"E2806995200050028405D9FC";"2AE8CB30";"";"";"";"";"2025-12-27 07:47:58.107"
91;72;"528911";"E2806995200040028407D5FC";"46E8B830";"";"";"";"";"2025-12-27 07:47:58.107"
91;72;"528912";"E2806995200050028403D5FC";"48E8D230";"";"";"";"";"2025-12-27 07:47:58.107"
91;72;"528922";"E2806995200040028400C1FB";"79E8D830";"";"";"";"";"2025-12-27 07:47:58.108"
91;72;"528923";"E280699520005002840759FC";"11E8B630";"";"";"";"";"2025-12-27 07:47:58.108"
91;72;"528924";"E2806995200050028400D9FC";"47E8B330";"";"";"";"";"2025-12-27 07:47:58.108"
91;72;"528925";"E2806995200050028402D1FC";"85E8DC30";"";"";"";"";"2025-12-27 07:47:58.108"
91;72;"528926";"E280699520005002840259FC";"BEE8D630";"";"";"";"";"2025-12-27 07:47:58.108"
91;72;"528927";"E280699520005002840159FC";"BBE8F430";"";"";"";"";"2025-12-27 07:47:58.109"
91;72;"528928";"E280699520005002840145FB";"7DE8A430";"";"";"";"";"2025-12-27 07:47:58.109"
91;72;"528929";"E2806995200040028405D1FC";"EAE8AE30";"";"";"";"";"2025-12-27 07:47:58.109"
91;189;"528931";"E2806995200040028407CDFC";"9BE8AB30";"";"";"";"";"2025-12-27 07:47:58.669"
91;189;"528932";"E2806995200040028402C5FB";"7BE89C30";"";"";"";"";"2025-12-27 07:47:58.669"
91;189;"528933";"E28069952000500284024DFC";"32E8E730";"";"";"";"";"2025-12-27 07:47:58.669"
91;189;"528934";"E28069952000400284034DFC";"94E8C730";"";"";"";"";"2025-12-27 07:47:58.669"
91;189;"528935";"E28069952000500284074DFC";"AEE89430";"";"";"";"";"2025-12-27 07:47:58.669"
91;189;"528936";"E280699520005002840541FB";"87E8BD30";"";"";"";"";"2025-12-27 07:47:58.670"
91;189;"528937";"E280699520004002840251FC";"49E89830";"";"";"";"";"2025-12-27 07:47:58.670"
91;189;"528938";"E280699520004002840151FC";"D5E8C330";"";"";"";"";"2025-12-27 07:47:58.670"
91;28;"528951";"E280699520004002840555FC";"DAE8E930";"";"";"";"";"2025-12-27 07:47:57.860"
91;28;"528952";"E280699520005002840449FB";"77E8DB30";"";"";"";"";"2025-12-27 07:47:57.861"
91;28;"528953";"E28069952000500284034DFB";"26E8B230";"";"";"";"";"2025-12-27 07:47:57.861"
91;28;"528954";"E2806995200050028401C1FB";"1AE8CA30";"";"";"";"";"2025-12-27 07:47:57.861"
91;28;"528955";"E280699520005002840351FC";"BCE8A930";"";"";"";"";"2025-12-27 07:47:57.861"
91;28;"528956";"E28069952000500284014DFC";"65E8DA30";"";"";"";"";"2025-12-27 07:47:57.861"
91;109;"528957";"E280699520005002840255FC";"B5E89B30";"";"";"";"";"2025-12-27 07:47:58.296"
91;109;"528958";"E2806995200050028404C1FB";"BAE8F030";"";"";"";"";"2025-12-27 07:47:58.296"
91;109;"528959";"E2806995200050028401D1FC";"2CE8B030";"";"";"";"";"2025-12-27 07:47:58.296"
91;109;"528960";"E2806995200050028405CDFC";"90E8DF30";"";"";"";"";"2025-12-27 07:47:58.296"
91;109;"528961";"E280699520005002840455FC";"7AE8ED30";"";"";"";"";"2025-12-27 07:47:58.296"
91;109;"528962";"E2806995200040028400D1FC";"75E8CF30";"";"";"";"";"2025-12-27 07:47:58.297"
91;109;"528963";"E280699520004002840349FB";"48E8AA30";"";"";"";"";"2025-12-27 07:47:58.297"
91;175;"528970";"E28069952000500284044DFC";"C4E8EE30";"";"";"";"";"2025-12-27 07:47:58.604"
91;175;"528971";"E280699520004002840549FB";"45E8C430";"";"";"";"";"2025-12-27 07:47:58.604"
91;175;"528972";"E280699520005002840245FB";"47E8DD30";"";"";"";"";"2025-12-27 07:47:58.604"
91;175;"528973";"E2806995200050028400C9FB";"EFE89A30";"";"";"";"";"2025-12-27 07:47:58.604"
91;175;"528976";"E280699520004002840441FB";"47E8BB30";"";"";"";"";"2025-12-27 07:47:58.605"
91;175;"528977";"E2806995200040028402D9FC";"E7E8A330";"";"";"";"";"2025-12-27 07:47:58.605"
91;175;"528980";"E2806995200050028400CDFC";"3FE8BF30";"";"";"";"";"2025-12-27 07:47:58.605"
91;175;"528981";"E2806995200040028404D9FC";"EAE8CD30";"";"";"";"";"2025-12-27 07:47:58.605"
91;175;"528982";"E280699520005002840551FC";"46E8E830";"";"";"";"";"2025-12-27 07:47:58.605"
91;175;"528984";"E2806995200050028406D5FC";"7CE8D730";"";"";"";"";"2025-12-27 07:47:58.605"
91;175;"528987";"E28069952000400284085DFC";"D6E89230";"";"";"";"";"2025-12-27 07:47:58.605"
91;175;"528989";"E2806995200040028407D9FC";"2EE8E530";"";"";"";"";"2025-12-27 07:47:58.606"
91;174;"528991";"E28069952000400284064DFC";"53E8D530";"";"";"";"";"2025-12-27 07:47:58.603"
91;174;"528992";"E2806995200050028406CDFC";"FAE8A530";"";"";"";"";"2025-12-27 07:47:58.604"
91;174;"528993";"E28069952000400284054DFC";"30E8D130";"";"";"";"";"2025-12-27 07:47:58.604"
91;174;"528994";"E2806995200050028403C5FB";"4AE89130";"";"";"";"";"2025-12-27 07:47:58.604"
91;64;"528997";"E28069952000400284014DFB";"47E8A830";"";"";"";"";"2025-12-27 07:47:58.059"
91;64;"528998";"E2806995200050028408D5FB";"C8E8C030";"";"";"";"";"2025-12-27 07:47:58.059"
91;64;"528999";"E280699520005002840159F9";"16E8BC30";"";"";"";"";"2025-12-27 07:47:58.060"
91;64;"529000";"E280699520004002840635FA";"63E8A630";"";"";"";"";"2025-12-27 07:47:58.055"
91;33;"529001";"E28069952000500284076D57";"CF134330";"";"";"";"";"2025-12-27 07:47:57.885"
91;33;"529002";"E28069952000500284070157";"81134D30";"";"";"";"";"2025-12-27 07:47:57.885"
91;33;"529003";"E28069952000500284081D5C";"6D137E30";"";"";"";"";"2025-12-27 07:47:57.885"
91;33;"529004";"E2806995200050028401A161";"26136D30";"";"";"";"";"2025-12-27 07:47:57.885"
91;33;"529005";"E28069952000400284061D55";"80133930";"";"";"";"";"2025-12-27 07:47:57.888"
91;33;"529006";"E28069952000400284007562";"43137A30";"";"";"";"";"2025-12-27 07:47:57.888"
91;33;"529011";"E28069952000400284007958";"A7137230";"";"";"";"";"2025-12-27 07:47:57.888"
91;33;"529012";"E28069952000500284021D5C";"63135230";"";"";"";"";"2025-12-27 07:47:57.889"
91;33;"529013";"E2806995200050028401D159";"E5134030";"";"";"";"";"2025-12-27 07:47:57.889"
91;33;"529014";"E28069952000400284005960";"6B133F30";"";"";"";"";"2025-12-27 07:47:57.889"
91;33;"529015";"E2806995200040028406715F";"24134130";"";"";"";"";"2025-12-27 07:47:57.889"
91;33;"529016";"E28069952000500284005962";"BB135C30";"";"";"";"";"2025-12-27 07:47:57.889"
91;33;"529024";"E2806995200050028401995A";"67138230";"";"";"";"";"2025-12-27 07:47:57.889"
91;33;"529025";"E28069952000500284085167";"BB135B30";"";"";"";"";"2025-12-27 07:47:57.890"
91;33;"529026";"E2806995200050028405AD63";"CF136030";"";"";"";"";"2025-12-27 07:47:57.890"
91;33;"529027";"E2806995200040028404D560";"C1134C30";"";"";"";"";"2025-12-27 07:47:57.890"
91;33;"529028";"E2806995200050028402B95B";"2C135E30";"";"";"";"";"2025-12-27 07:47:57.890"
91;33;"529031";"E2806995200040028402195A";"C4138A30";"";"";"";"";"2025-12-27 07:47:57.890"
91;33;"529032";"E28069952000400284025D5F";"26133030";"";"";"";"";"2025-12-27 07:47:57.890"
91;33;"529033";"E2806995200050028402C15E";"E1133330";"";"";"";"";"2025-12-27 07:47:57.890"
91;33;"529034";"E28069952000500284072155";"FA133630";"";"";"";"";"2025-12-27 07:47:57.891"
91;33;"529035";"E2806995200050028401D55B";"04138D30";"";"";"";"";"2025-12-27 07:47:57.891"
91;33;"529036";"E2806995200050028405E959";"0E133430";"";"";"";"";"2025-12-27 07:47:57.891"
91;33;"529037";"E2806995200040028401BD5B";"18133D30";"";"";"";"";"2025-12-27 07:47:57.891"
91;33;"529038";"E28069952000500284036958";"75134E30";"";"";"";"";"2025-12-27 07:47:57.891"
91;33;"529041";"E2806995200040028404D559";"4B138F30";"";"";"";"";"2025-12-27 07:47:57.891"
91;33;"529042";"E2806995200050028401B95B";"DA136B30";"";"";"";"";"2025-12-27 07:47:57.891"
91;33;"529043";"E2806995200050028405D15B";"90132D30";"";"";"";"";"2025-12-27 07:47:57.891"
91;33;"529044";"E28069952000500284095159";"8D135430";"";"";"";"";"2025-12-27 07:47:57.892"
91;33;"529045";"E2806995200040028402015A";"1A138B30";"";"";"";"";"2025-12-27 07:47:57.892"
91;33;"529046";"E28069952000500284069D5A";"AD136130";"";"";"";"";"2025-12-27 07:47:57.892"
91;33;"529047";"E28069952000500284035159";"47134430";"";"";"";"";"2025-12-27 07:47:57.892"
91;33;"529051";"E2806995200050028403395B";"19136330";"";"";"";"";"2025-12-27 07:47:57.892"
91;33;"529052";"E2806995200040028402D164";"8B137730";"";"";"";"";"2025-12-27 07:47:57.892"
91;33;"529053";"E2806995200050028402E564";"A6133230";"";"";"";"";"2025-12-27 07:47:57.894"
91;33;"529054";"E28069952000400284050158";"97138730";"";"";"";"";"2025-12-27 07:47:57.894"
91;33;"529055";"E2806995200050028404055A";"13137C30";"";"";"";"";"2025-12-27 07:47:57.894"
91;33;"529056";"E2806995200040028400D166";"60138E30";"";"";"";"";"2025-12-27 07:47:57.894"
91;33;"529061";"E28069952000400284050963";"3F135F30";"";"";"";"";"2025-12-27 07:47:57.894"
91;33;"529062";"E28069952000400284036959";"36136530";"";"";"";"";"2025-12-27 07:47:57.895"
91;33;"529063";"E2806995200040028406E954";"FD134730";"";"";"";"";"2025-12-27 07:47:57.895"
91;33;"529064";"E28069952000400284098558";"65138830";"";"";"";"";"2025-12-27 07:47:57.895"
91;33;"529065";"E2806995200040028407195A";"C1138030";"";"";"";"";"2025-12-27 07:47:57.895"
91;33;"529066";"E28069952000400284016958";"BE133E30";"";"";"";"";"2025-12-27 07:47:57.895"
91;33;"529067";"E2806995200050028409215E";"CF136230";"";"";"";"";"2025-12-27 07:47:57.896"
91;33;"529068";"E2806995200040028404695B";"8F135030";"";"";"";"";"2025-12-27 07:47:57.896"
91;33;"529069";"E28069952000400284026156";"79134830";"";"";"";"";"2025-12-27 07:47:57.896"
91;33;"529070";"E2806995200050028405ED5B";"46136E30";"";"";"";"";"2025-12-27 07:47:57.896"
91;33;"529071";"E28069952000500284035967";"7C138130";"";"";"";"";"2025-12-27 07:47:57.896"
91;33;"529072";"E28069952000500284030957";"BC135530";"";"";"";"";"2025-12-27 07:47:57.896"
91;33;"529073";"E28069952000400284036559";"07134530";"";"";"";"";"2025-12-27 07:47:57.896"
91;33;"529074";"E28069952000400284010558";"5A135A30";"";"";"";"";"2025-12-27 07:47:57.896"
91;33;"529075";"E28069952000500284017D56";"CC137330";"";"";"";"";"2025-12-27 07:47:57.897"
91;33;"529076";"E28069952000400284051D5A";"6B135D30";"";"";"";"";"2025-12-27 07:47:57.897"
91;33;"529077";"E2806995200040028407E956";"B1138630";"";"";"";"";"2025-12-27 07:47:57.897"
91;33;"529078";"E2806995200050028405ED58";"EC135930";"";"";"";"";"2025-12-27 07:47:57.897"
91;33;"529079";"E2806995200050028402F956";"FE133C30";"";"";"";"";"2025-12-27 07:47:57.897"
91;33;"529080";"E28069952000400284070156";"90137930";"";"";"";"";"2025-12-27 07:47:57.897"
91;33;"529082";"E2806995200050028408E957";"69138C30";"";"";"";"";"2025-12-27 07:47:57.897"
91;33;"529083";"E28069952000400284076958";"E1134F30";"";"";"";"";"2025-12-27 07:47:57.898"
91;33;"529084";"E28069952000400284075159";"10135330";"";"";"";"";"2025-12-27 07:47:57.898"
91;33;"529085";"E2806995200040028401E559";"64134B30";"";"";"";"";"2025-12-27 07:47:57.898"
91;33;"529086";"E2806995200050028402515B";"99137130";"";"";"";"";"2025-12-27 07:47:57.898"
91;33;"529087";"E2806995200050028403015A";"19137430";"";"";"";"";"2025-12-27 07:47:57.898"
91;33;"529088";"E2806995200040028402E559";"31138530";"";"";"";"";"2025-12-27 07:47:57.898"
91;33;"529089";"E28069952000400284088158";"95132E30";"";"";"";"";"2025-12-27 07:47:57.898"
91;33;"529090";"E2806995200040028401555B";"C1135830";"";"";"";"";"2025-12-27 07:47:57.898"
91;33;"529091";"E28069952000500284065159";"D7137F30";"";"";"";"";"2025-12-27 07:47:57.899"
91;33;"529092";"E28069952000500284055159";"86136630";"";"";"";"";"2025-12-27 07:47:57.899"
91;33;"529093";"E28069952000400284003D5B";"29133830";"";"";"";"";"2025-12-27 07:47:57.899"
91;33;"529094";"E2806995200040028409ED56";"40136A30";"";"";"";"";"2025-12-27 07:47:57.899"
91;33;"529095";"E28069952000500284048557";"2A137B30";"";"";"";"";"2025-12-27 07:47:57.899"
91;33;"529096";"E2806995200050028402BD55";"B4134A30";"";"";"";"";"2025-12-27 07:47:57.899"
91;33;"529097";"E2806995200040028402D15B";"A8137630";"";"";"";"";"2025-12-27 07:47:57.899"
91;33;"529098";"E28069952000500284008157";"25135130";"";"";"";"";"2025-12-27 07:47:57.900"
91;33;"529099";"E2806995200040028400E958";"D1138330";"";"";"";"";"2025-12-27 07:47:57.900"
91;33;"529100";"E2806995200050028403E959";"62135630";"";"";"";"";"2025-12-27 07:47:57.885"
91;140;"529101";"E28069952000400284025159";"1F13DA30";"";"";"";"";"2025-12-27 07:47:58.457"
91;140;"529102";"E2806995200040028405E958";"1A13D930";"";"";"";"";"2025-12-27 07:47:58.457"
91;82;"529103";"E2806995200040028401FD5A";"DF13CC30";"";"";"";"";"2025-12-27 07:47:58.154"
91;82;"529104";"E28069952000400284037D56";"6513F230";"";"";"";"";"2025-12-27 07:47:58.154"
91;140;"529106";"E28069952000400284058156";"C2139730";"";"";"";"";"2025-12-27 07:47:58.458"
91;174;"529111";"E28069952000400284058957";"2A13B930";"";"";"";"";"2025-12-27 07:47:58.596"
91;174;"529112";"E28069952000400284026957";"AF13DC30";"";"";"";"";"2025-12-27 07:47:58.596"
91;174;"529113";"E28069952000400284085567";"2E13CB30";"";"";"";"";"2025-12-27 07:47:58.597"
91;174;"529115";"E2806995200040028406ED59";"A113DD30";"";"";"";"";"2025-12-27 07:47:58.597"
91;174;"529116";"E28069952000500284095D60";"3D13D530";"";"";"";"";"2025-12-27 07:47:58.597"
91;174;"529117";"E2806995200040028402395B";"1213EC30";"";"";"";"";"2025-12-27 07:47:58.597"
91;174;"529118";"E28069952000400284047956";"F4139F30";"";"";"";"";"2025-12-27 07:47:58.597"
91;174;"529121";"E28069952000400284004159";"5A13C930";"";"";"";"";"2025-12-27 07:47:58.597"
91;174;"529122";"E28069952000500284059D5A";"6213C430";"";"";"";"";"2025-12-27 07:47:58.597"
91;174;"529123";"E2806995200040028400FD57";"B313F430";"";"";"";"";"2025-12-27 07:47:58.598"
91;174;"529124";"E28069952000500284026559";"9E13D130";"";"";"";"";"2025-12-27 07:47:58.598"
91;174;"529125";"E2806995200040028402E959";"CA13CD30";"";"";"";"";"2025-12-27 07:47:58.598"
91;174;"529126";"E28069952000400284048158";"FD13E330";"";"";"";"";"2025-12-27 07:47:58.598"
91;6;"529127";"E2806995200050028405015A";"7613EB30";"";"";"";"";"2025-12-27 07:47:57.751"
91;90;"529128";"E2806995200040028404855A";"2A13E430";"";"";"";"";"2025-12-27 07:47:58.198"
91;115;"529132";"E2806995200040028407D559";"1C13B230";"";"";"";"";"2025-12-27 07:47:58.342"
91;115;"529133";"E28069952000500284096D59";"3913E630";"";"";"";"";"2025-12-27 07:47:58.342"
91;115;"529134";"E2806995200040028408ED58";"7A13C730";"";"";"";"";"2025-12-27 07:47:58.343"
91;115;"529136";"E2806995200050028403FD56";"3813BF30";"";"";"";"";"2025-12-27 07:47:58.343"
91;115;"529137";"E2806995200050028402955A";"3713BA30";"";"";"";"";"2025-12-27 07:47:58.343"
91;115;"529138";"E2806995200050028408D55B";"9D139830";"";"";"";"";"2025-12-27 07:47:58.343"
91;115;"529139";"E28069952000400284017956";"5D13DB30";"";"";"";"";"2025-12-27 07:47:58.343"
91;90;"529146";"E28069952000400284086D59";"CC13D730";"";"";"";"";"2025-12-27 07:47:58.198"
91;82;"529187";"E2806995200040028401A964";"1113C030";"";"";"";"";"2025-12-27 07:47:58.161"
91;82;"529188";"E28069952000500284016559";"9513A730";"";"";"";"";"2025-12-27 07:47:58.161"
91;54;"529191";"E28069952000400284032155";"5513BB30";"";"";"";"";"2025-12-27 07:47:58.015"
91;54;"529192";"E2806995200050028403ED5B";"8D13CF30";"";"";"";"";"2025-12-27 07:47:58.015"
91;54;"529193";"E2806995200040028409815C";"D713EE30";"";"";"";"";"2025-12-27 07:47:58.016"
91;54;"529194";"E2806995200050028400A156";"AE139D30";"";"";"";"";"2025-12-27 07:47:58.016"
91;54;"529195";"E2806995200050028401955A";"3D13C230";"";"";"";"";"2025-12-27 07:47:58.016"
91;54;"529196";"E2806995200040028402555B";"C213B130";"";"";"";"";"2025-12-27 07:47:58.016"
91;163;"529201";"E2806995200050028406C5FB";"5909AA30";"";"";"";"";"2025-12-27 07:47:58.553"
91;163;"529202";"E28069952000400284074DFB";"F6099D30";"";"";"";"";"2025-12-27 07:47:58.553"
91;163;"529203";"E2806995200050028400E5F9";"DA098C30";"";"";"";"";"2025-12-27 07:47:58.554"
91;163;"529204";"E2806995200040028406BDFA";"2B09A930";"";"";"";"";"2025-12-27 07:47:58.554"
91;163;"529205";"E2806995200050028400ADFA";"3D097A30";"";"";"";"";"2025-12-27 07:47:58.554"
91;163;"529206";"E280699520005002840465F9";"4809A130";"";"";"";"";"2025-12-27 07:47:58.554"
91;163;"529207";"E2806995200040028402ADFA";"CC098830";"";"";"";"";"2025-12-27 07:47:58.554"
91;163;"529208";"E280699520004002840231FA";"7B095C30";"";"";"";"";"2025-12-27 07:47:58.554"
91;163;"529209";"E280699520005002840765F9";"8C096630";"";"";"";"";"2025-12-27 07:47:58.555"
91;163;"529210";"E2806995200050028406E9F9";"18099330";"";"";"";"";"2025-12-27 07:47:58.555"
91;163;"529211";"E2806995200040028408E9F9";"B5099530";"";"";"";"";"2025-12-27 07:47:58.555"
91;163;"529212";"E2806995200040028402B9FA";"B4098430";"";"";"";"";"2025-12-27 07:47:58.555"
91;163;"529214";"E280699520004002840665F9";"8E099730";"";"";"";"";"2025-12-27 07:47:58.555"
91;163;"529215";"E2806995200050028402DDF9";"0F096A30";"";"";"";"";"2025-12-27 07:47:58.555"
91;163;"529216";"E2806995200040028408C9FB";"66097730";"";"";"";"";"2025-12-27 07:47:58.556"
91;163;"529217";"E280699520004002840935FA";"7A098930";"";"";"";"";"2025-12-27 07:47:58.556"
91;163;"529218";"E2806995200050028405E9F9";"2E09A230";"";"";"";"";"2025-12-27 07:47:58.556"
91;163;"529219";"E2806995200040028407E5F9";"BD098E30";"";"";"";"";"2025-12-27 07:47:58.556"
91;163;"529220";"E2806995200040028402E5F9";"BA099830";"";"";"";"";"2025-12-27 07:47:58.556"
91;163;"529221";"E2806995200040028407D1FB";"84099430";"";"";"";"";"2025-12-27 07:47:58.556"
91;163;"529222";"E280699520005002840439FA";"2409A330";"";"";"";"";"2025-12-27 07:47:58.557"
91;163;"529223";"E28069952000400284076DF9";"E3095F30";"";"";"";"";"2025-12-27 07:47:58.557"
91;163;"529224";"E2806995200040028401D9F9";"00098530";"";"";"";"";"2025-12-27 07:47:58.557"
91;163;"529225";"E280699520004002840461F9";"20097230";"";"";"";"";"2025-12-27 07:47:58.557"
91;163;"529226";"E280699520004002840365F9";"8A097C30";"";"";"";"";"2025-12-27 07:47:58.557"
91;163;"529227";"E2806995200050028403E5F9";"BF09AC30";"";"";"";"";"2025-12-27 07:47:58.557"
91;167;"529231";"E2806995200040028404B9FA";"73096D30";"";"";"";"";"2025-12-27 07:47:58.573"
91;167;"529232";"E2806995200050028401DDF9";"99095D30";"";"";"";"";"2025-12-27 07:47:58.573"
91;167;"529233";"E2806995200050028407CDFB";"65098030";"";"";"";"";"2025-12-27 07:47:58.574"
91;167;"529234";"E28069952000400284018DF8";"EE097530";"";"";"";"";"2025-12-27 07:47:58.574"
91;167;"529235";"E28069952000400284086DF9";"BC09AD30";"";"";"";"";"2025-12-27 07:47:58.574"
91;167;"529236";"E280699520004002840205F8";"E7099930";"";"";"";"";"2025-12-27 07:47:58.574"
91;167;"529237";"E2806995200040028408B5FA";"EA096B30";"";"";"";"";"2025-12-27 07:47:58.574"
91;167;"529238";"E280699520004002840369F9";"8F098A30";"";"";"";"";"2025-12-27 07:47:58.574"
91;164;"529251";"E2806995200040028401ADFA";"6E096930";"";"";"";"";"2025-12-27 07:47:58.558"
91;164;"529252";"E2806995200040028401E5F9";"EB098130";"";"";"";"";"2025-12-27 07:47:58.559"
91;164;"529253";"E2806995200040028402D9F9";"06095A30";"";"";"";"";"2025-12-27 07:47:58.559"
91;164;"529255";"E2806995200050028403B5FA";"73096830";"";"";"";"";"2025-12-27 07:47:58.559"
91;164;"529258";"E28069952000500284022DFA";"AE099E30";"";"";"";"";"2025-12-27 07:47:58.559"
91;164;"529259";"E2806995200050028402B1FA";"8C097B30";"";"";"";"";"2025-12-27 07:47:58.559"
91;164;"529261";"E2806995200040028403B1FA";"2C099030";"";"";"";"";"2025-12-27 07:47:58.559"
91;164;"529262";"E2806995200040028407E9F9";"1B098330";"";"";"";"";"2025-12-27 07:47:58.560"
91;164;"529263";"E280699520005002840331FA";"BB09B530";"";"";"";"";"2025-12-27 07:47:58.560"
91;164;"529266";"E280699520004002840161F9";"44099B30";"";"";"";"";"2025-12-27 07:47:58.560"
91;164;"529269";"E280699520005002840239FA";"1309A030";"";"";"";"";"2025-12-27 07:47:58.560"
91;164;"529270";"E2806995200050028408B1FA";"7309B330";"";"";"";"";"2025-12-27 07:47:58.560"
91;164;"529271";"E2806995200040028401B9FA";"E009AB30";"";"";"";"";"2025-12-27 07:47:58.560"
91;164;"529274";"E2806995200050028406B9FA";"81096230";"";"";"";"";"2025-12-27 07:47:58.561"
91;164;"529291";"E2806995200050028404B1FA";"4C09B830";"";"";"";"";"2025-12-27 07:47:58.561"
91;164;"529292";"E2806995200050028406D1FB";"8209B230";"";"";"";"";"2025-12-27 07:47:58.561"
91;164;"529293";"E280699520004002840649FB";"0C095730";"";"";"";"";"2025-12-27 07:47:58.561"
91;164;"529294";"E280699520005002840165F9";"DA098630";"";"";"";"";"2025-12-27 07:47:58.561"
91;164;"529295";"E2806995200050028406C9FB";"99096E30";"";"";"";"";"2025-12-27 07:47:58.561"
91;164;"529296";"E2806995200040028405EDF9";"D7097830";"";"";"";"";"2025-12-27 07:47:58.562"
91;164;"529297";"E280699520005002840735FA";"B4097030";"";"";"";"";"2025-12-27 07:47:58.562"
91;164;"529298";"E280699520004002840949FB";"F009B130";"";"";"";"";"2025-12-27 07:47:58.562"
91;164;"529299";"E2806995200050028405B5FA";"8209A430";"";"";"";"";"2025-12-27 07:47:58.562"
91;164;"529300";"E2806995200050028406B5FA";"13095630";"";"";"";"";"2025-12-27 07:47:58.558"
91;118;"529301";"E280699520005002840661F9";"410F4A30";"";"";"";"";"2025-12-27 07:47:58.357"
91;118;"529302";"E28069952000500284012DFA";"FA0F7C30";"";"";"";"";"2025-12-27 07:47:58.358"
91;118;"529303";"E2806995200040028408B9FA";"8D0F4E30";"";"";"";"";"2025-12-27 07:47:58.358"
91;118;"529304";"E2806995200050028406F1F9";"F20F8930";"";"";"";"";"2025-12-27 07:47:58.358"
91;118;"529305";"E2806995200040028400B1FA";"1E0F5430";"";"";"";"";"2025-12-27 07:47:58.358"
91;118;"529306";"E2806995200040028406EDF9";"440F5B30";"";"";"";"";"2025-12-27 07:47:58.358"
91;118;"529308";"E28069952000500284035DF9";"960F3B30";"";"";"";"";"2025-12-27 07:47:58.358"
91;118;"529309";"E28069952000500284064DFB";"070F5930";"";"";"";"";"2025-12-27 07:47:58.358"
91;118;"529310";"E280699520004002840131FA";"2A0F8830";"";"";"";"";"2025-12-27 07:47:58.359"
91;118;"529311";"E2806995200050028403E9F9";"DF0F4C30";"";"";"";"";"2025-12-27 07:47:58.359"
91;118;"529312";"E2806995200050028407BDFA";"DB0F6330";"";"";"";"";"2025-12-27 07:47:58.359"
91;118;"529313";"E28069952000500284054DFB";"A30F7330";"";"";"";"";"2025-12-27 07:47:58.359"
91;118;"529314";"E280699520005002840265F9";"7F0F6F30";"";"";"";"";"2025-12-27 07:47:58.359"
91;118;"529316";"E2806995200050028408BDFA";"840F9130";"";"";"";"";"2025-12-27 07:47:58.359"
91;118;"529319";"E2806995200050028400D9F9";"590F3730";"";"";"";"";"2025-12-27 07:47:58.360"
91;118;"529320";"E2806995200040028404E5F9";"E70F3830";"";"";"";"";"2025-12-27 07:47:58.360"
91;118;"529321";"E280699520004002840939FA";"4A0F8530";"";"";"";"";"2025-12-27 07:47:58.360"
91;118;"529322";"E280699520005002840739FA";"D30F5530";"";"";"";"";"2025-12-27 07:47:58.360"
91;118;"529323";"E280699520004002840569F9";"BB0F5630";"";"";"";"";"2025-12-27 07:47:58.360"
91;118;"529324";"E28069952000400284046DF9";"100F7E30";"";"";"";"";"2025-12-27 07:47:58.360"
91;118;"529325";"E2806995200050028406E5F9";"BA0F6B30";"";"";"";"";"2025-12-27 07:47:58.360"
91;118;"529326";"E280699520005002840435FA";"7D0F3C30";"";"";"";"";"2025-12-27 07:47:58.361"
91;118;"529330";"E2806995200040028404E9F9";"2F0F8C30";"";"";"";"";"2025-12-27 07:47:58.361"
91;77;"529371";"E2806995200050028402F9F6";"DF0F6930";"";"";"";"";"2025-12-27 07:47:58.135"
91;77;"529372";"E28069952000500284040DF7";"0C0F6D30";"";"";"";"";"2025-12-27 07:47:58.135"
91;77;"529373";"E280699520004002840885F6";"7C0F8330";"";"";"";"";"2025-12-27 07:47:58.135"
91;77;"529374";"E28069952000500284078DF5";"240F6730";"";"";"";"";"2025-12-27 07:47:58.135"
91;77;"529375";"E280699520005002840189F7";"670F7730";"";"";"";"";"2025-12-27 07:47:58.135"
91;77;"529376";"E280699520004002840905F6";"2C0F8A30";"";"";"";"";"2025-12-27 07:47:58.135"
91;77;"529377";"E280699520004002840381F6";"1F0F4830";"";"";"";"";"2025-12-27 07:47:58.135"
91;77;"529378";"E280699520004002840901F7";"970F7530";"";"";"";"";"2025-12-27 07:47:58.136"
91;77;"529379";"E280699520004002840389F8";"B00F5830";"";"";"";"";"2025-12-27 07:47:58.136"
91;77;"529380";"E280699520005002840849FB";"C10F7130";"";"";"";"";"2025-12-27 07:47:58.136"
91;77;"529381";"E2806995200040028403E1F9";"B40F4D30";"";"";"";"";"2025-12-27 07:47:58.136"
91;77;"529382";"E28069952000400284090DF7";"F00F7230";"";"";"";"";"2025-12-27 07:47:58.136"
91;77;"529383";"E2806995200040028408F1F9";"990F4030";"";"";"";"";"2025-12-27 07:47:58.136"
91;77;"529384";"E280699520004002840785F6";"870F4F30";"";"";"";"";"2025-12-27 07:47:58.136"
91;77;"529386";"E280699520004002840189F5";"490F4530";"";"";"";"";"2025-12-27 07:47:58.137"
91;77;"529387";"E28069952000400284028DF8";"D90F8730";"";"";"";"";"2025-12-27 07:47:58.137"
91;77;"529388";"E28069952000400284080DF5";"460F3530";"";"";"";"";"2025-12-27 07:47:58.137"
91;77;"529389";"E28069952000400284048DF8";"B90F4230";"";"";"";"";"2025-12-27 07:47:58.137"
91;77;"529390";"E280699520005002840531FA";"2F0F8030";"";"";"";"";"2025-12-27 07:47:58.137"
91;77;"529391";"E280699520004002840711F8";"AB0F5D30";"";"";"";"";"2025-12-27 07:47:58.137"
91;77;"529392";"E2806995200040028407B9FA";"830F5E30";"";"";"";"";"2025-12-27 07:47:58.137"
91;77;"529393";"E280699520005002840745FB";"570F3930";"";"";"";"";"2025-12-27 07:47:58.138"
91;77;"529394";"E2806995200040028405E1F9";"870F7630";"";"";"";"";"2025-12-27 07:47:58.138"
91;77;"529395";"E28069952000500284066DF9";"710F8B30";"";"";"";"";"2025-12-27 07:47:58.138"
91;77;"529396";"E28069952000400284097DF6";"EC0F4630";"";"";"";"";"2025-12-27 07:47:58.138"
91;77;"529397";"E280699520005002840749FB";"0F0F6530";"";"";"";"";"2025-12-27 07:47:58.138"
91;77;"529398";"E280699520005002840309F7";"F70F6E30";"";"";"";"";"2025-12-27 07:47:58.139"
91;77;"529399";"E280699520004002840585F7";"C50F9330";"";"";"";"";"2025-12-27 07:47:58.139"
91;137;"529401";"E28069952000500284056958";"9008C330";"";"";"";"";"2025-12-27 07:47:58.443"
91;137;"529402";"E2806995200040028408E959";"E008A130";"";"";"";"";"2025-12-27 07:47:58.443"
91;137;"529403";"E28069952000400284078556";"1B08CC30";"";"";"";"";"2025-12-27 07:47:58.443"
91;137;"529404";"E28069952000500284079154";"DE08E730";"";"";"";"";"2025-12-27 07:47:58.444"
91;137;"529405";"E28069952000400284005959";"53089F30";"";"";"";"";"2025-12-27 07:47:58.444"
91;137;"529406";"E2806995200050028406FD5F";"A108C130";"";"";"";"";"2025-12-27 07:47:58.444"
91;137;"529407";"E2806995200050028405D560";"B808A430";"";"";"";"";"2025-12-27 07:47:58.444"
91;137;"529408";"E28069952000400284028158";"7708D930";"";"";"";"";"2025-12-27 07:47:58.444"
91;137;"529409";"E28069952000400284066D58";"C608BE30";"";"";"";"";"2025-12-27 07:47:58.444"
91;137;"529410";"E28069952000400284070558";"2408B230";"";"";"";"";"2025-12-27 07:47:58.445"
91;137;"529411";"E2806995200050028401F956";"1C08A730";"";"";"";"";"2025-12-27 07:47:58.445"
91;143;"529413";"E2806995200040028402B15D";"06089130";"";"";"";"";"2025-12-27 07:47:58.469"
91;137;"529415";"E2806995200040028406995A";"4D08BC30";"";"";"";"";"2025-12-27 07:47:58.445"
91;137;"529416";"E2806995200050028403ED57";"D308AB30";"";"";"";"";"2025-12-27 07:47:58.445"
91;137;"529417";"E28069952000400284053555";"05089730";"";"";"";"";"2025-12-27 07:47:58.445"
91;137;"529418";"E2806995200050028409ED58";"3C089B30";"";"";"";"";"2025-12-27 07:47:58.445"
91;137;"529419";"E2806995200050028403ED58";"F008AF30";"";"";"";"";"2025-12-27 07:47:58.446"
91;137;"529420";"E28069952000500284005957";"0C08EB30";"";"";"";"";"2025-12-27 07:47:58.446"
91;143;"529421";"E28069952000400284080558";"8108C630";"";"";"";"";"2025-12-27 07:47:58.470"
91;137;"529422";"E28069952000400284046D59";"B908CA30";"";"";"";"";"2025-12-27 07:47:58.446"
91;137;"529423";"E2806995200040028407A961";"3D08D030";"";"";"";"";"2025-12-27 07:47:58.446"
91;143;"529424";"E2806995200050028402D55B";"E008DD30";"";"";"";"";"2025-12-27 07:47:58.470"
91;137;"529425";"E28069952000500284040158";"2108DE30";"";"";"";"";"2025-12-27 07:47:58.446"
91;166;"529426";"E2806995200050028401515B";"7D08CE30";"";"";"";"";"2025-12-27 07:47:58.568"
91;166;"529428";"E28069952000500284058556";"26089D30";"";"";"";"";"2025-12-27 07:47:58.568"
91;28;"529431";"E28069952000400284076D56";"97089C30";"";"";"";"";"2025-12-27 07:47:57.859"
91;28;"529432";"E28069952000500284056D59";"4A08DF30";"";"";"";"";"2025-12-27 07:47:57.859"
91;28;"529433";"E2806995200050028404D95D";"B608A830";"";"";"";"";"2025-12-27 07:47:57.859"
91;28;"529434";"E2806995200050028400B956";"0708CD30";"";"";"";"";"2025-12-27 07:47:57.860"
91;28;"529435";"E28069952000400284027956";"BC08BD30";"";"";"";"";"2025-12-27 07:47:57.860"
91;28;"529436";"E2806995200050028403A155";"2308EC30";"";"";"";"";"2025-12-27 07:47:57.860"
91;28;"529437";"E2806995200050028408ED56";"3F08A630";"";"";"";"";"2025-12-27 07:47:57.860"
91;28;"529438";"E2806995200040028400B55B";"3808C930";"";"";"";"";"2025-12-27 07:47:57.860"
91;167;"529451";"E2806995200050028407E958";"3508ED30";"";"";"";"";"2025-12-27 07:47:58.574"
91;167;"529452";"E2806995200040028401195A";"D508E930";"";"";"";"";"2025-12-27 07:47:58.575"
91;167;"529453";"E2806995200040028403BD55";"3108EF30";"";"";"";"";"2025-12-27 07:47:58.575"
91;167;"529454";"E28069952000500284098158";"ED08C830";"";"";"";"";"2025-12-27 07:47:58.575"
91;167;"529455";"E2806995200050028405E956";"3108EE30";"";"";"";"";"2025-12-27 07:47:58.575"
91;167;"529456";"E2806995200050028406D559";"F708AE30";"";"";"";"";"2025-12-27 07:47:58.575"
91;167;"529457";"E2806995200050028400755A";"6E08D630";"";"";"";"";"2025-12-27 07:47:58.575"
91;167;"529459";"E2806995200050028400415B";"3C08F130";"";"";"";"";"2025-12-27 07:47:58.575"
91;167;"529462";"E28069952000500284026556";"9608CF30";"";"";"";"";"2025-12-27 07:47:58.576"
91;167;"529464";"E2806995200050028405D559";"3808E430";"";"";"";"";"2025-12-27 07:47:58.576"
91;167;"529466";"E2806995200050028400FD5A";"F208F030";"";"";"";"";"2025-12-27 07:47:58.576"
91;197;"529469";"E2806995200040028403E95B";"F7089630";"";"";"";"";"2025-12-27 07:47:58.710"
91;197;"529470";"E2806995200050028404815A";"3F08E530";"";"";"";"";"2025-12-27 07:47:58.710"
91;197;"529471";"E28069952000500284024D59";"DA088E30";"";"";"";"";"2025-12-27 07:47:58.710"
91;197;"529472";"E28069952000500284085559";"C008CB30";"";"";"";"";"2025-12-27 07:47:58.710"
91;197;"529473";"E28069952000400284061D5A";"D008BB30";"";"";"";"";"2025-12-27 07:47:58.710"
91;197;"529474";"E2806995200050028400D15B";"23089330";"";"";"";"";"2025-12-27 07:47:58.711"
91;197;"529475";"E2806995200050028403595B";"7208E330";"";"";"";"";"2025-12-27 07:47:58.711"
91;197;"529476";"E28069952000400284031D5A";"2B08E030";"";"";"";"";"2025-12-27 07:47:58.711"
91;197;"529477";"E28069952000500284068556";"4208B330";"";"";"";"";"2025-12-27 07:47:58.711"
91;197;"529478";"E2806995200050028409ED57";"1008C530";"";"";"";"";"2025-12-27 07:47:58.711"
91;197;"529479";"E2806995200040028404555B";"2D08BF30";"";"";"";"";"2025-12-27 07:47:58.712"
91;197;"529480";"E28069952000500284096958";"AD08D430";"";"";"";"";"2025-12-27 07:47:58.712"
91;197;"529481";"E2806995200040028402CD59";"EC08A330";"";"";"";"";"2025-12-27 07:47:58.712"
91;197;"529482";"E2806995200050028408D159";"CA08E130";"";"";"";"";"2025-12-27 07:47:58.712"
91;197;"529483";"E28069952000500284046D57";"E708B030";"";"";"";"";"2025-12-27 07:47:58.712"
91;197;"529484";"E28069952000400284096959";"44089530";"";"";"";"";"2025-12-27 07:47:58.712"
91;58;"529485";"E2806995200050028408995C";"D508D830";"";"";"";"";"2025-12-27 07:47:58.033"
91;58;"529486";"E28069952000400284020558";"2208AA30";"";"";"";"";"2025-12-27 07:47:58.033"
91;58;"529487";"E2806995200040028401B955";"5308A930";"";"";"";"";"2025-12-27 07:47:58.033"
91;58;"529488";"E2806995200040028402BD5B";"5A08A030";"";"";"";"";"2025-12-27 07:47:58.033"
91;58;"529489";"E2806995200050028407815A";"A5089A30";"";"";"";"";"2025-12-27 07:47:58.033"
91;89;"529496";"E2806995200050028404995A";"7508DB30";"";"";"";"";"2025-12-27 07:47:58.197"
91;89;"529497";"E2806995200040028402ED57";"7A08D130";"";"";"";"";"2025-12-27 07:47:58.197"
91;89;"529498";"E2806995200040028404B955";"F508B730";"";"";"";"";"2025-12-27 07:47:58.197"
91;89;"529499";"E2806995200040028401E556";"A708DC30";"";"";"";"";"2025-12-27 07:47:58.198"
91;89;"529500";"E28069952000400284088157";"90089930";"";"";"";"";"2025-12-27 07:47:58.192"
91;134;"529501";"E28069952000400284010561";"271DEC30";"";"";"";"";"2025-12-27 07:47:58.432"
91;134;"529502";"E2806995200050028405D960";"021DC230";"";"";"";"";"2025-12-27 07:47:58.432"
91;134;"529503";"E2806995200040028403D55B";"A71DD530";"";"";"";"";"2025-12-27 07:47:58.432"
91;134;"529504";"E28069952000500284010158";"F31DD930";"";"";"";"";"2025-12-27 07:47:58.432"
91;134;"529505";"E28069952000400284085159";"2D1DE530";"";"";"";"";"2025-12-27 07:47:58.433"
91;134;"529506";"E2806995200050028408E958";"D81DC930";"";"";"";"";"2025-12-27 07:47:58.433"
91;134;"529507";"E28069952000500284016556";"801DDC30";"";"";"";"";"2025-12-27 07:47:58.433"
91;134;"529508";"E2806995200050028406015A";"B81DF530";"";"";"";"";"2025-12-27 07:47:58.433"
91;134;"529509";"E28069952000500284046D5B";"E11DFD30";"";"";"";"";"2025-12-27 07:47:58.433"
91;134;"529510";"E28069952000400284047157";"8E1E0E30";"";"";"";"";"2025-12-27 07:47:58.433"
91;134;"529512";"E2806995200040028403F157";"1B1DE330";"";"";"";"";"2025-12-27 07:47:58.434"
91;134;"529513";"E28069952000500284045559";"2D1E0530";"";"";"";"";"2025-12-27 07:47:58.434"
91;134;"529514";"E2806995200040028403215C";"B71DBA30";"";"";"";"";"2025-12-27 07:47:58.434"
91;134;"529515";"E28069952000500284023955";"891E0030";"";"";"";"";"2025-12-27 07:47:58.434"
91;134;"529516";"E2806995200050028408115F";"301DFC30";"";"";"";"";"2025-12-27 07:47:58.434"
91;134;"529517";"E2806995200040028407855F";"B41DF130";"";"";"";"";"2025-12-27 07:47:58.434"
91;134;"529518";"E28069952000500284023D5B";"B11E1230";"";"";"";"";"2025-12-27 07:47:58.435"
91;134;"529519";"E2806995200050028404E958";"261DC830";"";"";"";"";"2025-12-27 07:47:58.435"
91;134;"529521";"E28069952000400284013D55";"E71DF230";"";"";"";"";"2025-12-27 07:47:58.435"
91;134;"529522";"E28069952000500284041D5C";"C21DC730";"";"";"";"";"2025-12-27 07:47:58.435"
91;134;"529523";"E2806995200050028400C55D";"ED1DCB30";"";"";"";"";"2025-12-27 07:47:58.435"
91;134;"529524";"E2806995200050028405895C";"EE1DFA30";"";"";"";"";"2025-12-27 07:47:58.435"
91;134;"529525";"E28069952000400284079D5C";"C21DDB30";"";"";"";"";"2025-12-27 07:47:58.436"
91;134;"529526";"E28069952000400284042161";"471DE030";"";"";"";"";"2025-12-27 07:47:58.436"
91;134;"529527";"E2806995200040028403E958";"871DEA30";"";"";"";"";"2025-12-27 07:47:58.436"
91;134;"529528";"E28069952000500284006558";"221DE930";"";"";"";"";"2025-12-27 07:47:58.436"
91;134;"529529";"E28069952000400284002D56";"981DC530";"";"";"";"";"2025-12-27 07:47:58.436"
91;109;"529532";"E2806995200040028409E166";"D21DEE30";"";"";"";"";"2025-12-27 07:47:58.295"
91;109;"529533";"E28069952000500284070556";"A81DF330";"";"";"";"";"2025-12-27 07:47:58.295"
91;109;"529534";"E28069952000400284012D5D";"AB1E0F30";"";"";"";"";"2025-12-27 07:47:58.296"
91;109;"529535";"E28069952000400284083962";"5C1DDE30";"";"";"";"";"2025-12-27 07:47:58.296"
91;81;"529537";"E28069952000400284060556";"0A1E1530";"";"";"";"";"2025-12-27 07:47:58.149"
91;81;"529538";"E2806995200040028404A15C";"BC1E0430";"";"";"";"";"2025-12-27 07:47:58.149"
91;81;"529539";"E2806995200050028405F95D";"921DCC30";"";"";"";"";"2025-12-27 07:47:58.150"
91;147;"529551";"E28069952000500284048DF5";"AA1DC130";"";"";"";"";"2025-12-27 07:47:58.481"
91;147;"529552";"E280699520005002840495F5";"211E0B30";"";"";"";"";"2025-12-27 07:47:58.481"
91;147;"529553";"E280699520004002840089F8";"6E1E0330";"";"";"";"";"2025-12-27 07:47:58.481"
91;147;"529554";"E280699520004002840971F9";"271DF930";"";"";"";"";"2025-12-27 07:47:58.481"
91;147;"529555";"E280699520004002840091F8";"131DE830";"";"";"";"";"2025-12-27 07:47:58.482"
91;147;"529556";"E280699520004002840191F5";"181DF830";"";"";"";"";"2025-12-27 07:47:58.482"
91;147;"529557";"E28069952000500284027DF6";"CE1DC030";"";"";"";"";"2025-12-27 07:47:58.482"
91;147;"529558";"E280699520004002840475F6";"361E0230";"";"";"";"";"2025-12-27 07:47:58.482"
91;147;"529559";"E280699520004002840919F8";"D51DCD30";"";"";"";"";"2025-12-27 07:47:58.482"
91;147;"529560";"E2806995200050028408F5F9";"4B1E0930";"";"";"";"";"2025-12-27 07:47:58.482"
91;147;"529561";"E28069952000500284020DF8";"321DE630";"";"";"";"";"2025-12-27 07:47:58.483"
91;147;"529562";"E2806995200050028404F9F6";"001DFE30";"";"";"";"";"2025-12-27 07:47:58.483"
91;147;"529564";"E280699520005002840285F8";"AB1E0830";"";"";"";"";"2025-12-27 07:47:58.483"
91;147;"529566";"E28069952000400284027DF7";"DC1E1830";"";"";"";"";"2025-12-27 07:47:58.483"
91;147;"529567";"E280699520004002840779F6";"A21E0630";"";"";"";"";"2025-12-27 07:47:58.483"
91;147;"529568";"E280699520005002840781F6";"941E0C30";"";"";"";"";"2025-12-27 07:47:58.484"
91;147;"529569";"E280699520004002840981F6";"9C1DC430";"";"";"";"";"2025-12-27 07:47:58.484"
91;147;"529570";"E280699520004002840309F5";"C91DBD30";"";"";"";"";"2025-12-27 07:47:58.484"
91;143;"529586";"E280699520005002840209F5";"F61DE430";"";"";"";"";"2025-12-27 07:47:58.471"
91;143;"529587";"E280699520005002840609F8";"0A1E1930";"";"";"";"";"2025-12-27 07:47:58.471"
91;143;"529588";"E28069952000400284058DF5";"6D1DED30";"";"";"";"";"2025-12-27 07:47:58.471"
91;143;"529589";"E280699520005002840911F8";"8F1DC330";"";"";"";"";"2025-12-27 07:47:58.471"
91;143;"529590";"E28069952000500284010DF8";"001E1130";"";"";"";"";"2025-12-27 07:47:58.471"
91;143;"529592";"E280699520005002840491F8";"781DB630";"";"";"";"";"2025-12-27 07:47:58.472"
91;143;"529595";"E280699520005002840789F7";"2A1DFB30";"";"";"";"";"2025-12-27 07:47:58.472"
91;143;"529596";"E280699520005002840905F7";"461DD030";"";"";"";"";"2025-12-27 07:47:58.472"
91;143;"529597";"E280699520005002840909F7";"E11DD330";"";"";"";"";"2025-12-27 07:47:58.472"
91;143;"529598";"E2806995200050028401FDF7";"D11DBC30";"";"";"";"";"2025-12-27 07:47:58.472"
91;143;"529599";"E280699520005002840189F8";"FD1E1430";"";"";"";"";"2025-12-27 07:47:58.472"
91;54;"529601";"E28069952000500284068DF8";"EC0E6E30";"";"";"";"";"2025-12-27 07:47:57.994"
91;54;"529602";"E280699520005002840751FB";"760EA830";"";"";"";"";"2025-12-27 07:47:57.994"
91;54;"529603";"E280699520005002840289F8";"B00EBA30";"";"";"";"";"2025-12-27 07:47:57.994"
91;54;"529604";"E28069952000400284020DF5";"170EA030";"";"";"";"";"2025-12-27 07:47:57.994"
91;54;"529605";"E280699520004002840565F9";"D40EC130";"";"";"";"";"2025-12-27 07:47:57.994"
91;54;"529606";"E280699520005002840111F5";"050EB730";"";"";"";"";"2025-12-27 07:47:57.994"
91;54;"529607";"E280699520005002840591F5";"610EBB30";"";"";"";"";"2025-12-27 07:47:57.995"
91;54;"529608";"E280699520004002840261F9";"D20E8130";"";"";"";"";"2025-12-27 07:47:57.995"
91;54;"529609";"E2806995200050028400B5FA";"750E7530";"";"";"";"";"2025-12-27 07:47:57.995"
91;54;"529610";"E28069952000400284083DFA";"140E7E30";"";"";"";"";"2025-12-27 07:47:57.995"
91;184;"529615";"E280699520005002840891F8";"F20E8C30";"";"";"";"";"2025-12-27 07:47:58.648"
91;184;"529616";"E2806995200040028405B1FA";"2C0E9530";"";"";"";"";"2025-12-27 07:47:58.648"
91;184;"529618";"E2806995200050028400B9FA";"120E9D30";"";"";"";"";"2025-12-27 07:47:58.648"
91;184;"529619";"E280699520004002840799F8";"F20EA930";"";"";"";"";"2025-12-27 07:47:58.648"
91;184;"529620";"E2806995200040028406E5F4";"D20E8930";"";"";"";"";"2025-12-27 07:47:58.649"
91;32;"529621";"E280699520004002840891F5";"AA0E8F30";"";"";"";"";"2025-12-27 07:47:57.884"
91;32;"529622";"E280699520005002840421F3";"430EB530";"";"";"";"";"2025-12-27 07:47:57.884"
91;32;"529624";"E2806995200050028408A5F3";"150E8430";"";"";"";"";"2025-12-27 07:47:57.884"
91;32;"529625";"E280699520004002840869F2";"750E9130";"";"";"";"";"2025-12-27 07:47:57.884"
91;32;"529626";"E2806995200040028407A1F3";"D60E9830";"";"";"";"";"2025-12-27 07:47:57.884"
91;32;"529627";"E2806995200040028402A1F3";"730E9430";"";"";"";"";"2025-12-27 07:47:57.884"
91;32;"529628";"E28069952000500284071554";"1E0E8730";"";"";"";"";"2025-12-27 07:47:57.884"
91;90;"529632";"E280699520005002840515F3";"020EB830";"";"";"";"";"2025-12-27 07:47:58.198"
91;45;"529633";"E2806995200050028404E9F2";"8D0EBC30";"";"";"";"";"2025-12-27 07:47:57.955"
91;45;"529634";"E28069952000500284069DF3";"5E0E8E30";"";"";"";"";"2025-12-27 07:47:57.955"
91;45;"529636";"E280699520004002840819F3";"9A0EB230";"";"";"";"";"2025-12-27 07:47:57.955"
91;45;"529637";"E28069952000400284029DF3";"080E9730";"";"";"";"";"2025-12-27 07:47:57.955"
91;45;"529638";"E2806995200050028407E9F4";"B60E9E30";"";"";"";"";"2025-12-27 07:47:57.955"
91;45;"529639";"E2806995200040028404A1F3";"430EBD30";"";"";"";"";"2025-12-27 07:47:57.956"
91;45;"529640";"E280699520005002840721F3";"B70E9C30";"";"";"";"";"2025-12-27 07:47:57.956"
91;90;"529641";"E280699520004002840825F3";"880ECD30";"";"";"";"";"2025-12-27 07:47:58.198"
91;174;"529651";"E280699520004002840765F2";"2E0E9B30";"";"";"";"";"2025-12-27 07:47:58.599"
91;174;"529652";"E280699520005002840969F2";"7A0EC930";"";"";"";"";"2025-12-27 07:47:58.599"
91;174;"529653";"E28069952000400284031DF3";"CB0E8B30";"";"";"";"";"2025-12-27 07:47:58.600"
91;174;"529654";"E280699520005002840665F2";"2F0E7830";"";"";"";"";"2025-12-27 07:47:58.600"
91;174;"529655";"E2806995200050028401E5F4";"160E7030";"";"";"";"";"2025-12-27 07:47:58.600"
91;174;"529656";"E2806995200050028408E5F4";"8C0E7730";"";"";"";"";"2025-12-27 07:47:58.600"
91;174;"529657";"E28069952000400284066DF2";"B30EB930";"";"";"";"";"2025-12-27 07:47:58.600"
91;174;"529658";"E2806995200050028403A1F3";"E20E9F30";"";"";"";"";"2025-12-27 07:47:58.600"
91;174;"529661";"E280699520004002840961F2";"4D0E6C30";"";"";"";"";"2025-12-27 07:47:58.601"
91;174;"529662";"E280699520005002840461F2";"BF0EC830";"";"";"";"";"2025-12-27 07:47:58.601"
91;174;"529663";"E280699520005002840495F3";"310EA130";"";"";"";"";"2025-12-27 07:47:58.601"
91;174;"529664";"E280699520004002840115F3";"570EB330";"";"";"";"";"2025-12-27 07:47:58.601"
91;174;"529665";"E2806995200050028406A1F3";"B50E8A30";"";"";"";"";"2025-12-27 07:47:58.601"
91;174;"529666";"E280699520004002840561F4";"EF0E7330";"";"";"";"";"2025-12-27 07:47:58.602"
91;174;"529667";"E2806995200040028400F9F6";"7D0E8530";"";"";"";"";"2025-12-27 07:47:58.602"
91;174;"529668";"E28069952000500284016DF4";"BE0E8030";"";"";"";"";"2025-12-27 07:47:58.602"
91;174;"529669";"E28069952000400284051DF3";"0D0E8330";"";"";"";"";"2025-12-27 07:47:58.602"
91;174;"529670";"E280699520005002840899F5";"370EAF30";"";"";"";"";"2025-12-27 07:47:58.602"
91;82;"529671";"E280699520004002840865F4";"8D0E7130";"";"";"";"";"2025-12-27 07:47:58.160"
91;82;"529672";"E2806995200040028407EDF2";"860E6B30";"";"";"";"";"2025-12-27 07:47:58.160"
91;82;"529673";"E2806995200050028401E9F4";"8E0EC730";"";"";"";"";"2025-12-27 07:47:58.160"
91;18;"529684";"E280699520004002840699F3";"C40EAB30";"";"";"";"";"2025-12-27 07:47:57.809"
91;18;"529685";"E2806995200050028402E9F4";"100E6F30";"";"";"";"";"2025-12-27 07:47:57.810"
91;18;"529686";"E2806995200040028405E9F4";"140E9230";"";"";"";"";"2025-12-27 07:47:57.810"
91;18;"529687";"E28069952000400284079DF3";"F30ECC30";"";"";"";"";"2025-12-27 07:47:57.810"
91;18;"529690";"E280699520004002840725F3";"B40EC030";"";"";"";"";"2025-12-27 07:47:57.810"
91;18;"529691";"E2806995200050028408E9F4";"8F0EA530";"";"";"";"";"2025-12-27 07:47:57.810"
91;18;"529692";"E280699520004002840215F3";"CC0EC230";"";"";"";"";"2025-12-27 07:47:57.810"
91;18;"529693";"E280699520005002840315F3";"640EB630";"";"";"";"";"2025-12-27 07:47:57.811"
91;18;"529694";"E280699520004002840769F2";"2B0E8230";"";"";"";"";"2025-12-27 07:47:57.811"
91;18;"529696";"E28069952000500284041DF3";"A90EBF30";"";"";"";"";"2025-12-27 07:47:57.811"
91;18;"529697";"E2806995200040028401EDF4";"2C0E7C30";"";"";"";"";"2025-12-27 07:47:57.811"
91;18;"529698";"E280699520004002840095F3";"A00E9630";"";"";"";"";"2025-12-27 07:47:57.811"
91;18;"529699";"E2806995200050028407E9F2";"B60ECB30";"";"";"";"";"2025-12-27 07:47:57.813"
91;18;"529700";"E28069952000500284086DF4";"130EAC30";"";"";"";"";"2025-12-27 07:47:57.807"
91;199;"529701";"E28069952000400284078DF8";"61E37C30";"";"";"";"";"2025-12-27 07:47:58.719"
91;199;"529702";"E280699520005002840481F6";"6DE32230";"";"";"";"";"2025-12-27 07:47:58.719"
91;199;"529703";"E28069952000500284058DF7";"83E36430";"";"";"";"";"2025-12-27 07:47:58.719"
91;199;"529704";"E2806995200040028400FDF7";"15E33D30";"";"";"";"";"2025-12-27 07:47:58.720"
91;199;"529705";"E280699520004002840385F7";"4CE37330";"";"";"";"";"2025-12-27 07:47:58.720"
91;199;"529706";"E2806995200050028403FDF6";"FAE34C30";"";"";"";"";"2025-12-27 07:47:58.720"
91;199;"529707";"E280699520004002840385F8";"99E35630";"";"";"";"";"2025-12-27 07:47:58.720"
91;199;"529708";"E280699520004002840795F8";"D4E31D30";"";"";"";"";"2025-12-27 07:47:58.720"
91;199;"529709";"E28069952000500284030DF5";"91E33F30";"";"";"";"";"2025-12-27 07:47:58.720"
91;199;"529710";"E280699520005002840981F7";"26E32B30";"";"";"";"";"2025-12-27 07:47:58.721"
91;199;"529711";"E2806995200040028400F5F6";"F2E34930";"";"";"";"";"2025-12-27 07:47:58.721"
91;199;"529712";"E280699520005002840191F8";"28E33630";"";"";"";"";"2025-12-27 07:47:58.721"
91;199;"529713";"E280699520004002840409F7";"12E32930";"";"";"";"";"2025-12-27 07:47:58.721"
91;199;"529714";"E280699520005002840185F8";"98E34E30";"";"";"";"";"2025-12-27 07:47:58.721"
91;199;"529715";"E280699520004002840405F7";"2EE34F30";"";"";"";"";"2025-12-27 07:47:58.722"
91;199;"529716";"E280699520004002840881F7";"24E33530";"";"";"";"";"2025-12-27 07:47:58.722"
91;199;"529717";"E280699520004002840109F8";"5FE34730";"";"";"";"";"2025-12-27 07:47:58.722"
91;199;"529718";"E280699520004002840809F7";"75E35130";"";"";"";"";"2025-12-27 07:47:58.722"
91;199;"529719";"E280699520004002840481F7";"D2E34430";"";"";"";"";"2025-12-27 07:47:58.722"
91;199;"529720";"E280699520005002840609F7";"D0E32730";"";"";"";"";"2025-12-27 07:47:58.722"
91;199;"529721";"E28069952000500284068DF7";"4FE33C30";"";"";"";"";"2025-12-27 07:47:58.723"
91;199;"529722";"E2806995200040028404FDF6";"99E37630";"";"";"";"";"2025-12-27 07:47:58.723"
91;199;"529723";"E280699520005002840089F5";"30E36530";"";"";"";"";"2025-12-27 07:47:58.723"
91;199;"529725";"E280699520005002840815F8";"73E37D30";"";"";"";"";"2025-12-27 07:47:58.723"
91;199;"529726";"E280699520004002840705F7";"7AE36030";"";"";"";"";"2025-12-27 07:47:58.723"
91;199;"529727";"E280699520005002840901F6";"A0E33A30";"";"";"";"";"2025-12-27 07:47:58.724"
91;199;"529728";"E280699520005002840499F5";"B2E37030";"";"";"";"";"2025-12-27 07:47:58.724"
91;199;"529730";"E280699520004002840089F7";"EDE34030";"";"";"";"";"2025-12-27 07:47:58.724"
91;199;"529731";"E280699520005002840701F7";"41E34D30";"";"";"";"";"2025-12-27 07:47:58.724"
91;201;"529741";"E280699520005002840375F6";"F9E33730";"";"";"";"";"2025-12-27 07:47:58.731"
91;201;"529742";"E280699520005002840205F5";"3CE31C30";"";"";"";"";"2025-12-27 07:47:58.731"
91;201;"529743";"E280699520004002840695F5";"D5E36130";"";"";"";"";"2025-12-27 07:47:58.731"
91;89;"529744";"E2806995200050028401F5F6";"91E35B30";"";"";"";"";"2025-12-27 07:47:58.195"
91;201;"529745";"E280699520005002840885F7";"16E36630";"";"";"";"";"2025-12-27 07:47:58.731"
91;201;"529746";"E28069952000500284080DF7";"29E35430";"";"";"";"";"2025-12-27 07:47:58.732"
91;201;"529751";"E280699520005002840291F8";"DAE33B30";"";"";"";"";"2025-12-27 07:47:58.732"
91;201;"529752";"E280699520005002840681F7";"16E36E30";"";"";"";"";"2025-12-27 07:47:58.732"
91;100;"529783";"E280699520005002840391F5";"42E33E30";"";"";"";"";"2025-12-27 07:47:58.246"
91;100;"529784";"E280699520005002840285F7";"79E34630";"";"";"";"";"2025-12-27 07:47:58.246"
91;100;"529785";"E28069952000400284078DF7";"71E36B30";"";"";"";"";"2025-12-27 07:47:58.247"
91;100;"529786";"E28069952000500284093163";"76E35530";"";"";"";"";"2025-12-27 07:47:58.247"
91;6;"529801";"E28069952000500284076DF2";"0315C430";"";"";"";"";"2025-12-27 07:47:57.747"
91;6;"529802";"E280699520005002840811F5";"1415AC30";"";"";"";"";"2025-12-27 07:47:57.747"
91;6;"529803";"E280699520005002840851FB";"FB15D430";"";"";"";"";"2025-12-27 07:47:57.748"
91;6;"529804";"E280699520004002840701F6";"5A15D230";"";"";"";"";"2025-12-27 07:47:57.748"
91;6;"529805";"E280699520005002840799F5";"1315AB30";"";"";"";"";"2025-12-27 07:47:57.748"
91;6;"529806";"E280699520005002840871F9";"B015AE30";"";"";"";"";"2025-12-27 07:47:57.748"
91;6;"529808";"E280699520005002840469F9";"6B15C930";"";"";"";"";"2025-12-27 07:47:57.748"
91;6;"529809";"E2806995200050028403ADFA";"72158C30";"";"";"";"";"2025-12-27 07:47:57.749"
91;6;"529810";"E2806995200050028404E9F4";"6F158930";"";"";"";"";"2025-12-27 07:47:57.749"
91;6;"529811";"E2806995200040028407C9FB";"2215B330";"";"";"";"";"2025-12-27 07:47:57.749"
91;6;"529812";"E280699520005002840769F9";"07159730";"";"";"";"";"2025-12-27 07:47:57.749"
91;6;"529813";"E280699520005002840139FA";"5315E330";"";"";"";"";"2025-12-27 07:47:57.749"
91;6;"529814";"E280699520005002840505F8";"F815BD30";"";"";"";"";"2025-12-27 07:47:57.750"
91;6;"529815";"E2806995200050028405EDF4";"AC15D330";"";"";"";"";"2025-12-27 07:47:57.750"
91;162;"529819";"E280699520005002840761F4";"0A15C030";"";"";"";"";"2025-12-27 07:47:58.550"
91;162;"529821";"E280699520004002840175F6";"3415A430";"";"";"";"";"2025-12-27 07:47:58.550"
91;162;"529822";"E2806995200040028400E5F4";"C315D630";"";"";"";"";"2025-12-27 07:47:58.550"
91;162;"529823";"E2806995200050028402AD5D";"0E15A530";"";"";"";"";"2025-12-27 07:47:58.551"
91;162;"529824";"E280699520004002840869F4";"C615A930";"";"";"";"";"2025-12-27 07:47:58.551"
91;162;"529825";"E280699520005002840569F4";"FB15BC30";"";"";"";"";"2025-12-27 07:47:58.551"
91;162;"529826";"E280699520004002840731FA";"3F15E030";"";"";"";"";"2025-12-27 07:47:58.551"
91;162;"529827";"E28069952000400284067DF6";"A115DE30";"";"";"";"";"2025-12-27 07:47:58.551"
91;162;"529828";"E28069952000400284061DF3";"DC15E430";"";"";"";"";"2025-12-27 07:47:58.551"
91;162;"529829";"E280699520005002840919F3";"76158430";"";"";"";"";"2025-12-27 07:47:58.552"
91;162;"529830";"E2806995200050028407E5F4";"9515DB30";"";"";"";"";"2025-12-27 07:47:58.552"
91;162;"529831";"E280699520004002840105F7";"BA158B30";"";"";"";"";"2025-12-27 07:47:58.552"
91;162;"529832";"E2806995200050028406E1F4";"6A15C830";"";"";"";"";"2025-12-27 07:47:58.552"
91;162;"529833";"E280699520005002840679F6";"6715B030";"";"";"";"";"2025-12-27 07:47:58.552"
91;162;"529834";"E280699520005002840369F4";"5A159C30";"";"";"";"";"2025-12-27 07:47:58.552"
91;162;"529835";"E280699520004002840589F7";"D615D830";"";"";"";"";"2025-12-27 07:47:58.552"
91;162;"529836";"E280699520005002840919F5";"BC15B930";"";"";"";"";"2025-12-27 07:47:58.553"
91;162;"529837";"E2806995200050028404E1F9";"F015C530";"";"";"";"";"2025-12-27 07:47:58.553"
91;162;"529838";"E2806995200050028407E5F2";"C215A730";"";"";"";"";"2025-12-27 07:47:58.553"
91;162;"529839";"E2806995200050028402F5F6";"F1158A30";"";"";"";"";"2025-12-27 07:47:58.553"
91;189;"529850";"E280699520005002840295F3";"BC15B130";"";"";"";"";"2025-12-27 07:47:58.671"
91;189;"529852";"E280699520004002840661F2";"3515CC30";"";"";"";"";"2025-12-27 07:47:58.671"
91;189;"529854";"E280699520005002840619F3";"78159430";"";"";"";"";"2025-12-27 07:47:58.671"
91;189;"529855";"E2806995200040028409E967";"5815A630";"";"";"";"";"2025-12-27 07:47:58.671"
91;189;"529856";"E280699520004002840915F8";"7215B630";"";"";"";"";"2025-12-27 07:47:58.672"
91;189;"529857";"E28069952000500284021DF3";"EE15C730";"";"";"";"";"2025-12-27 07:47:58.672"
91;189;"529858";"E280699520005002840899F3";"4915D530";"";"";"";"";"2025-12-27 07:47:58.672"
91;189;"529859";"E2806995200040028403E9F2";"5815DD30";"";"";"";"";"2025-12-27 07:47:58.672"
91;124;"529860";"E28069952000500284071DF3";"47158330";"";"";"";"";"2025-12-27 07:47:58.380"
91;124;"529861";"E280699520005002840365F4";"F015D930";"";"";"";"";"2025-12-27 07:47:58.381"
91;124;"529863";"E2806995200040028405E5F2";"F115A230";"";"";"";"";"2025-12-27 07:47:58.381"
91;124;"529865";"E2806995200050028406E1F2";"0A159F30";"";"";"";"";"2025-12-27 07:47:58.381"
91;54;"529872";"E280699520005002840925F3";"6015C330";"";"";"";"";"2025-12-27 07:47:58.013"
91;54;"529873";"E280699520004002840599F3";"2E15AF30";"";"";"";"";"2025-12-27 07:47:58.013"
91;54;"529874";"E280699520005002840161F4";"9415BB30";"";"";"";"";"2025-12-27 07:47:58.014"
91;54;"529875";"E28069952000400284089DF5";"2B15D030";"";"";"";"";"2025-12-27 07:47:58.014"
91;54;"529876";"E280699520004002840975F4";"E2158D30";"";"";"";"";"2025-12-27 07:47:58.014"
91;54;"529877";"E2806995200040028407EDF4";"6D15CF30";"";"";"";"";"2025-12-27 07:47:58.014"
91;84;"529878";"E2806995200050028406EDF4";"0715A330";"";"";"";"";"2025-12-27 07:47:58.172"
91;84;"529879";"E2806995200040028401A1F3";"58159A30";"";"";"";"";"2025-12-27 07:47:58.172"
91;174;"529881";"E2806995200050028404E5F2";"6B15CB30";"";"";"";"";"2025-12-27 07:47:58.602"
91;174;"529882";"E2806995200040028405C162";"6E15C630";"";"";"";"";"2025-12-27 07:47:58.602"
91;174;"529883";"E28069952000400284006158";"1E159630";"";"";"";"";"2025-12-27 07:47:58.603"
91;174;"529884";"E280699520004002840589F8";"38159E30";"";"";"";"";"2025-12-27 07:47:58.603"
91;174;"529885";"E2806995200040028407E1F4";"55159130";"";"";"";"";"2025-12-27 07:47:58.603"
91;174;"529886";"E28069952000400284096DF2";"9F15CD30";"";"";"";"";"2025-12-27 07:47:58.603"
91;174;"529887";"E2806995200050028407EDF9";"5515CE30";"";"";"";"";"2025-12-27 07:47:58.603"
91;174;"529888";"E28069952000500284017DF6";"F415C130";"";"";"";"";"2025-12-27 07:47:58.603"
91;100;"529892";"E2806995200050028401F9F6";"3115B530";"";"";"";"";"2025-12-27 07:47:58.247"
91;100;"529893";"E28069952000500284086DF2";"0815E230";"";"";"";"";"2025-12-27 07:47:58.247"
91;100;"529894";"E280699520004002840621F3";"AE159930";"";"";"";"";"2025-12-27 07:47:58.247"
91;100;"529896";"E280699520004002840409F8";"9A158E30";"";"";"";"";"2025-12-27 07:47:58.247"
91;72;"529900";"E280699520005002840085F5";"62159230";"";"";"";"";"2025-12-27 07:47:58.105"
91;103;"529901";"E28069952000500284086D58";"CB0D6230";"";"";"";"";"2025-12-27 07:47:58.255"
91;103;"529903";"E280699520004002840165F4";"250D7A30";"";"";"";"";"2025-12-27 07:47:58.255"
91;103;"529904";"E2806995200040028409B55E";"0F0D5A30";"";"";"";"";"2025-12-27 07:47:58.255"
91;103;"529905";"E28069952000500284040D64";"920D9930";"";"";"";"";"2025-12-27 07:47:58.256"
91;103;"529908";"E28069952000400284017DF7";"040D7930";"";"";"";"";"2025-12-27 07:47:58.256"
91;103;"529909";"E2806995200040028405F5F6";"2B0D4F30";"";"";"";"";"2025-12-27 07:47:58.256"
91;103;"529910";"E280699520005002840195F3";"320D7130";"";"";"";"";"2025-12-27 07:47:58.256"
91;103;"529912";"E280699520005002840805F6";"EB0D5730";"";"";"";"";"2025-12-27 07:47:58.256"
91;103;"529913";"E2806995200050028400FDF6";"120D8230";"";"";"";"";"2025-12-27 07:47:58.256"
91;103;"529914";"E280699520004002840561F2";"450D5D30";"";"";"";"";"2025-12-27 07:47:58.256"
91;103;"529915";"E2806995200050028407E957";"E70D3E30";"";"";"";"";"2025-12-27 07:47:58.257"
91;103;"529916";"E280699520004002840615F8";"C60D4B30";"";"";"";"";"2025-12-27 07:47:58.257"
91;103;"529917";"E2806995200050028405A1F3";"D40D6C30";"";"";"";"";"2025-12-27 07:47:58.257"
91;103;"529918";"E28069952000400284049DF3";"FE0D6030";"";"";"";"";"2025-12-27 07:47:58.257"
91;103;"529919";"E280699520005002840221F3";"870D5F30";"";"";"";"";"2025-12-27 07:47:58.257"
91;103;"529920";"E280699520005002840969F4";"7B0D8330";"";"";"";"";"2025-12-27 07:47:58.257"
91;103;"529921";"E280699520005002840105F5";"DA0D8630";"";"";"";"";"2025-12-27 07:47:58.257"
91;103;"529922";"E280699520004002840119F3";"A70D6730";"";"";"";"";"2025-12-27 07:47:58.258"
91;103;"529923";"E2806995200040028408EDF4";"D30D5E30";"";"";"";"";"2025-12-27 07:47:58.258"
91;103;"529924";"E280699520005002840669F2";"B80D6B30";"";"";"";"";"2025-12-27 07:47:58.258"
91;103;"529925";"E2806995200050028403E1F4";"4A0D9D30";"";"";"";"";"2025-12-27 07:47:58.258"
91;103;"529926";"E280699520005002840101F7";"A90D5030";"";"";"";"";"2025-12-27 07:47:58.258"
91;103;"529928";"E280699520005002840611F8";"CB0D4330";"";"";"";"";"2025-12-27 07:47:58.258"
91;103;"529929";"E2806995200040028403C15E";"660D5630";"";"";"";"";"2025-12-27 07:47:58.258"
91;103;"529930";"E2806995200040028402ED58";"540DA030";"";"";"";"";"2025-12-27 07:47:58.259"
91;103;"529931";"E28069952000400284030DF8";"EB0D8E30";"";"";"";"";"2025-12-27 07:47:58.259"
91;103;"529932";"E2806995200050028405C155";"620D8C30";"";"";"";"";"2025-12-27 07:47:58.259"
91;103;"529933";"E2806995200050028406FDF6";"710D5530";"";"";"";"";"2025-12-27 07:47:58.259"
91;103;"529934";"E280699520004002840389F7";"650D6330";"";"";"";"";"2025-12-27 07:47:58.259"
91;103;"529935";"E280699520004002840719F5";"9D0D9830";"";"";"";"";"2025-12-27 07:47:58.259"
91;103;"529936";"E280699520005002840199F3";"500D4030";"";"";"";"";"2025-12-27 07:47:58.259"
91;196;"529948";"E2806995200040028408EDF2";"8B0D9730";"";"";"";"";"2025-12-27 07:47:58.707"
91;196;"529949";"E28069952000400284088556";"DE0D6630";"";"";"";"";"2025-12-27 07:47:58.707"
91;196;"529950";"E280699520005002840699F8";"A50D7C30";"";"";"";"";"2025-12-27 07:47:58.707"
91;196;"529951";"E280699520004002840691F8";"0F0D7730";"";"";"";"";"2025-12-27 07:47:58.708"
91;196;"529952";"E2806995200040028402E1F4";"4B0D9130";"";"";"";"";"2025-12-27 07:47:58.708"
91;196;"529953";"E280699520004002840295F1";"2E0D4A30";"";"";"";"";"2025-12-27 07:47:58.708"
91;196;"529954";"E280699520005002840695F1";"D90D5B30";"";"";"";"";"2025-12-27 07:47:58.708"
91;196;"529955";"E2806995200040028402E1F2";"D40D7630";"";"";"";"";"2025-12-27 07:47:58.708"
91;196;"529956";"E2806995200050028402A1F1";"990D8B30";"";"";"";"";"2025-12-27 07:47:58.708"
91;196;"529957";"E280699520004002840899F1";"170D8D30";"";"";"";"";"2025-12-27 07:47:58.709"
91;196;"529958";"E280699520004002840721F1";"9F0D7430";"";"";"";"";"2025-12-27 07:47:58.709"
91;196;"529959";"E28069952000400284059DF1";"E60D7530";"";"";"";"";"2025-12-27 07:47:58.709"
91;196;"529960";"E28069952000500284091DF1";"8A0D8830";"";"";"";"";"2025-12-27 07:47:58.709"
91;196;"529961";"E2806995200040028405A1F1";"5C0D9330";"";"";"";"";"2025-12-27 07:47:58.709"
91;196;"529962";"E280699520005002840699F1";"7E0D5830";"";"";"";"";"2025-12-27 07:47:58.710"
91;100;"529963";"E2806995200040028400A1F1";"0B0D6930";"";"";"";"";"2025-12-27 07:47:58.245"
91;100;"529964";"E28069952000500284031DF1";"120D6830";"";"";"";"";"2025-12-27 07:47:58.245"
91;100;"529965";"E280699520004002840919F1";"840D7D30";"";"";"";"";"2025-12-27 07:47:58.246"
91;100;"529966";"E2806995200050028408A1F1";"310D8530";"";"";"";"";"2025-12-27 07:47:58.246"
91;100;"529967";"E28069952000500284015DF2";"A90D4D30";"";"";"";"";"2025-12-27 07:47:58.246"
91;100;"529968";"E280699520004002840615F1";"BF0D9A30";"";"";"";"";"2025-12-27 07:47:58.246"
91;100;"529969";"E2806995200050028404A1F1";"AB0D5130";"";"";"";"";"2025-12-27 07:47:58.246"
91;178;"529970";"E280699520005002840161F2";"B60D9B30";"";"";"";"";"2025-12-27 07:47:58.618"
91;73;"529982";"E280699520004002840421F1";"5A0D5230";"";"";"";"";"2025-12-27 07:47:58.114"
91;73;"529983";"E280699520005002840419F1";"7E0D4630";"";"";"";"";"2025-12-27 07:47:58.114"
91;73;"529984";"E2806995200050028407A1F1";"3A0D4C30";"";"";"";"";"2025-12-27 07:47:58.114"
91;73;"529985";"E280699520005002840819F1";"270D8430";"";"";"";"";"2025-12-27 07:47:58.115"
91;73;"529986";"E280699520005002840369F2";"DF0D7F30";"";"";"";"";"2025-12-27 07:47:58.115"
91;73;"529987";"E2806995200040028402DDF2";"FC0D6430";"";"";"";"";"2025-12-27 07:47:58.115"
91;73;"529988";"E2806995200040028400E5F2";"880D6530";"";"";"";"";"2025-12-27 07:47:58.115"
91;73;"529989";"E280699520005002840219F1";"1D0D7E30";"";"";"";"";"2025-12-27 07:47:58.115"
91;73;"529990";"E2806995200040028404E1F2";"420D9230";"";"";"";"";"2025-12-27 07:47:58.115"
91;73;"529992";"E28069952000500284051DF1";"860D9030";"";"";"";"";"2025-12-27 07:47:58.116"
91;73;"529994";"E280699520005002840715F1";"290D5430";"";"";"";"";"2025-12-27 07:47:58.116"
91;73;"529995";"E2806995200040028408E5F0";"5B0D9530";"";"";"";"";"2025-12-27 07:47:58.116"
91;73;"529996";"E2806995200040028401DDF2";"C80D4930";"";"";"";"";"2025-12-27 07:47:58.116"
91;73;"529997";"E280699520004002840195F1";"2C0D4230";"";"";"";"";"2025-12-27 07:47:58.116"
91;73;"529998";"E280699520004002840495F1";"BB0D5330";"";"";"";"";"2025-12-27 07:47:58.117"
91;73;"529999";"E2806995200050028400E1F2";"E20D4530";"";"";"";"";"2025-12-27 07:47:58.117"
